part,index,Report,Weighted_SFT_Factuality,DPO_Factuality,Difference,DPO_Type
01,1,"# CLINICAL PATIENT REPORT

## 1) RESPIRATORY
a) How this affects the patient: N/A
b) How this affects others with the syndrome: Around 20-40% of people with KBG syndrome are reported to have seizures, of varying types. Seizures typically respond to the usual antiepileptic treatments. In a small number of cases, epilepsy can be difficult to treat.

## 2) CARDIOLOGY
a) How this affects the patient: The cardiologist found a structural abnormality in the patient's heart. They recommend regular check-ups to monitor the condition and ensure it doesn't affect the patient's daily life.
b) How this affects others with the syndrome: Around 38% of people with KBG syndrome have heart conditions, including changes to the heart valves, holes in the heart chambers, and structural abnormalities. A few require surgery, while some just need monitoring.

## 3) GASTROENTEROLOGY
a) How this affects the patient: Our son gains weight slowly compared to his peers, and he eats well without showing signs of discomfort after eating. However, he doesn't seem to put on weight as quickly as other kids his age.
b) How this affects others with the syndrome: Around 20-40% of people with KBG syndrome are reported to have seizures, of varying types. Seizures typically respond to the usual antiepileptic treatments. In a small number of cases, epilepsy can be difficult to treat.

## 4) IMMUNOLOGY
a) How this affects the patient: N/A
b) How this affects others with the syndrome: N/A

## 5) NEUROLOGY
a) How this affects the patient: The patient has a brain-related issue, specifically a tethered cord, which could potentially affect his development. Doctors are keeping a close eye on how he progresses.
b) How this affects others with the syndrome: Around 38% of people with KBG syndrome have brain-related issues, specifically a tethered cord, which could potentially affect their development.

## 6) EAR NOSE THROAT
a) How this affects the patient: Our son experiences feeding difficulties and requires short-term nasogastric tube feeding to supplement oral feeds. Lack of interest in feeding can be significant and long-lasting.
b) How this affects others with the syndrome: Around 20-40% of people with KBG syndrome have feeding difficulties, requiring short-term nasogastric tube feeding to supplement oral feeds.

## 7) OPHTHALMOLOGY AND VISION
a) How this affects the patient: Our son has scoliosis, and we're working with physical therapy to help improve his posture and reduce the curvature of his spine.
b) How this affects others with the syndrome: Around 20-40% of people with KBG syndrome have scoliosis.

## 8) DERMATOLOGY
a) How this affects the patient: N/A
b) How this affects others with the syndrome: N/A

## 9) DENTAL
a) How this affects the patient: Our son experiences tooth sensitivity when eating cold foods like ice cream or cold yogurt.
b) How this affects others with the syndrome: Around 20-40% of people with KBG syndrome experience tooth sensitivity.

## 10) EDUCATION
a) How this affects the patient: Our son needs extra help in school, though most go to a mainstream primary school. The extra demands of mainstream secondary school may prove too challenging, and he may transfer to special schooling or remain in mainstream schools with Educational Health Care Plans (EHCP).
b) How this affects others with the syndrome: Around 20-40% of people with KBG syndrome need extra help in school, though most go to a mainstream primary school.

## 11) BEHAVIOUR AND DEVELOPMENT
a) How this affects the patient: Our son has behavioral differences such as autism spectrum disorder (ASD), attention deficit hyperactivity disorder (ADHD), or anxiety. Medication(s) may be appropriate in some circumstances.
b) How this affects others with the syndrome: Around 20-40% of people with KBG syndrome have behavioral differences, such as autism spectrum disorder (ASD), attention deficit hyperactivity disorder (ADHD), or anxiety.

## 12) SKELETAL
a) How this affects the patient: Our son has scoliosis, and we're working with physical therapy to help improve his posture and reduce the curvature of his spine.
b) How this affects others with the syndrome: Around 20-40% of people with KBG syndrome have scoliosis.

## 13) RECOMMENDATIONS FOR SCREENING AND TREATMENTS
a) Regular dental check-ups: Our son experiences tooth sensitivity when eating cold foods like ice cream or cold yogurt.
b) Regular hearing reviews to age 5: Even if earlier reviews give a clear response, regular hearing reviews to age 5 are recommended.
c) Eyesight (ophthalmology) review: Regular eye checks are recommended to monitor vision.
d) Check position of testes in boys: Regular examination of the testes position is advised.
e) Consider a palate review: Particularly if there are feeding difficulties or speech concerns.
f) Referral for a cardiac review (including echo and ECG): Following diagnosis, a cardiac review is recommended.
g) If nothing is found (or already done) this does not need to be repeated.
h) Consider a skeletal review (X-ray of the wrist (to determine bone age), hip, spine and skull): Children following diagnosis should undergo a skeletal review.
i) Any concerns around asymmetric hip creases in infancy and/or asymmetric or painful gait should prompt medical review.
j) Consider review and investigation for tethered cord (MRI) where clinical concerns arise on an individual basis (especially if sacral dimple is present).
k) Monitor growth velocity: If height is below the 2nd centile, refer for endocrine investigations on an individual basis and within context of familial heights.
l) Consider physiotherapy, occupational therapy, speech therapy and behavioural therapy: Regular assessments and interventions are recommended based on the patient's needs.",0.7013,0.6168,-0.08450000000000002,Estimated
01,2,"# CLINICAL PATIENT REPORT

## 1) RESPIRATORY
a) How this affects the patient: N/A
b) How this affects others with the syndrome: N/A

## 2) CARDIOLOGY
a) How this affects the patient: The patient experiences a heart valve issue, as mentioned by the doctor.
b) How this affects others with the syndrome: Around 38% of people with KBG syndrome have heart conditions, including changes to the heart valves, holes in the heart chambers, and structural changes.

## 3) GASTROENTEROLOGY
a) How this affects the patient: The patient shows difficulty in eating textures, preferring softer foods.
b) How this affects others with the syndrome: Around 20-40% of people with KBG syndrome experience hearing issues, particularly recurrent otitis media or glue ear, leading to conductive hearing loss.

## 4) IMMUNOLOGY
a) How this affects the patient: N/A
b) How this affects others with the syndrome: N/A

## 5) NEUROLOGY
a) How this affects the patient: The patient experiences fatigue easily, especially when playing or running around.
b) How this affects others with the syndrome: Around 20-40% of people with KBG syndrome experience hearing issues, particularly recurrent otitis media or glue ear, leading to conductive hearing loss.

## 6) EAR NOSE THROAT
a) How this affects the patient: The patient experiences occasional squinting and potential vision problems, as mentioned by the parent.
b) How this affects others with the syndrome: Around 20-40% of people with KBG syndrome experience hearing issues, particularly recurrent otitis media or glue ear, leading to conductive hearing loss.

## 7) OPHTHALMOLOGY AND VISION
a) How this affects the patient: The patient experiences squinting and potential vision problems, as mentioned by the parent.
b) How this affects others with the syndrome: Around 20-40% of people with KBG syndrome experience hearing issues, particularly recurrent otitis media or glue ear, leading to conductive hearing loss.

## 8) DERMATOLOGY
a) How this affects the patient: N/A
b) How this affects others with the syndrome: N/A

## 9) DENTAL
a) How this affects the patient: The patient requires frequent dental visits due to various tooth-related issues.
b) How this affects others with the syndrome: Around 20-40% of people with KBG syndrome experience hearing issues, particularly recurrent otitis media or glue ear, leading to conductive hearing loss.

## 10) EDUCATION
a) How this affects the patient: The patient appears to be behind in developmental milestones, specifically regarding rolling, sitting, walking, playing with toys, using cutlery, using zips and buttons, and toilet training.
b) How this affects others with the syndrome: Around 20-40% of people with KBG syndrome experience hearing issues, particularly recurrent otitis media or glue ear, leading to conductive hearing loss.

## 11) BEHAVIOUR AND DEVELOPMENT
a) How this affects the patient: The patient exhibits behavioral differences, such as autism spectrum disorder (ASD), ADHD, or anxiety, as mentioned by the parent.
b) How this affects others with the syndrome: Around 20-40% of people with KBG syndrome experience hearing issues, particularly recurrent otitis media or glue ear, leading to conductive hearing loss.

## 12) SKELETAL
a) How this affects the patient: The patient has an unusual structure of their spinal bones, giving rise to an increased curvature of the spine (scoliosis), as mentioned by the parent.
b) How this affects others with the syndrome: Around 38% of people with KBG syndrome have heart conditions, including changes to the heart valves, holes in the heart chambers, and structural changes.

## 13) RECOMMENDATIONS FOR SCREENING AND TREATMENTS
a) Screening for hearing issues: Regular hearing reviews to age 5 (even if earlier reviews give a clear response).
b) Screening for vision issues: Ophthalmology review.
c) Screening for heart valve issues: Cardiac review (including echo and ECG).
d) Screening for testicular descent: Consider a testicular examination.
e) Screening for palatal issues: Palate review (particularly if there are feeding difficulties or speech concerns).
f) Screening for tethered cord: MRI of the spinal cord (considered if sacral dimple is present).

This report summarizes the key findings and implications based on the patient's presentation and the provided clinical reference guidelines. The report includes sections for respiratory, cardiovascular, gastrointestinal, immunological, neurological, ENT, dermatological, dental, educational, behavioral, skeletal, and treatment recommendations. The report highlights the unique challenges faced by the patient, such as hearing issues, vision problems, and developmental delays, while also noting the prevalence of similar issues among people with KBG syndrome. The report concludes with screening and treatment recommendations tailored to address the patient's specific needs.",0.74,0.6111000000000001,-0.1288999999999999,Estimated
01,4,"# CLINICAL PATIENT REPORT

## 1) RESPIRATORY
a) How this affects the patient: N/A
b) How this affects others with the syndrome: N/A

## 2) CARDIOLOGY
a) How this affects the patient: The patient struggles to keep up with prolonged physical activities due to a heart condition that affects his endurance.
b) How this affects others with the syndrome: Around 38% of people with KBG syndrome have heart conditions, including changes to the heart valves, holes in the heart chambers, and structural changes. A few require surgery, while some just need monitoring.

## 3) GASTROENTEROLOGY
a) How this affects the patient: The patient experienced feeding difficulties and required short-term nasogastric tube feeding to supplement oral feeds.
b) How this affects others with the syndrome: Around 20-40% of people with KBG syndrome have seizures, and around 38% have heart conditions.

## 4) IMMUNOLOGY
a) How this affects the patient: N/A
b) How this affects others with the syndrome: N/A

## 5) NEUROLOGY
a) How this affects the patient: The patient experiences epilepsy and requires medication to manage his seizures.
b) How this affects others with the syndrome: Around 38% of people with KBG syndrome have heart conditions, including changes to the heart valves, holes in the heart chambers, and structural changes. A few require surgery, while some just need monitoring.

## 6) EAR NOSE THROAT
a) How this affects the patient: The patient has difficulty feeding properly, which caused concern at the time.
b) How this affects others with the syndrome: Around 20-40% of people with KBG syndrome have seizures, and around 38% have heart conditions.

## 7) OPHTHALMOLOGY AND VISION
a) How this affects the patient: The patient experiences vision problems such as astigmatism, short- or long-sightedness, squint, and hearing loss.
b) How this affects others with the syndrome: Around 38% of people with KBG syndrome have heart conditions, including changes to the heart valves, holes in the heart chambers, and structural changes. A few require surgery, while some just need monitoring.

## 8) DERMATOLOGY
a) How this affects the patient: N/A
b) How this affects others with the syndrome: N/A

## 9) DENTAL
a) How this affects the patient: The patient needs to visit the dentist frequently for check-ups and treatments to prevent further complications.
b) How this affects others with the syndrome: Around 20-40% of people with KBG syndrome have seizures, and around 38% have heart conditions.

## 10) EDUCATION
a) How this affects the patient: The patient's educational attainment varies, with some staying in mainstream education and obtaining qualifications, while others require more support and some benefit from a specialist setting.
b) How this affects others with the syndrome: Around 38% of people with KBG syndrome have heart conditions, including changes to the heart valves, holes in the heart chambers, and structural changes. A few require surgery, while some just need monitoring.

## 11) BEHAVIOUR AND DEVELOPMENT
a) How this affects the patient: The patient experiences behavioral differences such as autism spectrum disorder (ASD), ADHD, and anxiety.
b) How this affects others with the syndrome: Around 38% of people with KBG syndrome have heart conditions, including changes to the heart valves, holes in the heart chambers, and structural changes. A few require surgery, while some just need monitoring.

## 12) SKELETAL
a) How this affects the patient: The patient has an unusual structure of their spinal bones, giving rise to an increased curvature of the spine (scoliosis), and short fingers with a curvature of the 5th fingers (clinodactyly).
b) How this affects others with the syndrome: Around 38% of people with KBG syndrome have heart conditions, including changes to the heart valves, holes in the heart chambers, and structural changes. A few require surgery, while some just need monitoring.

## 13) RECOMMENDATIONS FOR SCREENING AND TREATMENTS
a) Screen for seizures: Around 20-40% of people with KBG syndrome have seizures, and around 38% have heart conditions. Treatments vary depending on the type of seizure and the severity of the condition.
b) Screen for hearing: Around 38% of people with KBG syndrome have heart conditions, including changes to the heart valves, holes in the heart chambers, and structural changes. A few require surgery, while some just need monitoring.
c) Screen for vision: Around 38% of people with KBG syndrome have heart conditions, including changes to the heart valves, holes in the heart chambers, and structural changes. A few require surgery, while some just need monitoring.
d) Screen for heart: Around 38% of people with KBG syndrome have heart conditions, including changes to the heart valves, holes in the heart chambers, and structural changes. A few require surgery, while some just need monitoring.
e) Screen for epilepsy: Around 38% of people with KBG syndrome have heart conditions, including changes to the heart valves, holes in the heart chambers, and structural changes. A few require surgery, while some just need monitoring.
f) Screen for hormonal imbalances: N/A
g) Screen for neurological problems: N/A
h) Screen for kidney problems: N/A
i) Screen for immune system problems: N/A
j) Screen for gastrointestinal problems: Around 20-40% of people with KBG syndrome have seizures, and around 38% have heart conditions. Treatments vary depending on the type of seizure and the severity of the condition.
k) Screen for cardiovascular problems: Around 38% of people with KBG syndrome have heart conditions, including changes to the heart valves, holes in the heart chambers, and structural changes. A few require surgery, while some just need monitoring.
l) Screen for orthopedic problems: Around 38% of people with KBG syndrome have heart conditions, including changes to the heart valves, holes in the heart chambers, and structural changes. A few require surgery, while some just need monitoring.
m) Screen for dental problems: Around 20-40% of people with KBG syndrome have seizures, and around 38% have heart conditions. Treatments vary depending on the type of seizure and the severity of the condition.
n) Screen for feeding problems: Around 20-40% of people with KBG syndrome have seizures, and around 38% have heart conditions. Treatments vary depending on the type of seizure and the severity of the condition.
o) Screen for cardiac problems: Around 38% of people with KBG syndrome have heart conditions, including changes to the heart valves, holes in the heart chambers, and structural changes. A few require surgery, while some just need monitoring.
p) Screen for palatal problems: Around 38% of people with KBG syndrome have heart conditions, including changes to the heart valves, holes in the heart chambers, and structural changes. A few require surgery, while some just need monitoring.
q) Screen for hearing problems: Around 38% of people with KBG syndrome have heart conditions, including changes to the heart valves, holes in the heart chambers, and structural changes. A few require surgery, while some just need monitoring.
r) Screen for thyroid problems: N/A
s) Screen for nutritional deficiencies: N/A
t) Screen for vitamin deficiencies: N/A
u) Screen for metabolic disorders: N/A
v) Screen for autoimmune diseases: N/A
w) Screen for psychological disorders: N/A
x) Screen for social/emotional issues: N/A
y) Screen for cognitive impairments: N/A
z) Screen for intellectual disabilities: N/A
AA = Anterior Fontanelle
AAC = Anterior Abducens Canal
ABCD = Anterior Bifurcation of the Cervix
AC = Anomalous Circulation
ADHD = Attention Deficit Hyperactivity Disorder
AE = Anterior Epicanthal Folds
AF = Anterior Fontanelle
AG = Anterior Gonial Angle
AH = Anterior Hip Joint
AI = Anterior Iliac Spine
AM = Anterior Mandibular Process
AN = Anterior Nasal Tip
AO = Anterior Orbit
AP = Anterior Palatine Process
AR = Anterior Rhinion
AS = Anterior Superior Tibial Process
AU = Anterior Ulnar Process
AV = Anterior Ventricles
AW = Anterior Wing
AX = Axillary Nerve
AY = Angular Yolk
AZ = Azimuth
BA = Basilar Aphakia
BC = Bilateral Cleft Lip
BD = Bilateral Cleft Palate
BE = Bilateral Encephalocele
BF = Bilateral Frontal Fissure
BG = Bilateral Glottic Stenosis
BH = Bilateral Heterotopic Ossification
BI = Bilateral Internal Carotid Artery
BJ = Bilateral Juxtaorbital Abscess
BK = Bilateral Kallmann Syndrome
BL = Bilateral Laryngotracheal Distortion
BM = Bilateral Mucocutaneous Proliferative Disease
BN = Bilateral Neurofibromatosis Type 2
BO = Bilateral Optic Atrophy
BP = Bilateral Postauricular Abscess
BR = Bilateral Ret",0.4034,0.4435,0.040100000000000025,Estimated
01,10,"# CLINICAL PATIENT REPORT

## 1) RESPIRATORY
a) How this affects the patient: N/A
b) How this affects others with the syndrome: N/A

## 2) CARDIOLOGY
a) How this affects the patient: The patient experiences a structural heart abnormality that requires ongoing monitoring.
b) How this affects others with the syndrome: Around 38% of people with KBG syndrome have heart conditions, including changes to the heart valves, holes in the heart chambers, and structural changes.

## 3) GASTROENTEROLOGY
a) How this affects the patient: The patient experiences bowel problems, requiring occasional supplementation with nasogastric tube feeding.
b) How this affects others with the syndrome: Around 20-40% of people with KBG syndrome experience seizures, and around 38% have heart conditions.

## 4) IMMUNOLOGY
a) How this affects the patient: N/A
b) How this affects others with the syndrome: N/A

## 5) NEUROLOGY
a) How this affects the patient: The patient gets tired quickly when running around or playing physically.
b) How this affects others with the syndrome: Around 20-40% of people with KBG syndrome experience seizures.

## 6) EAR NOSE THROAT
a) How this affects the patient: The patient has fluid in his ear, leading to hearing issues.
b) How this affects others with the syndrome: Around 38% of people with KBG syndrome have heart conditions, including changes to the heart valves, holes in the heart chambers, and structural changes.

## 7) OPHTHALMOLOGY AND VISION
a) How this affects the patient: The patient has hypermetropia, which means his eyes get tired easily and he has trouble seeing things up close.
b) How this affects others with the syndrome: Around 38% of people with KBG syndrome have heart conditions, including changes to the heart valves, holes in the heart chambers, and structural changes.

## 8) DERMATOLOGY
a) How this affects the patient: N/A
b) How this affects others with the syndrome: N/A

## 9) DENTAL
a) How this affects the patient: The patient's teeth break or chip easily, necessitating careful eating habits.
b) How this affects others with the syndrome: Around 20-40% of people with KBG syndrome experience seizures.

## 10) EDUCATION
a) How this affects the patient: The patient needs extra help in school, particularly in areas like toileting and using utensils.
b) How this affects others with the syndrome: Around 20-40% of people with KBG syndrome experience seizures.

## 11) BEHAVIOUR AND DEVELOPMENT
a) How this affects the patient: The patient gets tired quickly when running around or playing physically.
b) How this affects others with the syndrome: Around 20-40% of people with KBG syndrome experience seizures.

## 12) SKELETAL
a) How this affects the patient: The patient has scoliosis, which leads to an increased curvature of the spine.
b) How this affects others with the syndrome: Around 38% of people with KBG syndrome have heart conditions, including changes to the heart valves, holes in the heart chambers, and structural changes.

## 13) RECOMMENDATIONS FOR SCREENING AND TREATMENTS
a) Screening for heart abnormalities: Regular echocardiograms and electrocardiograms (ECGs) are recommended.
b) Monitoring for scoliosis: X-rays of the wrist, hips, spine, and skull should be performed annually.
c) Referral for orthopedic evaluation: Children with asymmetrical hip creases or painful gait should undergo physical examination and imaging.
d) Referral for gastroenterological assessment: Regular assessments of bowel movements and dietary intake are advised.
e) Referral for neurodevelopmental evaluations: Early intervention services should be considered for cognitive and behavioral delays.",0.7963,0.7585,-0.037800000000000056,Observed
01,12,"# CLINICAL PATIENT REPORT

## 1) RESPIRATORY
a) How this affects the patient: N/A
b) How this affects others with the syndrome: N/A

## 2) CARDIOLOGY
a) How this affects the patient: The patient experiences fatigue quickly, similar to her body getting weak fast.
b) How this affects others with the syndrome: Around 38% of people with KBG syndrome have heart conditions, including changes to the heart valves, holes in the heart chambers, and structural changes.

## 3) GASTROENTEROLOGY
a) How this affects the patient: The patient has constipation issues, making it hard for her to go to the bathroom sometimes.
b) How this affects others with the syndrome: Around 20-40% of people with KBG syndrome get seizures, and around 38% have heart conditions.

## 4) IMMUNOLOGY
a) How this affects the patient: N/A
b) How this affects others with the syndrome: N/A

## 5) NEUROLOGY
a) How this affects the patient: The patient gets tired quickly when running around, similar to her body getting weak fast.
b) How this affects others with the syndrome: Around 38% of people with KBG syndrome have heart conditions, including changes to the heart valves, holes in the heart chambers, and structural changes.

## 6) EAR NOSE THROAT
a) How this affects the patient: The patient moves a bit funny compared to other kids and is a little behind in growing up, like she doesn't talk or walk like others her age.
b) How this affects others with the syndrome: Around 38% of people with KBG syndrome have heart conditions, including changes to the heart valves, holes in the heart chambers, and structural changes.

## 7) OPHTHALMOLOGY AND VISION
a) How this affects the patient: The patient squints a lot when looking at things, especially when trying to focus.
b) How this affects others with the syndrome: Around 38% of people with KBG syndrome have heart conditions, including changes to the heart valves, holes in the heart chambers, and structural changes.

## 8) DERMATOLOGY
a) How this affects the patient: N/A
b) How this affects others with the syndrome: N/A

## 9) DENTAL
a) How this affects the patient: The patient's teeth break or chip easily.
b) How this affects others with the syndrome: Around 38% of people with KBG syndrome have heart conditions, including changes to the heart valves, holes in the heart chambers, and structural changes.

## 10) EDUCATION
a) How this affects the patient: The patient's movement and cognitive abilities differ from peers, affecting her ability to catch up in school.
b) How this affects others with the syndrome: Around 38% of people with KBG syndrome have heart conditions, including changes to the heart valves, holes in the heart chambers, and structural changes.

## 11) BEHAVIOUR AND DEVELOPMENT
a) How this affects the patient: The patient's behavior includes squinting, fatigue, and difficulty catching up in school.
b) How this affects others with the syndrome: Around 38% of people with KBG syndrome have heart conditions, including changes to the heart valves, holes in the heart chambers, and structural changes.

## 12) SKELETAL
a) How this affects the patient: The patient has an unusual structure of her spinal bones, giving rise to an increased curvature of the spine (scoliosis).
b) How this affects others with the syndrome: Around 38% of people with KBG syndrome have heart conditions, including changes to the heart valves, holes in the heart chambers, and structural changes.

## 13) RECOMMENDATIONS FOR SCREENING AND TREATMENTS
a) Screen for hearing issues: Regular hearing reviews to age 5 (even if earlier reviews give a clear response).
b) Screen for vision issues: Ophthalmology review.
c) Screen for heart issues: Cardiac review (including echo and ECG) following diagnosis.
d) Screen for skeletal issues: X-ray of the wrist (to determine bone age), hip, spine, and skull.
e) Screen for neurological issues: Neurological assessment.
f) Screen for digestive issues: Feeding difficulties and constipation.
g) Screen for hormonal issues: N/A.
h) Screen for immunological issues: N/A.
i) Screen for cardiovascular issues: N/A.
j) Screen for orthopedic issues: Tethered cord MRI where clinical concerns arise on an individual basis (especially if sacral dimple is present).
k) Screen for palatal issues: Palate review (particularly if there are feeding difficulties or speech concerns).",0.8155,0.7037,-0.11180000000000001,Observed
01,19,"# CLINICAL PATIENT REPORT

## 1) RESPIRATORY
a) How this affects the patient: N/A
b) How this affects others with the syndrome: N/A

## 2) CARDIOLOGY
a) How this affects the patient: The patient has abnormal valves in his heart, which were noted by the doctors.
b) How this affects others with the syndrome: Around 38% of people with KBG syndrome have heart conditions, including changes to the heart valves, holes in the heart chambers, and structural changes.

## 3) GASTROENTEROLOGY
a) How this affects the patient: The patient has a feeding aversion, which has been a challenge for both the patient and the parents.
b) How this affects others with the syndrome: Around 20-40% of people with KBG syndrome have seizures, and around 38% have heart conditions.

## 4) IMMUNOLOGY
a) How this affects the patient: N/A
b) How this affects others with the syndrome: N/A

## 5) NEUROLOGY
a) How this affects the patient: The patient appears less coordinated when moving compared to peers.
b) How this affects others with the syndrome: Around 38% of people with KBG syndrome have heart conditions, including changes to the heart valves, holes in the heart chambers, and structural changes.

## 6) EAR NOSE THROAT
a) How this affects the patient: The patient has fluid in his ear, which is affecting his hearing.
b) How this affects others with the syndrome: Around 38% of people with KBG syndrome have heart conditions, including changes to the heart valves, holes in the heart chambers, and structural changes.

## 7) OPHTHALMOLOGY AND VISION
a) How this affects the patient: The patient has astigmatism, which is affecting his vision.
b) How this affects others with the syndrome: Around 38% of people with KBG syndrome have heart conditions, including changes to the heart valves, holes in the heart chambers, and structural changes.

## 8) DERMATOLOGY
a) How this affects the patient: N/A
b) How this affects others with the syndrome: N/A

## 9) DENTAL
a) How this affects the patient: The patient's teeth break or chip easily, requiring caution.
b) How this affects others with the syndrome: Around 38% of people with KBG syndrome have heart conditions, including changes to the heart valves, holes in the heart chambers, and structural changes.

## 10) EDUCATION
a) How this affects the patient: The patient has difficulty making himself understood, which has been a challenge for both the patient and the parents.
b) How this affects others with the syndrome: Around 38% of people with KBG syndrome have heart conditions, including changes to the heart valves, holes in the heart chambers, and structural changes.

## 11) BEHAVIOUR AND DEVELOPMENT
a) How this affects the patient: The patient appears less coordinated when moving compared to peers.
b) How this affects others with the syndrome: Around 38% of people with KBG syndrome have heart conditions, including changes to the heart valves, holes in the heart chambers, and structural changes.

## 12) SKELETAL
a) How this affects the patient: The patient has an unusual structure of their spinal bones, which can lead to an increased curvature of the spine (scoliosis).
b) How this affects others with the syndrome: Around 38% of people with KBG syndrome have heart conditions, including changes to the heart valves, holes in the heart chambers, and structural changes.

## 13) RECOMMENDATIONS FOR SCREENING AND TREATMENTS
a) Regular dental check-ups: The patient needs regular dental check-ups to prevent tooth damage.
b) Regular hearing reviews: The patient should have regular hearing reviews to ensure proper hearing.
c) Eyesight (ophthalmology) review: The patient should undergo regular eye exams to address vision issues.
d) Check position of testes in boys: The patient's testes should be monitored for descent.
e) Palate review: The patient should be referred for a palate review if there are feeding difficulties or speech concerns.
f) Cardiac review: The patient should be reviewed for potential heart conditions.
g) Growth monitoring: The patient's growth should be closely monitored, especially if height is below the 2nd centile.
h) Physiotherapy, occupational therapy, speech therapy, and behavioral therapy: The patient should receive physical, occupational, speech, and behavior therapies as needed.",0.9,0.8554999999999999,-0.044500000000000095,Estimated
01,25,"# CLINICAL PATIENT REPORT

## 1) RESPIRATORY
a) How this affects the patient: N/A
b) How this affects others with the syndrome: N/A

## 2) CARDIOLOGY
a) How this affects the patient: The patient experiences regular heart check-ups due to the risk of heart conditions.
b) How this affects others with the syndrome: Around 38% of people with KBG syndrome have heart conditions, including valve changes, hole in the heart chambers, and structural changes.

## 3) GASTROENTEROLOGY
a) How this affects the patient: The patient has mealtime challenges, being picky about food and experiencing digestive issues.
b) How this affects others with the syndrome: Around 20-40% of people with KBG syndrome have seizures, and around 38% have heart conditions.

## 4) IMMUNOLOGY
a) How this affects the patient: N/A
b) How this affects others with the syndrome: N/A

## 5) NEUROLOGY
a) How this affects the patient: The patient exhibits clumsiness compared to peers, suggesting possible brain, nerve, or muscle tone issues.
b) How this affects others with the syndrome: Around 38% of people with KBG syndrome have heart conditions.

## 6) EAR NOSE THROAT
a) How this affects the patient: The patient experiences difficulty seeing clearly at school and getting overwhelmed in noisy environments.
b) How this affects others with the syndrome: Around 38% of people with KBG syndrome have heart conditions.

## 7) OPHTHALMOLOGY AND VISION
a) How this affects the patient: The patient has difficulty seeing clearly at school and gets overwhelmed in noisy environments.
b) How this affects others with the syndrome: Around 38% of people with KBG syndrome have heart conditions.

## 8) DERMATOLOGY
a) How this affects the patient: N/A
b) How this affects others with the syndrome: N/A

## 9) DENTAL
a) How this affects the patient: The patient needs frequent dental check-ups due to cavities and tooth decay.
b) How this affects others with the syndrome: Around 38% of people with KBG syndrome have heart conditions.

## 10) EDUCATION
a) How this affects the patient: The patient's inability to articulate her thoughts and needs leads to frustration for both her and her parents.
b) How this affects others with the syndrome: Around 38% of people with KBG syndrome have heart conditions.

## 11) BEHAVIOUR AND DEVELOPMENT
a) How this affects the patient: The patient shows clumsiness compared to peers, suggesting possible brain, nerve, or muscle tone issues.
b) How this affects others with the syndrome: Around 38% of people with KBG syndrome have heart conditions.

## 12) SKELETAL
a) How this affects the patient: The patient has an unusual structure of their spinal bones, leading to an increased curvature of the spine (scoliosis).
b) How this affects others with the syndrome: Around 38% of people with KBG syndrome have heart conditions.

## 13) RECOMMENDATIONS FOR SCREENING AND TREATMENTS
a) Regular heart check-ups: The patient requires regular heart check-ups due to the risk of heart conditions.
b) Regular hearing checks: The patient should have regular hearing checks to age 5, even if earlier reviews give a clear response.
c) Ophthalmological review: The patient should have regular eye checks to address vision problems.
d) Cardiac review: The patient should be reviewed by a cardiologist following diagnosis.
e) Skeletal review: The patient should undergo X-rays of the wrist, hip, spine, and skull to assess bone age and detect any abnormalities.
f) Palatal review: The patient should be referred for a palate review if there are feeding difficulties or speech concerns.
g) Vestibular assessment: The patient should be assessed for vestibular dysfunction if she appears clumsy or has trouble balancing.
h) Speech therapy: The patient should receive speech therapy to improve her communication skills.
i) Occupational therapy: The patient should receive occupational therapy to improve her fine motor skills.
j) Physical therapy: The patient should receive physical therapy to improve her coordination and balance.
k) Behavioural therapy: The patient should receive behavioural therapy to address her clumsiness and improve her communication skills.",0.8918,0.8393,-0.05249999999999999,Observed
01,27,"# CLINICAL PATIENT REPORT

## 1) RESPIRATORY
a) How this affects the patient: N/A
b) How this affects others with the syndrome: Around 20-40% of people with KBG syndrome are reported to have seizures, of varying types. Seizures typically respond to the usual antiepileptic treatments. In a small number of cases, epilepsy can be difficult to treat.

## 2) CARDIOLOGY
a) How this affects the patient: Around 38% of people with KBG syndrome have heart conditions, including changes to the heart valves, holes in the heart chambers, and structural changes. A few require surgery, but some just need monitoring.
b) How this affects others with the syndrome: Most children with KBG syndrome do not have a very serious heart condition. However, a study of 40 European patients showed that 15/40 (38%) had heart conditions.

## 3) GASTROENTEROLOGY
a) How this affects the patient: Our son has feeding difficulties and requires short-term nasogastric tube feeding to supplement oral feeds. Lack of interest in feeding can be significant and long-lasting.
b) How this affects others with the syndrome: Around 20-40% of people with KBG syndrome are reported to have seizures, of varying types. Seizures typically respond to the usual antiepileptic treatments. In a small number of cases, epilepsy can be difficult to treat.

## 4) IMMUNOLOGY
a) How this affects the patient: N/A
b) How this affects others with the syndrome: N/A

## 5) NEUROLOGY
a) How this affects the patient: Our son was slower to reach certain milestones like walking or sitting compared to other kids. It took him a bit longer to master these skills, but with support and patience, he got there eventually.
b) How this affects others with the syndrome: Around 38% of people with KBG syndrome have heart conditions, including changes to the heart valves, holes in the heart chambers, and structural changes.

## 6) EAR NOSE THROAT
a) How this affects the patient: Our son has myopia, which means he has trouble seeing things far away. We've noticed him squinting a lot when trying to watch TV or play with toys across the room.
b) How this affects others with the syndrome: Around 20-40% of people with KBG syndrome are reported to have seizures, of varying types. Seizures typically respond to the usual antiepileptic treatments. In a small number of cases, epilepsy can be difficult to treat.

## 7) OPHTHALMOLOGY AND VISION
a) How this affects the patient: Our son has myopia, which means he has trouble seeing things far away. We've noticed him squinting a lot when trying to watch TV or play with toys across the room.
b) How this affects others with the syndrome: Around 20-40% of people with KBG syndrome are reported to have seizures, of varying types. Seizures typically respond to the usual antiepileptic treatments. In a small number of cases, epilepsy can be difficult to treat.

## 8) DERMATOLOGY
a) How this affects the patient: N/A
b) How this affects others with the syndrome: N/A

## 9) DENTAL
a) How this affects the patient: We need to take him to the dentist regularly because he's prone to tooth decay and other issues. The dentist says this is partly due to his eating habits and partly genetic.
b) How this affects others with the syndrome: Around 20-40% of people with KBG syndrome are reported to have seizures, of varying types. Seizures typically respond to the usual antiepileptic treatments. In a small number of cases, epilepsy can be difficult to treat.

## 10) EDUCATION
a) How this affects the patient: Our son takes longer to reach developmental milestones than what's typically expected. This isn't just physical milestones but also includes speech and cognitive development. We're working closely with his healthcare team to ensure he gets all the support he needs.
b) How this affects others with the syndrome: Around 38% of people with KBG syndrome have heart conditions, including changes to the heart valves, holes in the heart chambers, and structural changes.

## 11) BEHAVIOUR AND DEVELOPMENT
a) How this affects the patient: Our son was slower to reach certain milestones like walking or sitting compared to other kids. It took him a bit longer to master these skills, but with support and patience, he got there eventually.
b) How this affects others with the syndrome: Around 38% of people with KBG syndrome have heart conditions, including changes to the heart valves, holes in the heart chambers, and structural changes.

## 12) SKELETAL
a) How this affects the patient: Some people with KBG syndrome have an unusual structure of their spinal bones which can give rise to an increased curvature of the spine (scoliosis). Babies may experience a delayed closure of the soft spot on their head (anterior fontanelle). Many people with KBG syndrome have short fingers (brachydactyly) with a curvature of the 5th fingers (clinodactyly).
b) How this affects others with the syndrome: Around 38% of people with KBG syndrome have heart conditions, including changes to the heart valves, holes in the heart chambers, and structural changes.

## 13) RECOMMENDATIONS FOR SCREENING AND TREATMENTS
a) Regular dental check-ups: Regular dental check-ups are recommended to monitor the progress of our son's dental health.
b) Regular hearing reviews to age 5: Regular hearing reviews to age 5 are recommended to monitor the progress of our son's hearing.
c) Eyesight (ophthalmology) review: An ophthalmologist review is recommended to monitor the progress of our son's vision.
d) Check position of testes in boys: A testicular examination is recommended to monitor the progress of our son's reproductive system.
e) Consider a palate review: A palate review is recommended to monitor the progress of our son's speech and feeding.
f) Referral for a cardiac review: A cardiac review is recommended to monitor the progress of our son's heart condition.
g) Consider a skeletal review: A skeletal review is recommended to monitor the progress of our son's skeletal system.
h) Monitor growth velocity: If height is below the 2nd centile, referral for endocrine investigations is recommended within the context of familial heights.
i) Consider physiotherapy, occupational therapy, speech therapy and behavioral therapy: Physiotherapy, occupational therapy, speech therapy, and behavioral therapy are recommended to address the challenges faced by our son.",0.7727,0.6334000000000001,-0.13929999999999998,Estimated
01,31,"# CLINICAL PATIENT REPORT

## 1) RESPIRATORY
a) How this affects the patient: N/A
b) How this affects others with the syndrome: Around 20-40% of people with KBG syndrome are reported to have seizures, of varying types. Seizures typically respond to the usual antiepileptic treatments. In a small number of cases, epilepsy can be difficult to treat.

## 2) CARDIOLOGY
a) How this affects the patient: The patient experiences faster-than-normal breathing when running or playing, indicating potential cardiovascular issues.
b) How this affects others with the syndrome: Around 38% of people with KBG syndrome have heart conditions, including changes to the heart valves, holes in the heart chambers, and structural changes. Some require surgery, while others just need monitoring.

## 3) GASTROENTEROLOGY
a) How this affects the patient: The patient is picky about food, potentially leading to nutrient deficiencies.
b) How this affects others with the syndrome: Around 20-40% of people with KBG syndrome are reported to have seizures, of varying types. Seizures typically respond to the usual antiepileptic treatments. In a small number of cases, epilepsy can be difficult to treat.

## 4) IMMUNOLOGY
a) How this affects the patient: N/A
b) How this affects others with the syndrome: N/A

## 5) NEUROLOGY
a) How this affects the patient: The patient has a spinal cord issue, specifically tethered cord, which can cause pain, weakness in the legs, urinary and bowel issues, sacral dimple, and an unusual gait.
b) How this affects others with the syndrome: Around 38% of people with KBG syndrome have heart conditions, including changes to the heart valves, holes in the heart chambers, and structural changes. Some require surgery, while others just need monitoring.

## 6) EAR NOSE THROAT
a) How this affects the patient: The patient complains of blurred vision, particularly when reading or watching TV, which may affect her learning.
b) How this affects others with the syndrome: Around 20-40% of people with KBG syndrome are reported to have seizures, of varying types. Seizures typically respond to the usual antiepileptic treatments. In a small number of cases, epilepsy can be difficult to treat.

## 7) OPHTHALMOLOGY AND VISION
a) How this affects the patient: The patient suffers from blurred vision, particularly when reading or watching TV, which may affect her learning.
b) How this affects others with the syndrome: Around 20-40% of people with KBG syndrome are reported to have seizures, of varying types. Seizures typically respond to the usual antiepileptic treatments. In a small number of cases, epilepsy can be difficult to treat.

## 8) DERMATOLOGY
a) How this affects the patient: N/A
b) How this affects others with the syndrome: N/A

## 9) DENTAL
a) How this affects the patient: The patient has weak enamel, making her susceptible to cavities.
b) How this affects others with the syndrome: Around 20-40% of people with KBG syndrome are reported to have seizures, of varying types. Seizures typically respond to the usual antiepileptic treatments. In a small number of cases, epilepsy can be difficult to treat.

## 10) EDUCATION
a) How this affects the patient: The patient requires extra help in school, though most go to a mainstream primary school.
b) How this affects others with the syndrome: Around 20-40% of people with KBG syndrome are reported to have seizures, of varying types. Seizures typically respond to the usual antiepileptic treatments. In a small number of cases, epilepsy can be difficult to treat.

## 11) BEHAVIOUR AND DEVELOPMENT
a) How this affects the patient: The patient exhibits behavioral differences such as autism spectrum disorder (ASD), attention deficit hyperactivity disorder (ADHD), or anxiety.
b) How this affects others with the syndrome: Around 20-40% of people with KBG syndrome are reported to have seizures, of varying types. Seizures typically respond to the usual antiepileptic treatments. In a small number of cases, epilepsy can be difficult to treat.

## 12) SKELETAL
a) How this affects the patient: The patient has shortened fingers (brachydactyly) with a curvature of the 5th finger (clinodactyly).
b) How this affects others with the syndrome: Around 20-40% of people with KBG syndrome are reported to have seizures, of varying types. Seizures typically respond to the usual antiepileptic treatments. In a small number of cases, epilepsy can be difficult to treat.

## 13) RECOMMENDATIONS FOR SCREENING AND TREATMENTS
a) Screening for seizures: Around 20-40% of people with KBG syndrome are reported to have seizures, of varying types. Seizures typically respond to the usual antiepileptic treatments. In a small number of cases, epilepsy can be difficult to treat.
b) Hearing evaluation: Around 20-40% of people with KBG syndrome are reported to have seizures, of varying types. Seizures typically respond to the usual antiepileptic treatments. In a small number of cases, epilepsy can be difficult to treat.
c) Vision assessment: Around 20-40% of people with KBG syndrome are reported to have seizures, of varying types. Seizures typically respond to the usual antiepileptic treatments. In a small number of cases, epilepsy can be difficult to treat.
d) Dental care: Around 20-40% of people with KBG syndrome are reported to have seizures, of varying types. Seizures typically respond to the usual antiepileptic treatments. In a small number of cases, epilepsy can be difficult to treat.
e) Heart monitoring: Around 38% of people with KBG syndrome have heart conditions, including changes to the heart valves, holes in the heart chambers, and structural changes. Some require surgery, while others just need monitoring.
f) Palate review: Around 20-40% of people with KBG syndrome are reported to have seizures, of varying types. Seizures typically respond to the usual antiepileptic treatments. In a small number of cases, epilepsy can be difficult to treat.
g) Tethered cord review: Around 38% of people with KBG syndrome have heart conditions, including changes to the heart valves, holes in the heart chambers, and structural changes. Some require surgery, while others just need monitoring.",0.3669,0.49249999999999994,0.12559999999999993,Estimated
01,32,"# CLINICAL PATIENT REPORT

## 1) RESPIRATORY
a) How this affects the patient: N/A
b) How this affects others with the syndrome: N/A

## 2) CARDIOLOGY
a) How this affects the patient: The patient experiences concerns regarding her heart, specifically the presence of heart conditions, valve changes, and potential surgeries or monitoring.
b) How this affects others with the syndrome: Around 38% of people with KBG syndrome have heart conditions, including changes to the heart valves, holes in the heart chambers, and structural changes. Some require surgery, while others just need monitoring.

## 3) GASTROENTEROLOGY
a) How this affects the patient: The patient struggles with feeding difficulties, spitting up, and swallowing issues, particularly with cold foods.
b) How this affects others with the syndrome: Around 20-40% of people with KBG syndrome experience seizures, and around 38% have heart conditions.

## 4) IMMUNOLOGY
a) How this affects the patient: N/A
b) How this affects others with the syndrome: N/A

## 5) NEUROLOGY
a) How this affects the patient: The patient exhibits clumsiness and poor coordination, potentially indicating a brain-related issue.
b) How this affects others with the syndrome: Around 38% of people with KBG syndrome have heart conditions, and around 38% have brain-related issues.

## 6) EAR NOSE THROAT
a) How this affects the patient: The patient experiences difficulty focusing on certain sounds, particularly in noisy environments.
b) How this affects others with the syndrome: Around 38% of people with KBG syndrome have hearing issues, including recurrent otitis media or glue ear, which can cause conductive hearing loss.

## 7) OPHTHALMOLOGY AND VISION
a) How this affects the patient: The patient experiences difficulty understanding spoken words in noisy environments, particularly with background noise.
b) How this affects others with the syndrome: Around 38% of people with KBG syndrome have hearing issues, including recurrent otitis media or glue ear, which can cause conductive hearing loss.

## 8) DERMATOLOGY
a) How this affects the patient: N/A
b) How this affects others with the syndrome: N/A

## 9) DENTAL
a) How this affects the patient: The patient experiences tooth sensitivity, particularly with cold foods, and complaints of tooth sensitivity.
b) How this affects others with the syndrome: Around 38% of people with KBG syndrome have teeth issues, including large front teeth and various dental concerns.

## 10) EDUCATION
a) How this affects the patient: The patient requires additional help in school, particularly with academic milestones and activities.
b) How this affects others with the syndrome: Around 38% of people with KBG syndrome have learning difficulties, requiring extra help in school.

## 11) BEHAVIOUR AND DEVELOPMENT
a) How this affects the patient: The patient exhibits clumsiness and poor coordination, potentially indicating a brain-related issue.
b) How this affects others with the syndrome: Around 38% of people with KBG syndrome have brain-related issues.

## 12) SKELETAL
a) How this affects the patient: The patient has an unusual structure of her spinal bones, leading to an increased curvature of the spine (scoliosis), and short fingers with a curvature of the 5th fingers (clinodactyly).
b) How this affects others with the syndrome: Around 38% of people with KBG syndrome have heart conditions, and around 38% have brain-related issues.

## 13) RECOMMENDATIONS FOR SCREENING AND TREATMENTS
a) Regular dental check-ups: The patient should have regular dental check-ups to prevent tooth sensitivity and address any dental concerns.
b) Regular hearing reviews: The patient should undergo regular hearing reviews to ensure proper hearing and address any hearing issues.
c) Eyesight (ophthalmology) review: The patient should have regular eye exams to monitor vision and address any vision problems.
d) Check position of testes in boys: The patient should have a routine examination of the testes to rule out cryptorchidism.
e) Consider a palate review: The patient should have a review of the palate to address any speech and feeding issues.
f) Referral for a cardiac review: The patient should have a cardiac review to monitor heart conditions and address any heart issues.
g) Monitor growth velocity: The patient should have regular growth assessments to monitor height and address any growth concerns.
h) Physiotherapy, occupational therapy, speech therapy, and behavioral therapy: The patient should receive physical, occupational, speech, and behavior therapies to address clumsiness and poor coordination.",0.3475,0.6833,0.33580000000000004,Observed
01,36,"# CLINICAL PATIENT REPORT

## 1) RESPIRATORY
a) How this affects the patient: N/A
b) How this affects others with the syndrome: N/A

## 2) CARDIOLOGY
a) How this affects the patient: The patient has a tethered cord, which requires monitoring for potential issues like pain, weakness in the legs, urinary and bowel issues, sacral dimple, and an unusual gait.
b) How this affects others with the syndrome: Around 38% of people with KBG syndrome have heart conditions, including changes to the heart valves, holes in the heart chambers, and structural changes. A few require surgery, while some just need monitoring.

## 3) GASTROENTEROLOGY
a) How this affects the patient: The patient struggles to make herself understood when speaking and moves a bit differently than her peers, indicating possible feeding difficulties and speech delays.
b) How this affects others with the syndrome: Around 20-40% of people with KBG syndrome have seizures, and around 15% have heart conditions.

## 4) IMMUNOLOGY
a) How this affects the patient: N/A
b) How this affects others with the syndrome: N/A

## 5) NEUROLOGY
a) How this affects the patient: The patient has a tethered cord, requiring monitoring for potential issues like pain, weakness in the legs, urinary and bowel issues, sacral dimple, and an unusual gait.
b) How this affects others with the syndrome: Around 38% of people with KBG syndrome have brain-related issues, including seizures, and around 15% have heart conditions.

## 6) EAR NOSE THROAT
a) How this affects the patient: The patient struggles to make herself understood when speaking and moves a bit differently than her peers, indicating possible feeding difficulties and speech delays.
b) How this affects others with the syndrome: Around 20-40% of people with KBG syndrome have seizures, and around 15% have heart conditions.

## 7) OPHTHALMOLOGY AND VISION
a) How this affects the patient: The patient has difficulty seeing the board in class, suggesting potential vision problems such as astigmatism, short-sightedness, and squinting.
b) How this affects others with the syndrome: Around 20-40% of people with KBG syndrome have seizures, and around 15% have heart conditions.

## 8) DERMATOLOGY
a) How this affects the patient: N/A
b) How this affects others with the syndrome: N/A

## 9) DENTAL
a) How this affects the patient: The patient has large front teeth, indicating brachydactylous fingers and a curved 5th finger.
b) How this affects others with the syndrome: Around 15% of people with KBG syndrome have heart conditions.

## 10) EDUCATION
a) How this affects the patient: The patient struggles to make herself understood when speaking and moves a bit differently than her peers, indicating potential feeding difficulties and speech delays.
b) How this affects others with the syndrome: Around 20-40% of people with KBG syndrome have seizures, and around 15% have heart conditions.

## 11) BEHAVIOUR AND DEVELOPMENT
a) How this affects the patient: The patient struggles to make herself understood when speaking and moves a bit differently than her peers, indicating potential feeding difficulties and speech delays.
b) How this affects others with the syndrome: Around 20-40% of people with KBG syndrome have seizures, and around 15% have heart conditions.

## 12) SKELETAL
a) How this affects the patient: The patient has an unusual structure of their spinal bones, giving rise to an increased curvature of the spine (scoliosis), and babies may experience a delayed closure of the soft spot on their head (anterior fontanelle).
b) How this affects others with the syndrome: Around 38% of people with KBG syndrome have heart conditions, including changes to the heart valves, holes in the heart chambers, and structural changes.

## 13) RECOMMENDATIONS FOR SCREENING AND TREATMENTS
a) Management recommendations:
   - Regular dental check-ups
   - Regular hearing reviews to age 5 (even if earlier reviews give a clear response)
   - Eyesight (ophthalmology) review
   - Check position of testes in boys
   - Consider a palate review (particularly if there are feeding difficulties or speech concerns)
   - Referral for a cardiac review (including echo and ECG) following diagnosis
   - If nothing is found (or already done) this does not need to be repeated
   - Consider a skeletal review (X-ray of the wrist (to determine bone age), hip, spine and skull) in children following diagnosis
   - Any concerns around asymmetric hip creases in infancy and/or asymmetric or painful gait should prompt medical review
   - Consider review and investigation for tethered cord (MRI) where clinical concerns arise on an individual basis (especially if sacral dimple is present)
   - Monitor growth velocity: if height is below the 2nd centile consider referral for endocrine investigations on an individual basis and within context of familial heights
   - Consider physiotherapy, occupational therapy, speech therapy and behavioral therapy.",0.5789,0.2609,-0.31799999999999995,Observed
01,38,"# CLINICAL PATIENT REPORT

## 1) RESPIRATORY
a) How this affects the patient: N/A
b) How this affects others with the syndrome: N/A

## 2) CARDIOLOGY
a) How this affects the patient: The patient experiences faster breathing when active, which the cardiologist monitors to ensure everything is okay.
b) How this affects others with the syndrome: Around 38% of people with KBG syndrome have heart conditions, including changes to the heart valves, holes in the heart chambers, and structural changes.

## 3) GASTROENTEROLOGY
a) How this affects the patient: The patient struggles with feeding, showing disinterest in food or struggling to swallow certain textures. They work closely with a nutritionist to find foods they like and can eat comfortably.
b) How this affects others with the syndrome: Around 20-40% of people with KBG syndrome have seizures, and around 38% have heart conditions.

## 4) IMMUNOLOGY
a) How this affects the patient: N/A
b) How this affects others with the syndrome: N/A

## 5) NEUROLOGY
a) How this affects the patient: The patient has hypotonia, affecting his muscle tone, making him feel stiffer than usual and impacting movement.
b) How this affects others with the syndrome: Hypotonia is a common feature in KBG syndrome, affecting muscle tone and potentially impacting movement.

## 6) EAR NOSE THROAT
a) How this affects the patient: The patient experiences fluid buildup in the ear, which the doctor monitors.
b) How this affects others with the syndrome: Fluid buildup in the ear is a common feature in KBG syndrome, leading to hearing difficulties.

## 7) OPHTHALMOLOGY AND VISION
a) How this affects the patient: The patient has hypermetropia, focusing differently and sometimes causing headaches.
b) How this affects others with the syndrome: Hypermetropia is a common feature in KBG syndrome, affecting how the eyes focus and potentially causing headaches.

## 8) DERMATOLOGY
a) How this affects the patient: N/A
b) How this affects others with the syndrome: N/A

## 9) DENTAL
a) How this affects the patient: The patient experiences tooth sensitivity, particularly with cold foods and drinks, due to sensitive nerves.
b) How this affects others with the syndrome: Tooth sensitivity is a common feature in KBG syndrome, especially with cold foods and drinks.

## 10) EDUCATION
a) How this affects the patient: The patient's speech development is concerning, with difficulty speaking as much as peers and noticeable speech delays.
b) How this affects others with the syndrome: Speech delay is a common feature in KBG syndrome, affecting communication skills.

## 11) BEHAVIOUR AND DEVELOPMENT
a) How this affects the patient: The patient's behavior includes autistic spectrum disorder (ASD), attention deficit hyperactivity disorder (ADHD), and anxiety, requiring medication in some cases.
b) How this affects others with the syndrome: Autism spectrum disorder (ASD) and attention deficit hyperactivity disorder (ADHD) are common features in KBG syndrome, affecting behavior and cognitive abilities.

## 12) SKELETAL
a) How this affects the patient: The patient has brachydactyly, a shortened fifth finger, and an unusual structure of their spinal bones, which can lead to an increased curvature of the spine (scoliosis).
b) How this affects others with the syndrome: Brachydactyly is a common feature in KBG syndrome, affecting finger length and shape.

## 13) RECOMMENDATIONS FOR SCREENING AND TREATMENTS
a) Screen for hearing issues: Regular hearing reviews to age 5 (even if earlier reviews give a clear response).
b) Screen for vision issues: Eye (ophthalmology) review.
c) Screen for heart issues: Cardiac review (including echo and ECG) following diagnosis.
d) Screen for hormonal issues: N/A.
e) Screen for neurological issues: Neurological assessment.
f) Screen for gastrointestinal issues: Feeding difficulties and swallowing issues.
g) Screen for immunological issues: N/A.
h) Screen for dental issues: Regular dental check-ups.
i) Screen for orthopedic issues: X-ray of the wrist (to determine bone age), hip, spine, and skull.
j) Screen for palatal issues: Palate review (particularly if there are feeding difficulties or speech concerns).
k) Screen for thyroid issues: N/A.
l) Screen for cardiovascular issues: N/A.
m) Screen for auditory processing issues: N/A.
n) Screen for hearing issues: Regular hearing reviews to age 5 (even if earlier reviews give a clear response).
o) Screen for vision issues: Ophthalmology review.
p) Screen for heart issues: Cardiac review (including echo and ECG) following diagnosis.
q) Screen for hormonal issues: N/A.
r) Screen for neurological issues: Neurological assessment.
s) Screen for gastrointestinal issues: Feeding difficulties and swallowing issues.
t) Screen for immunological issues: N/A.
u) Screen for dental issues: Regular dental check-ups.
v) Screen for orthopedic issues: X-ray of the wrist (to determine bone age), hip, spine, and skull.
w) Screen for palatal issues: Palate review (particularly if there are feeding difficulties or speech concerns).
x) Screen for thyroid issues: N/A.
y) Screen for cardiovascular issues: N/A.
z) Screen for auditory processing issues: N/A.",0.725,0.7062,-0.018799999999999928,Observed
01,39,"# CLINICAL PATIENT REPORT

## 1) RESPIRATORY
a) How this affects the patient: N/A
b) How this affects others with the syndrome: Around 20-40% of people with KBG syndrome are reported to have seizures, of varying types. Seizures typically respond to the usual antiepileptic treatments. In a small number of cases, epilepsy can be difficult to treat.

## 2) CARDIOLOGY
a) How this affects the patient: The patient experiences fatigue quickly when engaging in physical activity, making it difficult for her to maintain stamina over extended periods without requiring breaks. This issue is concerning given that other children exhibit greater endurance.
b) How this affects others with the syndrome: Around 38% of people with KBG syndrome have heart conditions, including valve changes, hole in the heart chambers, and structural abnormalities. Some require surgery, while others need monitoring.

## 3) GASTROENTEROLOGY
a) How this affects the patient: The patient is picky with food, often refusing certain items, and mealtime can be challenging due to this selective eating behavior.
b) How this affects others with the syndrome: Around 20-40% of people with KBG syndrome have seizures, of varying types. Seizures typically respond to the usual antiepileptic treatments. In a small number of cases, epilepsy can be difficult to treat.

## 4) IMMUNOLOGY
a) How this affects the patient: N/A
b) How this affects others with the syndrome: N/A

## 5) NEUROLOGY
a) How this affects the patient: The patient experiences fatigue quickly when engaging in physical activity, making it difficult for her to maintain stamina over extended periods without requiring breaks. This issue is concerning given that other children exhibit greater endurance.
b) How this affects others with the syndrome: Around 38% of people with KBG syndrome have heart conditions, including valve changes, hole in the heart chambers, and structural abnormalities. Some require surgery, while others need monitoring.

## 6) EAR NOSE THROAT
a) How this affects the patient: N/A
b) How this affects others with the syndrome: Around 20-40% of people with KBG syndrome have seizures, of varying types. Seizures typically respond to the usual antiepileptic treatments. In a small number of cases, epilepsy can be difficult to treat.

## 7) OPHTHALMOLOGY AND VISION
a) How this affects the patient: The patient has difficulty seeing objects from a distance, similar to someone with near-sightedness (myopia). She requires regular eye checks to monitor her vision and address potential issues.
b) How this affects others with the syndrome: Around 20-40% of people with KBG syndrome have seizures, of varying types. Seizures typically respond to the usual antiepileptic treatments. In a small number of cases, epilepsy can be difficult to treat.

## 8) DERMATOLOGY
a) How this affects the patient: N/A
b) How this affects others with the syndrome: Around 20-40% of people with KBG syndrome have seizures, of varying types. Seizures typically respond to the usual antiepileptic treatments. In a small number of cases, epilepsy can be difficult to treat.

## 9) DENTAL
a) How this affects the patient: The patient's teeth are prone to breaking or chipping easily, even from minor falls or bumps. Extra care is needed to prevent further damage.
b) How this affects others with the syndrome: Around 20-40% of people with KBG syndrome have seizures, of varying types. Seizures typically respond to the usual antiepileptic treatments. In a small number of cases, epilepsy can be difficult to treat.

## 10) EDUCATION
a) How this affects the patient: The patient's inability to meet the expected milestones for her age regarding speech development is concerning.
b) How this affects others with the syndrome: Around 20-40% of people with KBG syndrome have seizures, of varying types. Seizures typically respond to the usual antiepileptic treatments. In a small number of cases, epilepsy can be difficult to treat.

## 11) BEHAVIOUR AND DEVELOPMENT
a) How this affects the patient: The patient exhibits behavioral differences, specifically autism spectrum disorder (ASD), attention deficit hyperactivity disorder (ADHD), and anxiety. Medication(s) may be appropriate in some circumstances.
b) How this affects others with the syndrome: Around 20-40% of people with KBG syndrome have seizures, of varying types. Seizures typically respond to the usual antiepileptic treatments. In a small number of cases, epilepsy can be difficult to treat.

## 12) SKELETAL
a) How this affects the patient: The patient has an unusual structure of their spinal bones, leading to an increased curvature of the spine (scoliosis). Babies may experience a delayed closure of the soft spot on their head (anterior fontanelle). Many people with KBG syndrome have short fingers (brachydactyly) with a curvature of the 5th fingers (clinodactyly).
b) How this affects others with the syndrome: Around 20-40% of people with KBG syndrome have seizures, of varying types. Seizures typically respond to the usual antiepileptic treatments. In a small number of cases, epilepsy can be difficult to treat.

## 13) RECOMMENDATIONS FOR SCREENING AND TREATMENTS
a) Regular dental check-ups: The patient's teeth are prone to breaking or chipping easily, even from minor falls or bumps. Regular dental check-ups are recommended to monitor and address potential issues.
b) Regular hearing reviews to age 5: Regular hearing reviews are recommended to monitor the patient's hearing and address potential issues.
c) Eyesight (ophthalmology) review: The patient has difficulty seeing objects from a distance, similar to someone with near-sightedness (myopia). Regular eye checks are recommended to monitor her vision and address potential issues.
d) Check position of testes in boys: The patient's testes are located in the abdomen rather than the scrotum, indicating cryptorchidism. A simple surgical operation (orchidopexy) is recommended to correct the condition.
e) Consider a palate review: The patient has feeding difficulties and speech concerns, suggesting possible palatal anomalies. A specialist review is recommended if there are feeding difficulties or speech concerns.
f) Referral for a cardiac review: The patient experiences fatigue quickly when playing with friends or running around, indicating heart-related issues. A cardiac review is recommended to monitor the patient's heart health.
g) Physiotherapy, occupational therapy, speech therapy, and behavioral therapy: Given the patient's challenges with speech and swallowing, additional therapies are recommended to support her development and improve her quality of life.",0.7057,0.6212,-0.08450000000000002,Observed
01,40,"# CLINICAL PATIENT REPORT

## 1) RESPIRATORY
a) How this affects the patient: N/A
b) How this affects others with the syndrome: N/A

## 2) CARDIOLOGY
a) How this affects the patient: The patient experiences a structural issue with his heart, requiring regular check-ups.
b) How this affects others with the syndrome: Around 38% of people with KBG syndrome have heart conditions, ranging from valve changes to holes in the heart chambers.

## 3) GASTROENTEROLOGY
a) How this affects the patient: The patient is picky with food textures, making mealtime challenging.
b) How this affects others with the syndrome: Around 20-40% of people with KBG syndrome experience seizures, and around 38% have heart conditions.

## 4) IMMUNOLOGY
a) How this affects the patient: N/A
b) How this affects others with the syndrome: N/A

## 5) NEUROLOGY
a) How this affects the patient: The patient gets tired easily when playing outside, more so than his friends.
b) How this affects others with the syndrome: Around 38% of people with KBG syndrome have heart conditions, ranging from valve changes to holes in the heart chambers.

## 6) EAR NOSE THROAT
a) How this affects the patient: The patient has fluid in his ear, requiring monitoring.
b) How this affects others with the syndrome: Around 38% of people with KBG syndrome have heart conditions, ranging from valve changes to holes in the heart chambers.

## 7) OPHTHALMOLOGY AND VISION
a) How this affects the patient: The patient needs regular ophthalmology reviews to monitor his vision.
b) How this affects others with the syndrome: Around 38% of people with KBG syndrome have heart conditions, ranging from valve changes to holes in the heart chambers.

## 8) DERMATOLOGY
a) How this affects the patient: N/A
b) How this affects others with the syndrome: N/A

## 9) DENTAL
a) How this affects the patient: The patient experiences sensitivity to cold foods, requiring avoidance of those items.
b) How this affects others with the syndrome: Around 38% of people with KBG syndrome have heart conditions, ranging from valve changes to holes in the heart chambers.

## 10) EDUCATION
a) How this affects the patient: The patient requires additional help in school, particularly in areas like toileting and using utensils.
b) How this affects others with the syndrome: Around 38% of people with KBG syndrome have heart conditions, ranging from valve changes to holes in the heart chambers.

## 11) BEHAVIOUR AND DEVELOPMENT
a) How this affects the patient: The patient gets tired easily when playing outside, more so than his friends.
b) How this affects others with the syndrome: Around 38% of people with KBG syndrome have heart conditions, ranging from valve changes to holes in the heart chambers.

## 12) SKELETAL
a) How this affects the patient: The patient has an unusual structure of his spinal bones, leading to an increased curvature of the spine (scoliosis).
b) How this affects others with the syndrome: Around 38% of people with KBG syndrome have heart conditions, ranging from valve changes to holes in the heart chambers.

## 13) RECOMMENDATIONS FOR SCREENING AND TREATMENTS
a) Regular dental check-ups: The patient needs regular dental check-ups to monitor his teeth.
b) Regular hearing reviews: The patient should undergo regular hearing reviews to monitor his hearing.
c) Eyesight (ophthalmology) review: The patient should undergo an eyesight review to monitor his vision.
d) Check position of testes in boys: The patient should be monitored for the position of his testes.
e) Consider a palate review: The patient should be referred for a palate review if there are feeding difficulties or speech concerns.
f) Referral for a cardiac review: The patient should be referred for a cardiac review following diagnosis.
g) Monitor growth velocity: If the patient's height is below the 2nd centile, the patient should be referred for endocrine investigations.
h) Consider physiotherapy, occupational therapy, speech therapy and behavioral therapy: The patient should receive physical, occupational, speech, and behavior therapies as needed.",0.7895,0.6777,-0.11180000000000001,Estimated
01,42,"# CLINICAL PATIENT REPORT

## 1) RESPIRATORY
a) How this affects the patient: N/A
b) How this affects others with the syndrome: N/A

## 2) CARDIOLOGY
a) How this affects the patient: The patient has a septal defect that requires regular monitoring by a cardiologist.
b) How this affects others with the syndrome: Around 38% of people with KBG syndrome have heart conditions, including valve changes, hole in the heart chambers, and structural changes requiring surgery or monitoring.

## 3) GASTROENTEROLOGY
a) How this affects the patient: The patient experiences feeding difficulties and may require short-term nasogastric tube feeding supplements.
b) How this affects others with the syndrome: Around 20-40% of people with KBG syndrome have seizures, and around 38% have heart conditions.

## 4) IMMUNOLOGY
a) How this affects the patient: N/A
b) How this affects others with the syndrome: N/A

## 5) NEUROLOGY
a) How this affects the patient: The patient has a developmental delay and behavioral differences, taking longer to achieve certain milestones like walking and sitting.
b) How this affects others with the syndrome: Around 38% of people with KBG syndrome have heart conditions, including valve changes, hole in the heart chambers, and structural changes requiring surgery or monitoring.

## 6) EAR NOSE THROAT
a) How this affects the patient: The patient has trouble seeing things that are far away, and she asks us to repeat ourselves because she didn't quite catch it the first time. This happens more often when there's background noise or if we're in a hurry.
b) How this affects others with the syndrome: Around 38% of people with KBG syndrome have heart conditions, including valve changes, hole in the heart chambers, and structural changes requiring surgery or monitoring.

## 7) OPHTHALMOLOGY AND VISION
a) How this affects the patient: The patient has trouble seeing things that are far away, and she asks us to repeat ourselves because she didn't quite catch it the first time. This happens more often when there's background noise or if we're in a hurry.
b) How this affects others with the syndrome: Around 38% of people with KBG syndrome have heart conditions, including valve changes, hole in the heart chambers, and structural changes requiring surgery or monitoring.

## 8) DERMATOLOGY
a) How this affects the patient: N/A
b) How this affects others with the syndrome: N/A

## 9) DENTAL
a) How this affects the patient: The patient has a tendency towards tooth decay due to weak enamel, necessitating diligent oral hygiene and regular dental visits.
b) How this affects others with the syndrome: Around 20-40% of people with KBG syndrome have seizures, and around 38% have heart conditions, including valve changes, hole in the heart chambers, and structural changes requiring surgery or monitoring.

## 10) EDUCATION
a) How this affects the patient: The patient has taken a bit longer to achieve certain milestones like walking and sitting compared to other kids her age, but once she started, she progressed well.
b) How this affects others with the syndrome: Around 38% of people with KBG syndrome have heart conditions, including valve changes, hole in the heart chambers, and structural changes requiring surgery or monitoring.

## 11) BEHAVIOUR AND DEVELOPMENT
a) How this affects the patient: The patient has a developmental delay and behavioral differences, taking longer to achieve certain milestones like walking and sitting.
b) How this affects others with the syndrome: Around 38% of people with KBG syndrome have heart conditions, including valve changes, hole in the heart chambers, and structural changes requiring surgery or monitoring.

## 12) SKELETAL
a) How this affects the patient: The patient has an unusual structure of their spinal bones which can give rise to an increased curvature of the spine (scoliosis).
b) How this affects others with the syndrome: Around 38% of people with KBG syndrome have heart conditions, including valve changes, hole in the heart chambers, and structural changes requiring surgery or monitoring.

## 13) RECOMMENDATIONS FOR SCREENING AND TREATMENTS
a) Screening for septal defects: Regular monitoring by a cardiologist.
b) Monitoring for heart conditions: Around 38% of people with KBG syndrome have heart conditions, including valve changes, hole in the heart chambers, and structural changes requiring surgery or monitoring.",0.8238,0.8873,0.0635,Observed
02,1,"# CLINICAL PATIENT REPORT

## 1) RESPIRATORY
a) How this affects the patient: N/A
b) How this affects others with the syndrome: N/A

## 2) CARDIOLOGY
a) How this affects the patient: The patient experiences fatigue during physical activity, particularly running, and requires frequent rest breaks.
b) How this affects others with the syndrome: Around 38% of people with KBG syndrome have heart conditions, including valve changes, chamber holes, and structural abnormalities. Some require surgery, while others need monitoring.

## 3) GASTROENTEROLOGY
a) How this affects the patient: The patient has difficulty eating certain textures and tastes, making mealtime challenging.
b) How this affects others with the syndrome: Around 20-40% of people with KBG syndrome experience seizures, and around 38% have heart conditions.

## 4) IMMUNOLOGY
a) How this affects the patient: N/A
b) How this affects others with the syndrome: N/A

## 5) NEUROLOGY
a) How this affects the patient: The patient falls more frequently than other children her age, potentially due to coordination or balance issues.
b) How this affects others with the syndrome: Around 38% of people with KBG syndrome have heart conditions, including valve changes, chamber holes, and structural abnormalities. Some require surgery, while others need monitoring.

## 6) EAR NOSE THROAT
a) How this affects the patient: The patient has a triangular-shaped face, wide-spaced eyes, and thick eyebrows that sometimes join in the center (synophrys), along with brachydactylism and clinodactyly.
b) How this affects others with the syndrome: Around 38% of people with KBG syndrome have heart conditions, including valve changes, chamber holes, and structural abnormalities. Some require surgery, while others need monitoring.

## 7) OPHTHALMOLOGY AND VISION
a) How this affects the patient: The patient has hypermetropia, requiring corrective lenses, and occasional vision problems like astigmatism and short-sightedness.
b) How this affects others with the syndrome: Around 38% of people with KBG syndrome have heart conditions, including valve changes, chamber holes, and structural abnormalities. Some require surgery, while others need monitoring.

## 8) DERMATOLOGY
a) How this affects the patient: The patient has a triangular-shaped face, wide-spaced eyes, and thick eyebrows that sometimes join in the center (synophrys), along with brachydactylism and clinodactyly.
b) How this affects others with the syndrome: Around 38% of people with KBG syndrome have heart conditions, including valve changes, chamber holes, and structural abnormalities. Some require surgery, while others need monitoring.

## 9) DENTAL
a) How this affects the patient: The patient has larger permanent upper middle teeth (macrodontia of upper central incisors) and a tendency to chip or break teeth easily.
b) How this affects others with the syndrome: Around 38% of people with KBG syndrome have heart conditions, including valve changes, chamber holes, and structural abnormalities. Some require surgery, while others need monitoring.

## 10) EDUCATION
a) How this affects the patient: The patient requires additional help in school, with some going to a mainstream primary school but needing special schooling or EHCP for secondary school.
b) How this affects others with the syndrome: Around 38% of people with KBG syndrome have heart conditions, including valve changes, chamber holes, and structural abnormalities. Some require surgery, while others need monitoring.

## 11) BEHAVIOUR AND DEVELOPMENT
a) How this affects the patient: The patient exhibits behavioral differences such as autism spectrum disorder (ASD), attention deficit hyperactivity disorder (ADHD), and anxiety.
b) How this affects others with the syndrome: Around 38% of people with KBG syndrome have heart conditions, including valve changes, chamber holes, and structural abnormalities. Some require surgery, while others need monitoring.

## 12) SKELETAL
a) How this affects the patient: The patient has an unusual structure of their spinal bones, giving rise to an increased curvature of the spine (scoliosis), and short fingers with a curvature of the 5th finger (clinodactyly).
b) How this affects others with the syndrome: Around 38% of people with KBG syndrome have heart conditions, including valve changes, chamber holes, and structural abnormalities. Some require surgery, while others need monitoring.

## 13) RECOMMENDATIONS FOR SCREENING AND TREATMENTS
a) Screen for seizures: Around 20-40% of people with KBG syndrome experience seizures, and around 38% have heart conditions. Anti-epileptic drugs are effective, but some cases are difficult to treat.
b) Monitor hearing: Around 38% of people with KBG syndrome have heart conditions, including valve changes, chamber holes, and structural abnormalities. Monitoring hearing is crucial, especially during early childhood.
c) Evaluate vision: Around 38% of people with KBG syndrome have heart conditions, including valve changes, chamber holes, and structural abnormalities. Regular eye exams are essential, even if initial results are clear.
d) Assess testes position: Around 38% of people with KBG syndrome have heart conditions, including valve changes, chamber holes, and structural abnormalities. Testes position should be monitored, especially in infants.
e) Review palates: Around 38% of people with KBG syndrome have heart conditions, including valve changes, chamber holes, and structural abnormalities. Palate issues should be reviewed, especially if there are feeding difficulties or speech concerns.
f) Screen for tethered cord: Around 38% of people with KBG syndrome have heart conditions, including valve changes, chamber holes, and structural abnormalities. Tethered cord should be screened, especially if sacral dimples are present.
g) Monitor growth: Around 38% of people with KBG syndrome have heart conditions, including valve changes, chamber holes, and structural abnormalities. Growth monitoring is critical, especially if height is below the 2nd centile.
h) Manage seizures: Around 20-40% of people with KBG syndrome experience seizures, and around 38% have heart conditions. Anti-epileptic drugs are effective, but some cases are difficult to treat.
i) Address hearing issues: Around 38% of people with KBG syndrome have heart conditions, including valve changes, chamber holes, and structural abnormalities. Otitis media or glue ear can lead to conductive hearing loss, requiring regular hearing checks.
j) Manage feeding difficulties: Around 38% of people with KBG syndrome have heart conditions, including valve changes, chamber holes, and structural abnormalities. Feeding challenges should be managed with dietary modifications and possibly short-term nasogastric tube feeding.
k) Monitor heart health: Around 38% of people with KBG syndrome have heart conditions, including valve changes, chamber holes, and structural abnormalities. Regular cardiac screenings are recommended, including echocardiograms and electrocardiograms.
l) Manage cognitive delays: Around 38% of people with KBG syndrome have heart conditions, including valve changes, chamber holes, and structural abnormalities. Cognitive delays should be addressed through educational interventions and accommodations.",0.6352,0.8194,0.18420000000000003,Observed
02,2,"# CLINICAL PATIENT REPORT

## 1) RESPIRATORY
a) How this affects the patient: N/A
b) How this affects others with the syndrome: N/A

## 2) CARDIOLOGY
a) How this affects the patient: The patient has a valve abnormality detected during a check-up, which has not yet affected his daily life significantly.
b) How this affects others with the syndrome: Around 38% of people with KBG syndrome have heart conditions, including changes to the heart valves, holes in the heart chambers, and structural changes.

## 3) GASTROENTEROLOGY
a) How this affects the patient: The patient's weight gain has been slower compared to other kids his age, and he requires a closer watch on his diet and nutrient intake.
b) How this affects others with the syndrome: Around 20-40% of people with KBG syndrome have seizures, and around 38% have heart conditions.

## 4) IMMUNOLOGY
a) How this affects the patient: N/A
b) How this affects others with the syndrome: N/A

## 5) NEUROLOGY
a) How this affects the patient: The patient's coordination is a bit of a challenge, appearing less coordinated than his peers when performing physical activities.
b) How this affects others with the syndrome: Around 38% of people with KBG syndrome have heart conditions, including changes to the heart valves, holes in the heart chambers, and structural changes.

## 6) EAR NOSE THROAT
a) How this affects the patient: The patient turns the TV volume up very high to hear it properly, indicating potential hearing issues.
b) How this affects others with the syndrome: Around 38% of people with KBG syndrome have heart conditions, including changes to the heart valves, holes in the heart chambers, and structural changes.

## 7) OPHTHALMOLOGY AND VISION
a) How this affects the patient: The patient has a speech delay and was diagnosed with hip dysplasia, which have been significant challenges for the family.
b) How this affects others with the syndrome: Around 38% of people with KBG syndrome have heart conditions, including changes to the heart valves, holes in the heart chambers, and structural changes.

## 8) DERMATOLOGY
a) How this affects the patient: N/A
b) How this affects others with the syndrome: N/A

## 9) DENTAL
a) How this affects the patient: The patient complains about tooth sensitivity, especially with cold foods or drinks, becoming a bit of an issue because he loves ice cream and cold milk.
b) How this affects others with the syndrome: Around 38% of people with KBG syndrome have heart conditions, including changes to the heart valves, holes in the heart chambers, and structural changes.

## 10) EDUCATION
a) How this affects the patient: N/A
b) How this affects others with the syndrome: Around 38% of people with KBG syndrome have heart conditions, including changes to the heart valves, holes in the heart chambers, and structural changes.

## 11) BEHAVIOUR AND DEVELOPMENT
a) How this affects the patient: The patient shows subtle behavioral differences such as coordination challenges, which are noticeable but not significant.
b) How this affects others with the syndrome: Around 38% of people with KBG syndrome have heart conditions, including changes to the heart valves, holes in the heart chambers, and structural changes.

## 12) SKELETAL
a) How this affects the patient: The patient has an unusual structure of his spinal bones, giving rise to an increased curvature of the spine (scoliosis), and has short fingers with a curvature of the 5th fingers (clinodactyly).
b) How this affects others with the syndrome: Around 38% of people with KBG syndrome have heart conditions, including changes to the heart valves, holes in the heart chambers, and structural changes.

## 13) RECOMMENDATIONS FOR SCREENING AND TREATMENTS
a) Regular dental check-ups: The patient needs regular dental check-ups to prevent tooth sensitivity and maintain overall oral health.
b) Regular hearing reviews to age 5: The patient should undergo regular hearing reviews to ensure proper hearing and address any hearing issues early.
c) Eyesight (ophthalmology) review: The patient should have regular eye examinations to monitor vision and address any vision problems.
d) Check position of testes in boys: The patient should be monitored for the presence of undescended testes, as this can lead to complications such as precocious puberty.
e) Consider a palate review: The patient should be referred for a palate review if there are feeding difficulties or speech concerns, as this can impact speech development and feeding.
f) Referral for a cardiac review: The patient should be referred for a cardiac review, including echocardiography and electrocardiogram, to monitor for any heart conditions.
g) Monitor growth velocity: The patient's growth should be closely monitored, particularly if height is below the 2nd centile, as this may indicate underlying hormonal imbalances or other conditions requiring further investigation.
h) Physiotherapy, occupational therapy, speech therapy, and behavioural therapy: The patient should receive comprehensive therapies tailored to address his unique set of challenges, including coordination, speech delays, and other associated conditions.",0.8447,0.7697,-0.07499999999999996,Estimated
02,5,"# CLINICAL PATIENT REPORT

## 1) RESPIRATORY
a) How this affects the patient: N/A
b) How this affects others with the syndrome: N/A

## 2) CARDIOLOGY
a) How this affects the patient: The patient has a valvular abnormality in one of her heart valves, requiring follow-up appointments to ensure the valve remains healthy.
b) How this affects others with the syndrome: Around 38% of people with KBG syndrome have heart conditions, including changes to the heart valves, holes in the heart chambers, and structural changes. A few require surgery, while some just need monitoring.

## 3) GASTROENTEROLOGY
a) How this affects the patient: The patient is picky with food, leading to stress at mealtime.
b) How this affects others with the syndrome: Around 20-40% of people with KBG syndrome have seizures, and around 38% have heart conditions, including changes to the heart valves, holes in the heart chambers, and structural changes. A few require surgery, while some just need monitoring.

## 4) IMMUNOLOGY
a) How this affects the patient: N/A
b) How this affects others with the syndrome: N/A

## 5) NEUROLOGY
a) How this affects the patient: The patient experiences staring spells, which are concerning and warrant further investigation.
b) How this affects others with the syndrome: Around 20-40% of people with KBG syndrome have seizures, and around 38% have heart conditions, including changes to the heart valves, holes in the heart chambers, and structural changes. A few require surgery, while some just need monitoring.

## 6) EAR NOSE THROAT
a) How this affects the patient: The patient's hip formed abnormally, resulting in hip dysplasia, which requires follow-up with physiotherapy to help strengthen the muscles around it.
b) How this affects others with the syndrome: Around 38% of people with KBG syndrome have heart conditions, including changes to the heart valves, holes in the heart chambers, and structural changes. A few require surgery, while some just need monitoring.

## 7) OPHTHALMOLOGY AND VISION
a) How this affects the patient: The patient has difficulty seeing things far away, which is being managed with glasses.
b) How this affects others with the syndrome: Around 20-40% of people with KBG syndrome have seizures, and around 38% have heart conditions, including changes to the heart valves, holes in the heart chambers, and structural changes. A few require surgery, while some just need monitoring.

## 8) DERMATOLOGY
a) How this affects the patient: N/A
b) How this affects others with the syndrome: N/A

## 9) DENTAL
a) How this affects the patient: The patient has chewing difficulties, particularly with tougher foods like meat or raw vegetables.
b) How this affects others with the syndrome: Around 20-40% of people with KBG syndrome have seizures, and around 38% have heart conditions, including changes to the heart valves, holes in the heart chambers, and structural changes. A few require surgery, while some just need monitoring.

## 10) EDUCATION
a) How this affects the patient: The patient needs extra help in school, though most go to a mainstream primary school.
b) How this affects others with the syndrome: Around 20-40% of people with KBG syndrome have seizures, and around 38% have heart conditions, including changes to the heart valves, holes in the heart chambers, and structural changes. A few require surgery, while some just need monitoring.

## 11) BEHAVIOUR AND DEVELOPMENT
a) How this affects the patient: The patient experiences staring spells, which are concerning and warrant further investigation.
b) How this affects others with the syndrome: Around 20-40% of people with KBG syndrome have seizures, and around 38% have heart conditions, including changes to the heart valves, holes in the heart chambers, and structural changes. A few require surgery, while some just need monitoring.

## 12) SKELETAL
a) How this affects the patient: The patient has hip dysplasia, requiring follow-up with physiotherapy to help strengthen the muscles around it.
b) How this affects others with the syndrome: Around 38% of people with KBG syndrome have heart conditions, including changes to the heart valves, holes in the heart chambers, and structural changes. A few require surgery, while some just need monitoring.

## 13) RECOMMENDATIONS FOR SCREENING AND TREATMENTS
a) Regular dental check-ups: The patient's teeth are chewing tough foods, so regular dental check-ups are recommended.
b) Regular hearing reviews to age 5: The patient has otitis media, which is being monitored with regular hearing reviews.
c) Eyesight (ophthalmology) review: The patient has vision problems, specifically astigmatism and short-sightedness, which should be reviewed annually.
d) Check position of testes in boys: The patient's testes are not descending normally, and he should be followed up with a specialist to correct the issue.
e) Consider a palate review: The patient has feeding difficulties and speech concerns, and a specialist review may be necessary.
f) Referral for a cardiac review: The patient has a valvular abnormality in one of her heart valves, and follow-up appointments are recommended to ensure the valve remains healthy.
g) Follow-up with physiotherapy: The patient's hip dysplasia requires follow-up with physiotherapy to help strengthen the muscles around it.
h) Consider a skeletal review: The patient's bones show an increased curvature of the spine, and X-rays of the wrist, hip, spine, and skull should be taken to assess bone age and overall health.",0.4185,0.8478,0.4293,Observed
02,8,"# CLINICAL PATIENT REPORT

## 1) RESPIRATORY
a) How this affects the patient: N/A
b) How this affects others with the syndrome: N/A

## 2) CARDIOLOGY
a) How this affects the patient: The patient experiences a structural abnormality in her heart, which requires close monitoring.
b) How this affects others with the syndrome: Around 38% of people with KBG syndrome have heart conditions, including changes to the heart valves, holes in the heart chambers, and structural changes.

## 3) GASTROENTEROLOGY
a) How this affects the patient: The patient experiences bowel problems from time to time, affecting her daily life.
b) How this affects others with the syndrome: Around 20-40% of people with KBG syndrome have seizures, and around 38% have heart conditions.

## 4) IMMUNOLOGY
a) How this affects the patient: N/A
b) How this affects others with the syndrome: N/A

## 5) NEUROLOGY
a) How this affects the patient: The patient falls more frequently than other kids her age, indicating poor balance or coordination.
b) How this affects others with the syndrome: Around 38% of people with KBG syndrome have heart conditions, including changes to the heart valves, holes in the heart chambers, and structural changes.

## 6) EAR NOSE THROAT
a) How this affects the patient: The patient stands and walks with a noticeably different posture compared to other children, and she takes a bit longer to achieve developmental milestones than what's typically expected for her age.
b) How this affects others with the syndrome: Around 38% of people with KBG syndrome have heart conditions, including changes to the heart valves, holes in the heart chambers, and structural changes.

## 7) OPHTHALMOLOGY AND VISION
a) How this affects the patient: The patient experiences vision problems such as astigmatism, short- or long-sightedness, and squinting.
b) How this affects others with the syndrome: Around 38% of people with KBG syndrome have heart conditions, including changes to the heart valves, holes in the heart chambers, and structural changes.

## 8) DERMATOLOGY
a) How this affects the patient: N/A
b) How this affects others with the syndrome: N/A

## 9) DENTAL
a) How this affects the patient: The patient requires frequent dental check-ups and treatments to maintain her teeth.
b) How this affects others with the syndrome: Around 38% of people with KBG syndrome have heart conditions, including changes to the heart valves, holes in the heart chambers, and structural changes.

## 10) EDUCATION
a) How this affects the patient: The patient requires extra help in school, particularly in mainstream secondary school due to the additional demands of the curriculum.
b) How this affects others with the syndrome: Around 38% of people with KBG syndrome have heart conditions, including changes to the heart valves, holes in the heart chambers, and structural changes.

## 11) BEHAVIOUR AND DEVELOPMENT
a) How this affects the patient: The patient falls more frequently than other kids her age, indicating poor balance or coordination.
b) How this affects others with the syndrome: Around 38% of people with KBG syndrome have heart conditions, including changes to the heart valves, holes in the heart chambers, and structural changes.

## 12) SKELETAL
a) How this affects the patient: The patient has an unusual structure of her spinal bones, giving rise to an increased curvature of the spine (scoliosis).
b) How this affects others with the syndrome: Around 38% of people with KBG syndrome have heart conditions, including changes to the heart valves, holes in the heart chambers, and structural changes.

## 13) RECOMMENDATIONS FOR SCREENING AND TREATMENTS
a) Screening for heart conditions: Regular echocardiograms and electrocardiograms (ECGs) are recommended.
b) Monitoring for scoliosis: X-rays of the wrist, hip, spine, and skull should be taken annually.
c) Orthopedic evaluation: An orthopedic examination should be performed to assess the curvature of the spine and ensure proper alignment of the hips.
d) Neurological assessment: Regular assessments of balance and coordination should be conducted.
e) Ophthalmologic evaluation: Regular eye exams should be conducted to monitor vision and address any potential visual impairments.",0.6447,0.9138000000000001,0.2691,Estimated
02,10,"# CLINICAL PATIENT REPORT

## 1) RESPIRATORY
a) How this affects the patient: N/A
b) How this affects others with the syndrome: N/A

## 2) CARDIOLOGY
a) How this affects the patient: The patient has a valve abnormality requiring periodic monitoring, and occasional visits to cardiologists for adjustments to treatment.
b) How this affects others with the syndrome: Around 38% of people with KBG syndrome have heart conditions, including changes to the heart valves, holes in the heart chambers, and structural changes. A few require surgery, while some just need monitoring.

## 3) GASTROENTEROLOGY
a) How this affects the patient: Our son exhibits feeding aversion, and certain foods just don't agree with him. Managing mealtimes can sometimes get stressful due to refusal of specific dishes.
b) How this affects others with the syndrome: Around 20-40% of people with KBG syndrome have seizures, and around 38% have heart conditions, including changes to the heart valves, holes in the heart chambers, and structural changes. A few require surgery, while some just need monitoring.

## 4) IMMUNOLOGY
a) How this affects the patient: N/A
b) How this affects others with the syndrome: Around 38% of people with KBG syndrome have heart conditions, including changes to the heart valves, holes in the heart chambers, and structural changes. A few require surgery, while some just need monitoring.

## 5) NEUROLOGY
a) How this affects the patient: The patient has a tethered cord, which can cause pain and weakness in the legs, urinary and bowel issues, sacral dimple, and an unusual gait. Most children with KBG syndrome do not have these issues.
b) How this affects others with the syndrome: Around 38% of people with KBG syndrome have heart conditions, including changes to the heart valves, holes in the heart chambers, and structural changes. A few require surgery, while some just need monitoring.

## 6) EAR NOSE THROAT
a) How this affects the patient: Our son experiences feeding aversion and certain foods just don't agree with him. Managing mealtimes can sometimes get stressful due to refusal of specific dishes.
b) How this affects others with the syndrome: Around 20-40% of people with KBG syndrome have seizures, and around 38% have heart conditions, including changes to the heart valves, holes in the heart chambers, and structural changes. A few require surgery, while some just need monitoring.

## 7) OPHTHALMOLOGY AND VISION
a) How this affects the patient: Our son has astigmatism, which means he has trouble focusing on objects at certain distances. It's been noticeable during playtime when he tries to grab toys or watch videos.
b) How this affects others with the syndrome: Around 38% of people with KBG syndrome have heart conditions, including changes to the heart valves, holes in the heart chambers, and structural changes. A few require surgery, while some just need monitoring.

## 8) DERMATOLOGY
a) How this affects the patient: N/A
b) How this affects others with the syndrome: Around 38% of people with KBG syndrome have heart conditions, including changes to the heart valves, holes in the heart chambers, and structural changes. A few require surgery, while some just need monitoring.

## 9) DENTAL
a) How this affects the patient: Our son's teeth seem prone to breaking or chipping easily, and we take great care in monitoring his diet and oral hygiene to minimize risks.
b) How this affects others with the syndrome: Around 38% of people with KBG syndrome have heart conditions, including changes to the heart valves, holes in the heart chambers, and structural changes. A few require surgery, while some just need monitoring.

## 10) EDUCATION
a) How this affects the patient: Our son needs extra help in school, though most go to a mainstream primary school. The extra demands of mainstream secondary school may prove too challenging, and children may transfer to special schooling or remain in mainstream schools with Educational Health Care Plans (EHCP).
b) How this affects others with the syndrome: Around 38% of people with KBG syndrome have heart conditions, including changes to the heart valves, holes in the heart chambers, and structural changes. A few require surgery, while some just need monitoring.

## 11) BEHAVIOUR AND DEVELOPMENT
a) How this affects the patient: Our son has behavioral differences such as autism spectrum disorder (ASD), ADHD, or anxiety. Medication(s) may be appropriate in some circumstances.
b) How this affects others with the syndrome: Around 38% of people with KBG syndrome have heart conditions, including changes to the heart valves, holes in the heart chambers, and structural changes. A few require surgery, while some just need monitoring.

## 12) SKELETAL
a) How this affects the patient: Some people with KBG syndrome have an unusual structure of their spinal bones which can give rise to an increased curvature of the spine (scoliosis). Babies may experience a delayed closure of the soft spot on their head (anterior fontanelle). Many people with KBG syndrome have short fingers (brachydactyly) with a curvature of the 5th fingers (clinodactyly).
b) How this affects others with the syndrome: Around 38% of people with KBG syndrome have heart conditions, including changes to the heart valves, holes in the heart chambers, and structural changes. A few require surgery, while some just need monitoring.

## 13) RECOMMENDATIONS FOR SCREENING AND TREATMENTS
a) Regular dental check-ups: Regular dental check-ups are recommended to monitor the patient's teeth and prevent damage.
b) Regular hearing reviews to age 5: Regular hearing reviews are recommended to monitor the patient's hearing and address any issues early.
c) Eyesight (ophthalmology) review: Regular eye examinations are recommended to monitor the patient's vision and address any vision-related issues.
d) Check position of testes in boys: Regular examination of the testes' position is recommended to ensure proper descent.
e) Consider a palate review: A palate review is recommended if the patient experiences feeding difficulties or speech concerns.
f) Referral for a cardiac review: Regular cardiac reviews are recommended to monitor the patient's heart condition and adjust treatment as necessary.
g) Consider a skeletal review: Regular X-rays of the wrist, hip, spine, and skull are recommended to assess bone age and detect any abnormalities.
h) Monitor growth velocity: Regular monitoring of the patient's growth is recommended to detect any deviations from normal growth patterns.
i) Consider physiotherapy, occupational therapy, speech therapy, and behavioral therapy: Regular assessments and interventions are recommended to address the patient's various needs and challenges.",0.8026,0.7974,-0.005199999999999982,Observed
02,11,"# CLINICAL PATIENT REPORT

## 1) RESPIRATORY
a) How this affects the patient: N/A
b) How this affects others with the syndrome: N/A

## 2) CARDIOLOGY
a) How this affects the patient: The patient has a valve issue, which the doctors mentioned but the parent doesn't know more details.
b) How this affects others with the syndrome: Around 38% of people with KBG syndrome have heart conditions, including changes to the heart valves, holes in the heart chambers, and structural changes. A few require surgery, while some just need monitoring.

## 3) GASTROENTEROLOGY
a) How this affects the patient: The patient is very picky with food textures, refusing certain foods based on texture rather than taste or nutritional value.
b) How this affects others with the syndrome: Around 20-40% of people with KBG syndrome have seizures, and around 38% have heart conditions.

## 4) IMMUNOLOGY
a) How this affects the patient: N/A
b) How this affects others with the syndrome: N/A

## 5) NEUROLOGY
a) How this affects the patient: The patient has epilepsy.
b) How this affects others with the syndrome: Around 20-40% of people with KBG syndrome have seizures.

## 6) EAR NOSE THROAT
a) How this affects the patient: The patient struggles to make himself understood when speaking.
b) How this affects others with the syndrome: Around 20-40% of people with KBG syndrome have seizures.

## 7) OPHTHALMOLOGY AND VISION
a) How this affects the patient: The patient has blurry vision, particularly harder to see things in noisy environments.
b) How this affects others with the syndrome: Around 38% of people with KBG syndrome have heart conditions, including changes to the heart valves, holes in the heart chambers, and structural changes.

## 8) DERMATOLOGY
a) How this affects the patient: N/A
b) How this affects others with the syndrome: N/A

## 9) DENTAL
a) How this affects the patient: The patient has large permanent upper middle teeth (macrodontia of upper central incisors).
b) How this affects others with the syndrome: Around 20-40% of people with KBG syndrome have seizures.

## 10) EDUCATION
a) How this affects the patient: The patient needs extra help in school, though most go to a mainstream primary school.
b) How this affects others with the syndrome: Around 20-40% of people with KBG syndrome have seizures.

## 11) BEHAVIOUR AND DEVELOPMENT
a) How this affects the patient: The patient has behavioral differences such as autism spectrum disorder (ASD), ADHD, or anxiety.
b) How this affects others with the syndrome: Around 20-40% of people with KBG syndrome have seizures.

## 12) SKELETAL
a) How this affects the patient: The patient has an unusual structure of their spinal bones, giving rise to an increased curvature of the spine (scoliosis).
b) How this affects others with the syndrome: Around 38% of people with KBG syndrome have heart conditions, including changes to the heart valves, holes in the heart chambers, and structural changes.

## 13) RECOMMENDATIONS FOR SCREENING AND TREATMENTS
a) Screening for seizures: Around 20-40% of people with KBG syndrome have seizures, so screening for seizures is recommended.
b) Hearing checks: Regular hearing reviews to age 5 (even if earlier reviews give a clear response) are recommended.
c) Eye exams: Ophthalmology review is recommended.
d) Palate review: Consider a palate review (particularly if there are feeding difficulties or speech concerns).
e) Cardiac review: Consider a cardiac review (including echo and ECG) following diagnosis.
f) Skeletal review: Consider a skeletal review (X-ray of the wrist (to determine bone age), hip, spine, and skull) in children following diagnosis.
g) Feeding assessment: Regular dental check-ups are recommended for those with feeding difficulties or speech concerns.
h) Epilepsy management: Management of epilepsy is recommended.
i) Neurological assessments: Consider a neurological assessment if the patient shows signs of neurological issues.",0.5949,0.7791,0.18420000000000003,Estimated
02,13,"# CLINICAL PATIENT REPORT

## 1) RESPIRATORY
a) How this affects the patient: N/A
b) How this affects others with the syndrome: Around 20-40% of people with KBG syndrome have seizures, and approximately 38% have heart conditions.

## 2) CARDIOLOGY
a) How this affects the patient: Around 20-40% of people with KBG syndrome have seizures, and approximately 38% have heart conditions.
b) How this affects others with the syndrome: Approximately 38% of people with KBG syndrome have heart conditions.

## 3) GASTROENTEROLOGY
a) How this affects the patient: Feeding has been tricky since day one. He has trouble eating certain foods and sometimes shows discomfort after meals.
b) How this affects others with the syndrome: Around 20-40% of people with KBG syndrome have seizures.

## 4) IMMUNOLOGY
a) How this affects the patient: N/A
b) How this affects others with the syndrome: N/A

## 5) NEUROLOGY
a) How this affects the patient: Sometimes, he just stares off into space for a few seconds. These episodes worry us because they seem out of the blue. We're not sure what triggers them or how to respond.
b) How this affects others with the syndrome: Around 20-40% of people with KBG syndrome have seizures.

## 6) EAR NOSE THROAT
a) How this affects the patient: N/A
b) How this affects others with the syndrome: Around 20-40% of people with KBG syndrome have seizures.

## 7) OPHTHALMOLOGY AND VISION
a) How this affects the patient: He has astigmatism, which means he needs glasses to see clearly. It's been a challenge getting him used to wearing them all the time.
b) How this affects others with the syndrome: Around 20-40% of people with KBG syndrome have seizures.

## 8) DERMATOLOGY
a) How this affects the patient: N/A
b) How this affects others with the syndrome: N/A

## 9) DENTAL
a) How this affects the patient: There have been some issues with cavities and tooth decay that we're working to address through better oral hygiene.
b) How this affects others with the syndrome: Around 20-40% of people with KBG syndrome have cavities and tooth decay.

## 10) EDUCATION
a) How this affects the patient: The therapists are helping him catch up with his peers, but it's clear he needs more support in this area.
b) How this affects others with the syndrome: Around 20-40% of people with KBG syndrome have seizures.

## 11) BEHAVIOUR AND DEVELOPMENT
a) How this affects the patient: Sometimes, he just stares off into space for a few seconds. These episodes worry us because they seem out of the blue. We're not sure what triggers them or how to respond.
b) How this affects others with the syndrome: Around 20-40% of people with KBG syndrome have seizures.

## 12) SKELETAL
a) How this affects the patient: Some people with KBG syndrome have an unusual structure of their spinal bones which can give rise to an increased curvature of the spine (scoliosis). Babies may experience a delayed closure of the soft spot on their head (anterior fontanelle).
b) How this affects others with the syndrome: Around 20-40% of people with KBG syndrome have seizures.

## 13) RECOMMENDATIONS FOR SCREENING AND TREATMENTS
a) Regular dental check-ups: Regular dental check-ups are recommended to prevent cavities and tooth decay.
b) Regular hearing reviews to age 5: Regular hearing reviews are recommended to ensure proper hearing acuity.
c) Eyesight (ophthalmology) review: Regular eye examinations are recommended to detect and address vision problems like astigmatism and short-sightedness.
d) Check position of testes in boys: Regular examination of the testes' position is recommended to rule out cryptorchidism.
e) Consider a palate review: A review of the palate is recommended if there are feeding difficulties or speech concerns.
f) Referral for a cardiac review: A cardiac review is recommended following diagnosis to assess heart conditions.
g) Monitor growth velocity: Regular monitoring of growth is recommended to detect potential health issues like slow growth.
h) Consider physiotherapy, occupational therapy, speech therapy and behavioral therapy: Physiotherapy, occupational therapy, speech therapy, and behavioral therapy are recommended to address various challenges faced by the patient.",0.8389,0.7103,-0.12859999999999994,Estimated
02,15,"# CLINICAL PATIENT REPORT

## 1) RESPIRATORY
a) How this affects the patient: N/A
b) How this affects others with the syndrome: N/A

## 2) CARDIOLOGY
a) How this affects the patient: The patient has a structural issue with his heart, requiring ongoing monitoring by the cardiologist.
b) How this affects others with the syndrome: Around 38% of people with KBG syndrome have heart conditions, ranging from valve abnormalities to hole in the heart chambers.

## 3) GASTROENTEROLOGY
a) How this affects the patient: The patient has slow weight gain compared to his peers, which is concerning.
b) How this affects others with the syndrome: Around 20-40% of people with KBG syndrome have seizures, and around 38% have heart conditions.

## 4) IMMUNOLOGY
a) How this affects the patient: N/A
b) How this affects others with the syndrome: N/A

## 5) NEUROLOGY
a) How this affects the patient: The patient has a tethered cord issue, which requires monitoring and potential treatment with MRI.
b) How this affects others with the syndrome: Around 38% of people with KBG syndrome have heart conditions.

## 6) EAR NOSE THROAT
a) How this affects the patient: The patient experiences difficulty seeing clearly from a distance and discomfort with loud noises.
b) How this affects others with the syndrome: Around 38% of people with KBG syndrome have heart conditions.

## 7) OPHTHALMOLOGY AND VISION
a) How this affects the patient: The patient has vision problems such as astigmatism and short-sightedness (myopia/hypermetropia), leading to speech delays and feeding difficulties.
b) How this affects others with the syndrome: Around 38% of people with KBG syndrome have heart conditions.

## 8) DERMATOLOGY
a) How this affects the patient: N/A
b) How this affects others with the syndrome: N/A

## 9) DENTAL
a) How this affects the patient: The patient's teeth break or chip easily, necessitating careful handling during meals.
b) How this affects others with the syndrome: Around 38% of people with KBG syndrome have heart conditions.

## 10) EDUCATION
a) How this affects the patient: The patient needs extra help in school, particularly with speech and hearing delays.
b) How this affects others with the syndrome: Around 38% of people with KBG syndrome have heart conditions.

## 11) BEHAVIOUR AND DEVELOPMENT
a) How this affects the patient: The patient exhibits behavioral differences such as autism spectrum disorder (ASD), attention deficit hyperactivity disorder (ADHD), and anxiety.
b) How this affects others with the syndrome: Around 38% of people with KBG syndrome have heart conditions.

## 12) SKELETAL
a) How this affects the patient: The patient has scoliosis and hip dysplasia, requiring orthopedic intervention.
b) How this affects others with the syndrome: Around 38% of people with KBG syndrome have heart conditions.

## 13) RECOMMENDATIONS FOR SCREENING AND TREATMENTS
a) Screening for heart conditions: Regular echocardiograms and electrocardiograms (ECGs) are recommended.
b) Monitoring for tethered cord: MRI scans are recommended if sacral dimples are present.
c) Orthopedic evaluation: X-rays of the wrist, hips, spine, and skull are recommended for children following diagnosis.
d) Speech therapy: Regular dental check-ups are recommended for children with KBG syndrome.",0.6607,0.6774,0.016700000000000048,Observed
02,19,"# CLINICAL PATIENT REPORT

## 1) RESPIRATORY
a) How this affects the patient: N/A
b) How this affects others with the syndrome: N/A

## 2) CARDIOLOGY
a) How this affects the patient: The patient has a structural abnormality in her heart, requiring regular check-ups to monitor it.
b) How this affects others with the syndrome: Around 38% of people with KBG syndrome have heart conditions, including changes to the heart valves, holes in the heart chambers, and structural changes.

## 3) GASTROENTEROLOGY
a) How this affects the patient: The patient experiences bowel problems, including occasional constipation or diarrhea.
b) How this affects others with the syndrome: Around 20-40% of people with KBG syndrome have seizures, and around 38% have heart conditions.

## 4) IMMUNOLOGY
a) How this affects the patient: N/A
b) How this affects others with the syndrome: N/A

## 5) NEUROLOGY
a) How this affects the patient: The patient has seizures, which can be scary but are controlled by medication.
b) How this affects others with the syndrome: Around 20-40% of people with KBG syndrome have seizures.

## 6) EAR NOSE THROAT
a) How this affects the patient: The patient has difficulty seeing the board at school, squints, and gets close to read.
b) How this affects others with the syndrome: Around 20-40% of people with KBG syndrome have seizures.

## 7) OPHTHALMOLOGY AND VISION
a) How this affects the patient: The patient has difficulty seeing the board at school, squints, and gets close to read.
b) How this affects others with the syndrome: Around 20-40% of people with KBG syndrome have seizures.

## 8) DERMATOLOGY
a) How this affects the patient: N/A
b) How this affects others with the syndrome: N/A

## 9) DENTAL
a) How this affects the patient: The patient has chewing difficulties with hard foods.
b) How this affects others with the syndrome: Around 20-40% of people with KBG syndrome have seizures.

## 10) EDUCATION
a) How this affects the patient: The patient needs extra help in school, particularly with reading and writing.
b) How this affects others with the syndrome: Around 20-40% of people with KBG syndrome have seizures.

## 11) BEHAVIOUR AND DEVELOPMENT
a) How this affects the patient: The patient has behavioral differences such as autism spectrum disorder (ASD), ADHD, or anxiety.
b) How this affects others with the syndrome: Around 20-40% of people with KBG syndrome have seizures.

## 12) SKELETAL
a) How this affects the patient: The patient has an unusual structure of her spinal bones, giving rise to an increased curvature of the spine (scoliosis).
b) How this affects others with the syndrome: Around 38% of people with KBG syndrome have heart conditions.

## 13) RECOMMENDATIONS FOR SCREENING AND TREATMENTS
a) Screening for seizures: Regular screening for seizures is recommended.
b) Monitoring heart condition: Regular check-ups are recommended to monitor the structural abnormality in the patient's heart.
c) Vision assessment: Regular vision assessments should be conducted to monitor the patient's difficulty seeing the board at school and the potential impact of the fluid in the ear.
d) Hearing assessment: Regular hearing assessments should be conducted to monitor the potential impact of the fluid in the ear.
e) Dental care: Regular dental check-ups are recommended to address the patient's chewing difficulties with hard foods.
f) Cardiac evaluation: Regular cardiac evaluations are recommended to monitor the structural abnormalities in the patient's heart.
g) Palatal assessment: Regular palatal assessments are recommended to address the patient's difficulty seeing the board at school and the potential impact of the fluid in the ear.
h) Skeletal assessment: Regular skeletal assessments are recommended to address the patient's scoliosis.",0.683,0.7363,0.0532999999999999,Observed
02,21,"# CLINICAL PATIENT REPORT

## 1) RESPIRATORY
a) How this affects the patient: N/A
b) How this affects others with the syndrome: N/A

## 2) CARDIOLOGY
a) How this affects the patient: Our son has a septal defect in his heart, which requires close monitoring and regular check-ups.
b) How this affects others with the syndrome: Around 38% of people with KBG syndrome have heart conditions, ranging from valve changes to hole in the heart chambers.

## 3) GASTROENTEROLOGY
a) How this affects the patient: Our son struggles with food textures and is selective about what he eats, leading to potential nutritional deficiencies.
b) How this affects others with the syndrome: Selective eating patterns are common among people with KBG syndrome, potentially leading to malnutrition.

## 4) IMMUNOLOGY
a) How this affects the patient: N/A
b) How this affects others with the syndrome: N/A

## 5) NEUROLOGY
a) How this affects the patient: Our son suffers from hypotonia, affecting his muscle tone and making his movements stiff at times. Physical therapy is being used to address this issue.
b) How this affects others with the syndrome: Hypotonia is a common feature in KBG syndrome, contributing to stiffness and reduced movement.

## 6) EAR NOSE THROAT
a) How this affects the patient: Our son experiences a delayed closure of the anterior fontanelle, suggesting a possible cephalohematoma.
b) How this affects others with the syndrome: Cephalohematomas are a known complication in KBG syndrome, particularly in infants.

## 7) OPHTHALMOLOGY AND VISION
a) How this affects the patient: Our son struggles with vision, specifically experiencing otitis media and temporary hearing loss.
b) How this affects others with the syndrome: Otis media is a common feature in KBG syndrome, leading to temporary hearing loss.

## 8) DERMATOLOGY
a) How this affects the patient: N/A
b) How this affects others with the syndrome: N/A

## 9) DENTAL
a) How this affects the patient: Our son has weak enamel on his teeth, requiring extra care in oral hygiene to prevent further issues.
b) How this affects others with the syndrome: Weak enamel is a common feature in KBG syndrome, increasing the risk of tooth decay.

## 10) EDUCATION
a) How this affects the patient: Our son needs additional help in school, especially in areas like toilet training and using utensils.
b) How this affects others with the syndrome: Learning difficulties and behavioral differences are common in KBG syndrome, requiring extra support in school.

## 11) BEHAVIOUR AND DEVELOPMENT
a) How this affects the patient: Our son exhibits behavioral differences, including autism spectrum disorder (ASD), attention deficit hyperactivity disorder (ADHD), and anxiety.
b) How this affects others with the syndrome: Behavioral differences are a hallmark of KBG syndrome, contributing to social and emotional challenges.

## 12) SKELETAL
a) How this affects the patient: Our son has brachydactyly, a shortened fifth finger, and an unusual structure of his spinal bones, leading to an increased curvature of the spine (scoliosis).
b) How this affects others with the syndrome: Brachydactyly and scoliosis are common features in KBG syndrome, contributing to limb and spinal deformities.

## 13) RECOMMENDATIONS FOR SCREENING AND TREATMENTS
a) Screen for hearing issues: Regular hearing reviews to age 5, even if earlier reviews give a clear response.
b) Screen for tongue tie: Consider a palate review, particularly if there are feeding difficulties or speech concerns.
c) Screen for heart defects: Follow-up with a cardiologist, including echocardiography and electrocardiogram (ECG) checks.
d) Screen for hormonal imbalances: N/A.
e) Screen for digestive tract issues: Offer a variety of textured foods to encourage wider consumption.
f) Screen for immunodeficiency: N/A.
g) Screen for thyroid gland issues: N/A.
h) Screen for orthopedic abnormalities: Consider a skeletal review (X-ray of the wrist, hip, spine, and skull) in children following diagnosis.
i) Screen for auditory processing: Regular hearing reviews to age 5, even if earlier reviews give a clear response.
j) Screen for cognitive abilities: Consider a neuropsychological evaluation if academic performance is concerning.",0.5226,0.7917,0.2691,Observed
02,24,"# CLINICAL PATIENT REPORT

## 1) RESPIRATORY
a) How this affects the patient: N/A
b) How this affects others with the syndrome: N/A

## 2) CARDIOLOGY
a) How this affects the patient: The patient experiences fatigue more quickly than other kids his age, suggesting a possible neurological aspect to his fatigue.
b) How this affects others with the syndrome: Around 38% of people with KBG syndrome have heart conditions, including changes to the heart valves, holes in the heart chambers, and structural changes. A few require surgery, while some just need monitoring.

## 3) GASTROENTEROLOGY
a) How this affects the patient: The patient experiences bowel problems, requiring dietary management and monitoring of bowel movements.
b) How this affects others with the syndrome: Around 20-40% of people with KBG syndrome have seizures, and around 38% have heart conditions.

## 4) IMMUNOLOGY
a) How this affects the patient: N/A
b) How this affects others with the syndrome: N/A

## 5) NEUROLOGY
a) How this affects the patient: The patient experiences fatigue more quickly than other kids his age, suggesting a possible neurological aspect to his fatigue.
b) How this affects others with the syndrome: Around 38% of people with KBG syndrome have heart conditions, including changes to the heart valves, holes in the heart chambers, and structural changes. A few require surgery, while some just need monitoring.

## 6) EAR NOSE THROAT
a) How this affects the patient: The patient experiences bowel problems, requiring dietary management and monitoring of bowel movements.
b) How this affects others with the syndrome: Around 20-40% of people with KBG syndrome have seizures, and around 38% have heart conditions.

## 7) OPHTHALMOLOGY AND VISION
a) How this affects the patient: The patient has hypermetropia, which means he has a higher-than-normal curvature of the lens in his eye, affecting his vision.
b) How this affects others with the syndrome: Around 38% of people with KBG syndrome have heart conditions, including changes to the heart valves, holes in the heart chambers, and structural changes. A few require surgery, while some just need monitoring.

## 8) DERMATOLOGY
a) How this affects the patient: N/A
b) How this affects others with the syndrome: N/A

## 9) DENTAL
a) How this affects the patient: The patient needs to practice good oral hygiene and visit the dentist regularly to prevent further issues.
b) How this affects others with the syndrome: Around 20-40% of people with KBG syndrome have seizures, and around 38% have heart conditions.

## 10) EDUCATION
a) How this affects the patient: The patient requires additional help in school, though most go to a mainstream primary school.
b) How this affects others with the syndrome: Around 38% of people with KBG syndrome have heart conditions, including changes to the heart valves, holes in the heart chambers, and structural changes. A few require surgery, while some just need monitoring.

## 11) BEHAVIOUR AND DEVELOPMENT
a) How this affects the patient: The patient experiences fatigue more quickly than other kids his age, suggesting a possible neurological aspect to his fatigue.
b) How this affects others with the syndrome: Around 38% of people with KBG syndrome have heart conditions, including changes to the heart valves, holes in the heart chambers, and structural changes. A few require surgery, while some just need monitoring.

## 12) SKELETAL
a) How this affects the patient: The patient has hip dysplasia, which affects the development of his hip joint.
b) How this affects others with the syndrome: Around 38% of people with KBG syndrome have heart conditions, including changes to the heart valves, holes in the heart chambers, and structural changes. A few require surgery, while some just need monitoring.

## 13) RECOMMENDATIONS FOR SCREENING AND TREATMENTS
a) Screening for seizures: Around 20-40% of people with KBG syndrome have seizures, and around 38% have heart conditions. Regular screening for seizures is recommended.
b) Monitoring of hearing: Around 38% of people with KBG syndrome have heart conditions, including changes to the heart valves, holes in the heart chambers, and structural changes. Regular monitoring of hearing is recommended.
c) Management of fatigue: Around 38% of people with KBG syndrome have heart conditions, including changes to the heart valves, holes in the heart chambers, and structural changes. Regular management of fatigue is recommended.
d) Orthopedic evaluation: Around 38% of people with KBG syndrome have heart conditions, including changes to the heart valves, holes in the heart chambers, and structural changes. An orthopedic evaluation is recommended.
e) Neurological assessment: Around 38% of people with KBG syndrome have heart conditions, including changes to the heart valves, holes in the heart chambers, and structural changes. A neurological assessment is recommended.
f) Cardiologic evaluation: Around 38% of people with KBG syndrome have heart conditions, including changes to the heart valves, holes in the heart chambers, and structural changes. A cardiologic evaluation is recommended.
g) Ophthalmologic evaluation: Around 38% of people with KBG syndrome have heart conditions, including changes to the heart valves, holes in the heart chambers, and structural changes. An ophthalmologic evaluation is recommended.
h) Speech therapy: Around 38% of people with KBG syndrome have heart conditions, including changes to the heart valves, holes in the heart chambers, and structural changes. Speech therapy is recommended.
i) Physical therapy: Around 38% of people with KBG syndrome have heart conditions, including changes to the heart valves, holes in the heart chambers, and structural changes. Physical therapy is recommended.
j) Occupational therapy: Around 38% of people with KBG syndrome have heart conditions, including changes to the heart valves, holes in the heart chambers, and structural changes. Occupational therapy is recommended.
k) Behavioral therapy: Around 38% of people with KBG syndrome have heart conditions, including changes to the heart valves, holes in the heart chambers, and structural changes. Behavioral therapy is recommended.",0.9286,0.82,-0.10860000000000003,Estimated
02,25,"# CLINICAL PATIENT REPORT

## 1) RESPIRATORY
a) How this affects the patient: N/A
b) How this affects others with the syndrome: N/A

## 2) CARDIOLOGY
a) How this affects the patient: The patient experiences a valve in her heart not being right.
b) How this affects others with the syndrome: Around 38% of people with KBG syndrome have heart conditions, including changes to the heart valves, holes in the heart chambers, and structural changes.

## 3) GASTROENTEROLOGY
a) How this affects the patient: The patient is very picky about what she eats, making it difficult to provide a consistent diet.
b) How this affects others with the syndrome: Around 20-40% of people with KBG syndrome experience seizures, and around 38% have heart conditions.

## 4) IMMUNOLOGY
a) How this affects the patient: N/A
b) How this affects others with the syndrome: N/A

## 5) NEUROLOGY
a) How this affects the patient: The patient falls more often than other kids her age.
b) How this affects others with the syndrome: Around 38% of people with KBG syndrome have heart conditions, including changes to the heart valves, holes in the heart chambers, and structural changes.

## 6) EAR NOSE THROAT
a) How this affects the patient: The patient has difficulty seeing clearly in crowded places and has a fussy eating habit.
b) How this affects others with the syndrome: Around 38% of people with KBG syndrome have heart conditions, including changes to the heart valves, holes in the heart chambers, and structural changes.

## 7) OPHTHALMOLOGY AND VISION
a) How this affects the patient: The patient has astigmatism, which makes it hard for her to see clearly sometimes.
b) How this affects others with the syndrome: Around 38% of people with KBG syndrome have heart conditions, including changes to the heart valves, holes in the heart chambers, and structural changes.

## 8) DERMATOLOGY
a) How this affects the patient: N/A
b) How this affects others with the syndrome: N/A

## 9) DENTAL
a) How this affects the patient: The patient's teeth break or chip easily, requiring careful consideration of what she eats.
b) How this affects others with the syndrome: Around 38% of people with KBG syndrome have heart conditions, including changes to the heart valves, holes in the heart chambers, and structural changes.

## 10) EDUCATION
a) How this affects the patient: The patient's speech and feeding habits make it challenging for her to participate in school activities.
b) How this affects others with the syndrome: Around 38% of people with KBG syndrome have heart conditions, including changes to the heart valves, holes in the heart chambers, and structural changes.

## 11) BEHAVIOUR AND DEVELOPMENT
a) How this affects the patient: The patient falls more often than other kids her age.
b) How this affects others with the syndrome: Around 38% of people with KBG syndrome have heart conditions, including changes to the heart valves, holes in the heart chambers, and structural changes.

## 12) SKELETAL
a) How this affects the patient: The patient has an unusual structure of her spinal bones, leading to an increased curvature of the spine (scoliosis).
b) How this affects others with the syndrome: Around 38% of people with KBG syndrome have heart conditions, including changes to the heart valves, holes in the heart chambers, and structural changes.

## 13) RECOMMENDATIONS FOR SCREENING AND TREATMENTS
a) Regular dental check-ups: The patient needs regular dental check-ups to maintain proper oral health.
b) Regular hearing reviews: The patient should undergo regular hearing reviews to ensure her hearing remains healthy.
c) Eyesight (ophthalmology) review: The patient should have regular eye examinations to address potential vision issues.
d) Check position of testes in boys: The patient's testes should be monitored for normal descent.
e) Consider a palate review: The patient should be referred for a palate review if there are feeding difficulties or speech concerns.
f) Referral for a cardiac review: The patient should undergo a cardiac review, including echocardiography and electrocardiogram, to assess her heart condition.
g) Monitor growth velocity: The patient's growth should be closely monitored, especially if her height is below the 2nd centile.
h) Physiotherapy, occupational therapy, speech therapy, and behavioral therapy: The patient should receive physical, occupational, speech, and behavior therapies to address her various challenges.",0.8077,0.7327,-0.07499999999999996,Estimated
02,28,"# CLINICAL PATIENT REPORT

## 1) RESPIRATORY
a) How this affects the patient: N/A
b) How this affects others with the syndrome: N/A

## 2) CARDIOLOGY
a) How this affects the patient: The patient experiences regular heart check-ups due to a pre-existing condition requiring monitoring.
b) How this affects others with the syndrome: Around 38% of people with KBG syndrome have heart conditions, including changes to the heart valves, holes in the heart chambers, and structural changes.

## 3) GASTROENTEROLOGY
a) How this affects the patient: The patient experiences slower weight gain compared to peers, suggesting potential issues with digestion or nutrient absorption.
b) How this affects others with the syndrome: Around 20-40% of people with KBG syndrome experience seizures, with 15/40 (38%) having heart conditions.

## 4) IMMUNOLOGY
a) How this affects the patient: N/A
b) How this affects others with the syndrome: N/A

## 5) NEUROLOGY
a) How this affects the patient: The patient experiences seizures occasionally, which are distressing for him and his family.
b) How this affects others with the syndrome: Around 38% of people with KBG syndrome have seizures, with 15/40 (38%) needing regular heart check-ups.

## 6) EAR NOSE THROAT
a) How this affects the patient: The patient turns the volume of the TV up very high to hear it clearly, suggesting he might be having some difficulty with his hearing.
b) How this affects others with the syndrome: Around 38% of people with KBG syndrome have hearing issues, including recurrent otitis media or glue ear.

## 7) OPHTHALMOLOGY AND VISION
a) How this affects the patient: The patient experiences blurred vision, which can be frustrating during school lessons or when watching TV.
b) How this affects others with the syndrome: Around 38% of people with KBG syndrome have vision problems such as astigmatism, short- or long-sightedness, squint, and feeding difficulties.

## 8) DERMATOLOGY
a) How this affects the patient: N/A
b) How this affects others with the syndrome: N/A

## 9) DENTAL
a) How this affects the patient: The patient experiences chewing harder foods like meat or crunchy vegetables as a challenge due to weak enamel and poor jaw strength.
b) How this affects others with the syndrome: Around 20-40% of people with KBG syndrome experience seizures, with 15/40 (38%) needing regular heart check-ups.

## 10) EDUCATION
a) How this affects the patient: The patient requires extra help in school, especially in mainstream secondary school due to the challenges posed by the condition.
b) How this affects others with the syndrome: Around 38% of people with KBG syndrome experience seizures, with 15/40 (38%) needing regular heart check-ups.

## 11) BEHAVIOUR AND DEVELOPMENT
a) How this affects the patient: The patient experiences behavioral differences such as autism spectrum disorder (ASD), ADHD, and anxiety, and may require medication in some circumstances.
b) How this affects others with the syndrome: Around 38% of people with KBG syndrome experience seizures, with 15/40 (38%) needing regular heart check-ups.

## 12) SKELETAL
a) How this affects the patient: The patient has an unusual structure of their spinal bones, giving rise to an increased curvature of the spine (scoliosis), and short fingers with a curvature of the 5th finger (clinodactyly).
b) How this affects others with the syndrome: Around 38% of people with KBG syndrome have heart conditions, including changes to the heart valves, holes in the heart chambers, and structural changes.

## 13) RECOMMENDATIONS FOR SCREENING AND TREATMENTS
a) Screening for seizures: Regular screening for seizures is recommended, particularly given the 20-40% prevalence of seizures among people with KBG syndrome.
b) Hearing checks: Regular hearing checks should begin at age 5, even if initial results are clear, to monitor hearing issues.
c) Eye exams: Ophthalmological examinations should be conducted regularly to address vision problems such as astigmatism, short- or long-sightedness, squint, and feeding difficulties.
d) Heart check-ups: Regular heart check-ups are essential for monitoring heart conditions, with around 38% of people with KBG syndrome experiencing heart-related issues.
e) Palate review: A palate review should be considered if there are feeding difficulties or speech concerns, as around 38% of people with KBG syndrome have vision problems.
f) Cardiac review: Regular cardiac check-ups are recommended, particularly for those with heart conditions, with around 38% of people with KBG syndrome experiencing heart-related issues.
g) Skeletal review: X-rays of the wrist, hip, spine, and skull should be performed in children following diagnosis to assess the presence of abnormalities associated with KBG syndrome.
h) Feeding difficulties: Long-term nasogastric tube feeding may be necessary for some children, particularly those with feeding difficulties or speech concerns.
i) Growth monitoring: Regular growth assessments should be conducted to monitor height and weight, with around 38% of people with KBG syndrome experiencing slow weight gain.",0.5896,0.7305999999999999,0.1409999999999999,Estimated
02,33,"# CLINICAL PATIENT REPORT

## 1) RESPIRATORY
a) How this affects the patient: N/A
b) How this affects others with the syndrome: N/A

## 2) CARDIOLOGY
a) How this affects the patient: The patient has a structural issue with her heart that requires regular monitoring by the cardiologist.
b) How this affects others with the syndrome: Around 38% of people with KBG syndrome have heart conditions, ranging from valve changes to holes in the heart chambers.

## 3) GASTROENTEROLOGY
a) How this affects the patient: The patient struggles with chewing, especially tougher foods like meat or crunchy vegetables.
b) How this affects others with the syndrome: Many people with KBG syndrome have difficulty eating a balanced diet due to their pickiness.

## 4) IMMUNOLOGY
a) How this affects the patient: N/A
b) How this affects others with the syndrome: N/A

## 5) NEUROLOGY
a) How this affects the patient: The patient has epilepsy, requiring medication adjustments and recognizing signs of a seizure.
b) How this affects others with the syndrome: Around 20-40% of people with KBG syndrome have seizures, with some being difficult to treat.

## 6) EAR NOSE THROAT
a) How this affects the patient: The patient experiences otitis media, affecting her hearing and balance.
b) How this affects others with the syndrome: Around 20-40% of people with KBG syndrome have seizures, with some being difficult to treat.

## 7) OPHTHALMOLOGY AND VISION
a) How this affects the patient: The patient has scoliosis, causing her back to curve and needing to be mindful of this to prevent further issues.
b) How this affects others with the syndrome: Around 38% of people with KBG syndrome have heart conditions, ranging from valve changes to holes in the heart chambers.

## 8) DERMATOLOGY
a) How this affects the patient: N/A
b) How this affects others with the syndrome: N/A

## 9) DENTAL
a) How this affects the patient: The patient struggles with chewing, especially tougher foods like meat or crunchy vegetables.
b) How this affects others with the syndrome: Many people with KBG syndrome have difficulty eating a balanced diet due to their pickiness.

## 10) EDUCATION
a) How this affects the patient: The patient needs extra help in school, particularly with meal times, and may require additional support in mainstream or special schools.
b) How this affects others with the syndrome: Around 20-40% of people with KBG syndrome have seizures, with some being difficult to treat.

## 11) BEHAVIOUR AND DEVELOPMENT
a) How this affects the patient: The patient has behavioral differences such as autism spectrum disorder (ASD), attention deficit hyperactivity disorder (ADHD), and anxiety, and may require medication.
b) How this affects others with the syndrome: Around 20-40% of people with KBG syndrome have seizures, with some being difficult to treat.

## 12) SKELETAL
a) How this affects the patient: The patient has scoliosis, causing her back to curve.
b) How this affects others with the syndrome: Around 38% of people with KBG syndrome have heart conditions, ranging from valve changes to holes in the heart chambers.

## 13) RECOMMENDATIONS FOR SCREENING AND TREATMENTS
a) Regular dental check-ups: The patient should have regular dental check-ups to maintain proper oral health.
b) Regular hearing reviews: The patient should undergo regular hearing reviews to ensure her hearing remains healthy.
c) Eyesight (ophthalmology) review: The patient should have regular eye examinations to address potential vision issues.
d) Check position of testes in boys: The patient should be monitored for the presence of undescended testes.
e) Palate review: The patient should be referred for a palate review if there are feeding difficulties or speech concerns.
f) Cardiac review: The patient should be reviewed regularly by a cardiologist to monitor her heart condition.
g) Physical therapy: The patient should receive physical therapy to address her scoliosis-related issues.
h) Neurological assessment: The patient should undergo a neurological assessment to evaluate her brain function and nerve health.
i) Speech therapy: The patient should receive speech therapy to improve her communication abilities.
j) Occupational therapy: The patient should receive occupational therapy to assist with daily living activities.
k) Behavioural therapy: The patient should receive behavioural therapy to address any behavioral differences.",0.7303,0.8613999999999999,0.1311,Estimated
02,39,"# CLINICAL PATIENT REPORT

## 1) RESPIRATORY
a) How this affects the patient: N/A
b) How this affects others with the syndrome: Around 20-40% of people with KBG syndrome are reported to have seizures, of varying types. Seizures typically respond to the usual antiepileptic treatments. In a small number of cases, epilepsy can be difficult to treat.

## 2) CARDIOLOGY
a) How this affects the patient: The doctor noted that the patient's breathing gets faster than normal when playing, indicating potential respiratory issues.
b) How this affects others with the syndrome: Around 38% of people with KBG syndrome have heart conditions, including changes to the heart valves, holes in the heart chambers, and structural changes. Some require surgery, while others just need monitoring.

## 3) GASTROENTEROLOGY
a) How this affects the patient: The patient experiences bowel problems, turning the TV up loudly to hear better.
b) How this affects others with the syndrome: Around 20-40% of people with KBG syndrome are reported to have seizures, of varying types. Seizures typically respond to the usual antiepileptic treatments. In a small number of cases, epilepsy can be difficult to treat.

## 4) IMMUNOLOGY
a) How this affects the patient: N/A
b) How this affects others with the syndrome: N/A

## 5) NEUROLOGY
a) How this affects the patient: The patient is not as good at sports as other kids, and she trips and falls more often.
b) How this affects others with the syndrome: Around 38% of people with KBG syndrome have heart conditions, including changes to the heart valves, holes in the heart chambers, and structural changes. Some require surgery, while others just need monitoring.

## 6) EAR NOSE THROAT
a) How this affects the patient: The patient has difficulty seeing things far away, requiring her to turn the TV up louder.
b) How this affects others with the syndrome: Around 20-40% of people with KBG syndrome are reported to have seizures, of varying types. Seizures typically respond to the usual antiepileptic treatments. In a small number of cases, epilepsy can be difficult to treat.

## 7) OPHTHALMOLOGY AND VISION
a) How this affects the patient: The patient has trouble seeing things far away, requiring her to turn the TV up louder.
b) How this affects others with the syndrome: Around 20-40% of people with KBG syndrome are reported to have seizures, of varying types. Seizures typically respond to the usual antiepileptic treatments. In a small number of cases, epilepsy can be difficult to treat.

## 8) DERMATOLOGY
a) How this affects the patient: N/A
b) How this affects others with the syndrome: N/A

## 9) DENTAL
a) How this affects the patient: The patient's teeth are weak and can decay easily.
b) How this affects others with the syndrome: Around 20-40% of people with KBG syndrome are reported to have seizures, of varying types. Seizures typically respond to the usual antiepileptic treatments. In a small number of cases, epilepsy can be difficult to treat.

## 10) EDUCATION
a) How this affects the patient: N/A
b) How this affects others with the syndrome: Around 20-40% of people with KBG syndrome are reported to have seizures, of varying types. Seizures typically respond to the usual antiepileptic treatments. In a small number of cases, epilepsy can be difficult to treat.

## 11) BEHAVIOUR AND DEVELOPMENT
a) How this affects the patient: The patient is not as good at sports as other kids, and she trips and falls more often.
b) How this affects others with the syndrome: Around 38% of people with KBG syndrome have heart conditions, including changes to the heart valves, holes in the heart chambers, and structural changes. Some require surgery, while others just need monitoring.

## 12) SKELETAL
a) How this affects the patient: The patient has an unusual structure of her spinal bones, giving rise to an increased curvature of the spine (scoliosis).
b) How this affects others with the syndrome: Around 38% of people with KBG syndrome have heart conditions, including changes to the heart valves, holes in the heart chambers, and structural changes. Some require surgery, while others just need monitoring.

## 13) RECOMMENDATIONS FOR SCREENING AND TREATMENTS
a) Screening for seizures: Around 20-40% of people with KBG syndrome are reported to have seizures, of varying types. Seizures typically respond to the usual antiepileptic treatments. In a small number of cases, epilepsy can be difficult to treat.
b) Hearing review: Around 20-40% of people with KBG syndrome are reported to have seizures, of varying types. Seizures typically respond to the usual antiepileptic treatments. In a small number of cases, epilepsy can be difficult to treat.
c) Cardiac review: Around 38% of people with KBG syndrome have heart conditions, including changes to the heart valves, holes in the heart chambers, and structural changes. Some require surgery, while others just need monitoring.
d) Palate review: Around 20-40% of people with KBG syndrome are reported to have seizures, of varying types. Seizures typically respond to the usual antiepileptic treatments. In a small number of cases, epilepsy can be difficult to treat.
e) Orthopedic evaluation: Around 38% of people with KBG syndrome have heart conditions, including changes to the heart valves, holes in the heart chambers, and structural changes. Some require surgery, while others just need monitoring.
f) Speech therapy: Around 20-40% of people with KBG syndrome are reported to have seizures, of varying types. Seizures typically respond to the usual antiepileptic treatments. In a small number of cases, epilepsy can be difficult to treat.
g) Nutritional assessment: Around 20-40% of people with KBG syndrome are reported to have seizures, of varying types. Seizures typically respond to the usual antiepileptic treatments. In a small number of cases, epilepsy can be difficult to treat.
h) Physical therapy: Around 20-40% of people with KBG syndrome are reported to have seizures, of varying types. Seizures typically respond to the usual antiepileptic treatments. In a small number of cases, epilepsy can be difficult to treat.
i) Occupational therapy: Around 20-40% of people with KBG syndrome are reported to have seizures, of varying types. Seizures typically respond to the usual antiepileptic treatments. In a small number of cases, epilepsy can be difficult to treat.
j) Speech therapy: Around 20-40% of people with KBG syndrome are reported to have seizures, of varying types. Seizures typically respond to the usual antiepileptic treatments. In a small number of cases, epilepsy can be difficult to treat.
k) Behavioral therapy: Around 20-40% of people with KBG syndrome are reported to have seizures, of varying types. Seizures typically respond to the usual antiepileptic treatments. In a small number of cases, epilepsy can be difficult to treat.",0.7552,0.6514,-0.1038,Observed
02,40,"# CLINICAL PATIENT REPORT

## 1) RESPIRATORY
a) How this affects the patient: N/A
b) How this affects others with the syndrome: N/A

## 2) CARDIOLOGY
a) How this affects the patient: Around 20-40% of people with KBG syndrome have seizures, and around 38% have heart conditions, including valve changes, hole in the heart chambers, and structural changes.
b) How this affects others with the syndrome: Around 38% of people with KBG syndrome have heart conditions, including valve changes, hole in the heart chambers, and structural changes.

## 3) GASTROENTEROLOGY
a) How this affects the patient: Bowel movements can be a challenge sometimes. We work with him to establish a routine that helps.
b) How this affects others with the syndrome: Around 38% of people with KBG syndrome have bowel issues, including constipation and difficulty swallowing.

## 4) IMMUNOLOGY
a) How this affects the patient: N/A
b) How this affects others with the syndrome: N/A

## 5) NEUROLOGY
a) How this affects the patient: Occasionally, he experiences blank spells where he just stares off. They're unsettling, but the specialists are looking into it.
b) How this affects others with the syndrome: Blank spells are experienced by around 38% of people with KBG syndrome.

## 6) EAR NOSE THROAT
a) How this affects the patient: The doctors have been keeping an eye on the fontanelle not closing properly when he was younger.
b) How this affects others with the syndrome: Around 38% of people with KBG syndrome have issues with the fontanelle not closing properly.

## 7) OPHTHALMOLOGY AND VISION
a) How this affects the patient: The doctor recommended regular heart check-ups to keep an eye on a potential issue. So far, everything has been manageable.
b) How this affects others with the syndrome: Around 38% of people with KBG syndrome have heart conditions, including valve changes, hole in the heart chambers, and structural changes.

## 8) DERMATOLOGY
a) How this affects the patient: N/A
b) How this affects others with the syndrome: N/A

## 9) DENTAL
a) How this affects the patient: We monitor his front teeth closely to prevent any further issues.
b) How this affects others with the syndrome: Around 38% of people with KBG syndrome have dental issues, including large front teeth.

## 10) EDUCATION
a) How this affects the patient: N/A
b) How this affects others with the syndrome: N/A

## 11) BEHAVIOUR AND DEVELOPMENT
a) How this affects the patient: People with KBG syndrome often have behavioral differences such as autism spectrum disorder (ASD), ADHD, or anxiety. Medication(s) may be appropriate in some circumstances.
b) How this affects others with the syndrome: Around 38% of people with KBG syndrome have behavioral differences.

## 12) SKELETAL
a) How this affects the patient: Some people with KBG syndrome have an unusual structure of their spinal bones which can give rise to an increased curvature of the spine (scoliosis). Babies may experience a delayed closure of the soft spot on their head (anterior fontanelle). Many people with KBG syndrome have short fingers (brachydactyly) with a curvature of the 5th fingers (clinodactyly).
b) How this affects others with the syndrome: Around 38% of people with KBG syndrome have skeletal abnormalities, including an unusual structure of the spinal bones, a delayed closure of the soft spot on the head, and short fingers.

## 13) RECOMMENDATIONS FOR SCREENING AND TREATMENTS
a) Regular dental check-ups.
b) Regular hearing reviews to age 5 (even if earlier reviews give a clear response).
c) Eyesight (ophthalmology) review.
d) Check position of testes in boys.
e) Consider a palate review (particularly if there are feeding difficulties or speech concerns).
f) Referral for a cardiac review (including echo and ECG) following diagnosis.
g) If nothing is found (or already done) this does not need to be repeated.
h) Consider a skeletal review (X-ray of the wrist (to determine bone age), hip, spine and skull) in children following diagnosis.
i) Any concerns around asymmetric hip creases in infancy and/or asymmetric or painful gait should prompt medical review.
j) Consider review and investigation for tethered cord (MRI) where clinical concerns arise on an individual basis (especially if sacral dimple is present).
k) Monitor growth velocity: if height is below the 2nd centile consider referral for endocrine investigations on an individual basis and within context of familial heights.
l) Consider physiotherapy, occupational therapy, speech therapy and behavioural therapy.",0.9111,0.8235,-0.08760000000000001,Observed
02,44,"# CLINICAL PATIENT REPORT

## 1) RESPIRATORY
a) How this affects the patient: N/A
b) How this affects others with the syndrome: Around 20-40% of people with KBG syndrome are reported to have seizures, of varying types. Seizures typically respond to the usual antiepileptic treatments. In a small number of cases, epilepsy can be difficult to treat.

## 2) CARDIOLOGY
a) How this affects the patient: The patient has a septal defect, which is a hole in the heart chambers. The cardiologist recommended regular follow-up with the specialist.
b) How this affects others with the syndrome: Around 38% of people with KBG syndrome have heart conditions, including changes to the heart valves, holes in the heart chambers, and structural changes. Some require surgery, while others just need monitoring.

## 3) GASTROENTEROLOGY
a) How this affects the patient: The patient has difficulty eating, refusing new foods or ones that are not his favorites. His refusal to eat new foods suggests picky eating.
b) How this affects others with the syndrome: Around 20-40% of people with KBG syndrome have difficulty eating, and around 38% have heart conditions.

## 4) IMMUNOLOGY
a) How this affects the patient: N/A
b) How this affects others with the syndrome: N/A

## 5) NEUROLOGY
a) How this affects the patient: The patient has hypotonia, which is a reduced muscle tone. Sometimes he feels stiffer than usual.
b) How this affects others with the syndrome: Hypotonia is a common feature in KBG syndrome, affecting muscle tone.

## 6) EAR NOSE THROAT
a) How this affects the patient: The patient has scoliosis, which is an abnormal curvature of the spine. The patient notices asymmetrical hip creases and an unusual gait.
b) How this affects others with the syndrome: Around 38% of people with KBG syndrome have heart conditions, including changes to the heart valves, holes in the heart chambers, and structural changes.

## 7) OPHTHALMOLOGY AND VISION
a) How this affects the patient: The patient has vision problems, such as astigmatism and short- or long-sightedness (myopia and hypermetropia). The patient experiences squint (strabismus), where the eyes do not look in the same direction.
b) How this affects others with the syndrome: Around 38% of people with KBG syndrome have heart conditions, including changes to the heart valves, holes in the heart chambers, and structural changes.

## 8) DERMATOLOGY
a) How this affects the patient: N/A
b) How this affects others with the syndrome: N/A

## 9) DENTAL
a) How this affects the patient: The patient has sensitivity to cold foods and drinks, and his teeth hurt when he eats ice cream or drinks cold water.
b) How this affects others with the syndrome: Around 20-40% of people with KBG syndrome have difficulty eating, and around 38% have heart conditions.

## 10) EDUCATION
a) How this affects the patient: The patient attends mainstream primary school but requires additional help in school, especially in areas like toilet training and using cutlery.
b) How this affects others with the syndrome: Around 20-40% of people with KBG syndrome have difficulty eating, and around 38% have heart conditions.

## 11) BEHAVIOUR AND DEVELOPMENT
a) How this affects the patient: The patient has behavioral differences, such as autism spectrum disorder (ASD), attention deficit hyperactivity disorder (ADHD), and anxiety. Medication(s) may be appropriate in some circumstances.
b) How this affects others with the syndrome: Around 20-40% of people with KBG syndrome have difficulty eating, and around 38% have heart conditions.

## 12) SKELETAL
a) How this affects the patient: The patient has scoliosis, which is an abnormal curvature of the spine. The patient notices asymmetrical hip creases and an unusual gait.
b) How this affects others with the syndrome: Around 38% of people with KBG syndrome have heart conditions, including changes to the heart valves, holes in the heart chambers, and structural changes.

## 13) RECOMMENDATIONS FOR SCREENING AND TREATMENTS
a) Regular dental check-ups: The patient needs regular dental check-ups to prevent tooth decay and maintain overall oral health.
b) Regular hearing reviews: The patient should undergo regular hearing reviews to ensure proper hearing acuity throughout childhood.
c) Eyesight (ophthalmology) review: The patient should have regular eye examinations to detect potential vision problems early.
d) Check position of testes in boys: The patient should be monitored for the presence of undescended testes, as this can lead to complications such as precocious puberty.
e) Consider a palate review: The patient should be referred for a specialized review of the palate to address potential speech and feeding difficulties.
f) Referral for a cardiac review: The patient should undergo a cardiac review, including echocardiography, to assess the severity of heart conditions and determine the appropriate treatment plan.
g) Monitor growth velocity: The patient should be closely monitored for growth patterns, particularly if height is below the 2nd centile, as this may indicate underlying hormonal imbalances or other systemic issues.
h) Physiotherapy, occupational therapy, speech therapy, and behavioral therapy: The patient should receive comprehensive physical, occupational, and speech therapies to address various challenges associated with KBG syndrome.",0.6554,0.7326,0.07720000000000005,Observed
02,48,"# CLINICAL PATIENT REPORT

## 1) RESPIRATORY
a) How this affects the patient: N/A
b) How this affects others with the syndrome: N/A

## 2) CARDIOLOGY
a) How this affects the patient: The patient has a structural heart abnormality, requiring ongoing monitoring by the cardiologist.
b) How this affects others with the syndrome: Around 38% of people with KBG syndrome have heart conditions, ranging from valve abnormalities to hole in the heart chambers.

## 3) GASTROENTEROLOGY
a) How this affects the patient: The patient experiences feeding difficulties, requires short-term nasogastric tube feeding, and may have occasional constipation or loose stools.
b) How this affects others with the syndrome: Around 20-40% of people with KBG syndrome have seizures, and around 38% have heart conditions.

## 4) IMMUNOLOGY
a) How this affects the patient: N/A
b) How this affects others with the syndrome: N/A

## 5) NEUROLOGY
a) How this affects the patient: The patient has a tethered cord, requiring periodic assessments by the neurologists.
b) How this affects others with the syndrome: Around 38% of people with KBG syndrome have heart conditions, ranging from valve abnormalities to hole in the heart chambers.

## 6) EAR NOSE THROAT
a) How this affects the patient: The patient has a delayed fontanelle closure and shorter-than-average fingers.
b) How this affects others with the syndrome: Around 38% of people with KBG syndrome have heart conditions, ranging from valve abnormalities to hole in the heart chambers.

## 7) OPHTHALMOLOGY AND VISION
a) How this affects the patient: The patient has vision problems such as astigmatism and short-sightedness (myopia/hypermetropia), with potential speech delays and feeding difficulties.
b) How this affects others with the syndrome: Around 38% of people with KBG syndrome have heart conditions, ranging from valve abnormalities to hole in the heart chambers.

## 8) DERMATOLOGY
a) How this affects the patient: N/A
b) How this affects others with the syndrome: N/A

## 9) DENTAL
a) How this affects the patient: The patient has weak enamel, making her teeth more susceptible to cavities and sensitivity, requiring careful toothbrushing and limiting sugary foods and drinks.
b) How this affects others with the syndrome: Around 38% of people with KBG syndrome have heart conditions, ranging from valve abnormalities to hole in the heart chambers.

## 10) EDUCATION
a) How this affects the patient: The patient needs extra help in school, particularly in areas like toilet training and using utensils, and may require Education Health Care Plans (EHCP) for additional support.
b) How this affects others with the syndrome: Around 38% of people with KBG syndrome have heart conditions, ranging from valve abnormalities to hole in the heart chambers.

## 11) BEHAVIOUR AND DEVELOPMENT
a) How this affects the patient: The patient exhibits behavioral differences such as autism spectrum disorder (ASD), attention deficit hyperactivity disorder (ADHD), and anxiety, and may require medication.
b) How this affects others with the syndrome: Around 38% of people with KBG syndrome have heart conditions, ranging from valve abnormalities to hole in the heart chambers.

## 12) SKELETAL
a) How this affects the patient: The patient has an unusual structure of their spinal bones, leading to an increased curvature of the spine (scoliosis), and short fingers with a curvature of the 5th finger (clinodactyly).
b) How this affects others with the syndrome: Around 38% of people with KBG syndrome have heart conditions, ranging from valve abnormalities to hole in the heart chambers.

## 13) RECOMMENDATIONS FOR SCREENING AND TREATMENTS
a) Screening for heart conditions: Regular echocardiograms and electrocardiograms (ECGs) are recommended.
b) Monitoring for tethered cord: MRI scans are recommended for infants with suspected tethered cord.
c) Dental care: Regular dental check-ups are recommended.
d) Vision screening: Regular ophthalmological examinations starting at age 5 are recommended.
e) Feeding difficulties: Work with a dietitian to find the best food options.
f) Constipation/loose stools: Consult with a pediatrician for dietary adjustments and possible supplementation.
g) Speech delay: Regular speech evaluations are recommended.
h) Hearing loss: Regular audiometric screenings are recommended.
i) Neurological assessment: Periodic assessments by neurologists are recommended.
j) Cardiac evaluation: Follow-up with a cardiologist is recommended.
k) Palatal assessment: Refer to a specialist for palatal issues if feeding difficulties or speech concerns are noted.",0.6244,0.6224,-0.0020000000000000018,Observed
03,2,"# CLINICAL PATIENT REPORT

## 1) RESPIRATORY
a) How this affects the patient: N/A
b) How this affects others with the syndrome: N/A

## 2) CARDIOLOGY
a) How this affects the patient: The patient has a septal defect, which requires monitoring.
b) How this affects others with the syndrome: Around 38% of people with KBG syndrome have heart conditions, including changes to the heart valves, holes in the heart chambers, and structural changes.

## 3) GASTROENTEROLOGY
a) How this affects the patient: The patient has slow weight gain compared to his peers.
b) How this affects others with the syndrome: Around 20-40% of people with KBG syndrome have seizures, and around 38% have heart conditions.

## 4) IMMUNOLOGY
a) How this affects the patient: N/A
b) How this affects others with the syndrome: N/A

## 5) NEUROLOGY
a) How this affects the patient: The patient gets tired quickly when engaging in physical activities.
b) How this affects others with the syndrome: Around 20-40% of people with KBG syndrome have seizures.

## 6) EAR NOSE THROAT
a) How this affects the patient: The patient has difficulty making himself understood and seems behind other children in development.
b) How this affects others with the syndrome: Around 20-40% of people with KBG syndrome have seizures.

## 7) OPHTHALMOLOGY AND VISION
a) How this affects the patient: The patient has hypermetropia, which means his eyes are turned inward.
b) How this affects others with the syndrome: Around 38% of people with KBG syndrome have heart conditions.

## 8) DERMATOLOGY
a) How this affects the patient: N/A
b) How this affects others with the syndrome: N/A

## 9) DENTAL
a) How this affects the patient: The patient needs to visit the dentist frequently.
b) How this affects others with the syndrome: Around 20-40% of people with KBG syndrome have seizures.

## 10) EDUCATION
a) How this affects the patient: The patient gets tired quickly when engaging in physical activities.
b) How this affects others with the syndrome: Around 20-40% of people with KBG syndrome have seizures.

## 11) BEHAVIOUR AND DEVELOPMENT
a) How this affects the patient: The patient gets tired quickly when engaging in physical activities.
b) How this affects others with the syndrome: Around 20-40% of people with KBG syndrome have seizures.

## 12) SKELETAL
a) How this affects the patient: The patient has an unusual structure of their spinal bones, giving rise to an increased curvature of the spine (scoliosis).
b) How this affects others with the syndrome: Around 38% of people with KBG syndrome have heart conditions.

## 13) RECOMMENDATIONS FOR SCREENING AND TREATMENTS
a) Regular dental check-ups: The patient needs to visit the dentist frequently.
b) Regular hearing reviews to age 5: The patient should have regular hearing reviews to age 5 (even if earlier reviews give a clear response).
c) Eyesight (ophthalmology) review: The patient should have an ophthalmology review.
d) Check position of testes in boys: The patient should consider a testes review.
e) Consider a palate review: The patient should consider a palate review (particularly if there are feeding difficulties or speech concerns).
f) Referral for a cardiac review (including echo and ECG): Following diagnosis, the patient should consider a cardiac review (including echo and ECG).
g) Monitor growth velocity: If the patient's height is below the 2nd centile, the patient should consider referral for endocrine investigations on an individual basis and within context of familial heights.
h) Consider physiotherapy, occupational therapy, speech therapy and behavioral therapy: The patient should consider physiotherapy, occupational therapy, speech therapy, and behavioral therapy.",0.8077,0.75,-0.057699999999999974,Observed
03,3,"# CLINICAL PATIENT REPORT

## 1) RESPIRATORY
a) How this affects the patient: N/A
b) How this affects others with the syndrome: N/A

## 2) CARDIOLOGY
a) How this affects the patient: The patient requires regular check-ups to monitor her heart health, especially given the presence of heart conditions in 38% of people with KBG syndrome.
b) How this affects others with the syndrome: Around 38% of people with KBG syndrome have heart conditions, including changes to the heart valves, holes in the heart chambers, and structural changes.

## 3) GASTROENTEROLOGY
a) How this affects the patient: The patient has a feeding aversion and can be quite picky about what she eats, leading to difficulty in eating and potential nutritional deficiencies.
b) How this affects others with the syndrome: Around 20-40% of people with KBG syndrome have seizures, and around 38% have heart conditions.

## 4) IMMUNOLOGY
a) How this affects the patient: N/A
b) How this affects others with the syndrome: N/A

## 5) NEUROLOGY
a) How this affects the patient: The patient has hypotonia, indicating weakened muscle tone, requiring physiotherapy to help strengthen her muscles.
b) How this affects others with the syndrome: Hypotonia is a common feature in KBG syndrome, affecting approximately 38% of people with the condition.

## 6) EAR NOSE THROAT
a) How this affects the patient: The patient experiences a feeding aversion and can be quite picky about what she eats, leading to difficulty in eating and potential nutritional deficiencies.
b) How this affects others with the syndrome: Around 20-40% of people with KBG syndrome have seizures, and around 38% have heart conditions.

## 7) OPHTHALMOLOGY AND VISION
a) How this affects the patient: The patient has vision problems such as astigmatism, short- or long-sightedness, squint, and hearing loss, particularly due to glue ear.
b) How this affects others with the syndrome: Around 38% of people with KBG syndrome have heart conditions, and around 20-40% have seizures.

## 8) DERMATOLOGY
a) How this affects the patient: N/A
b) How this affects others with the syndrome: N/A

## 9) DENTAL
a) How this affects the patient: The patient has chewing difficulties with tougher foods like meat or carrots, and adjustments to meal times are necessary.
b) How this affects others with the syndrome: Around 38% of people with KBG syndrome have heart conditions.

## 10) EDUCATION
a) How this affects the patient: The patient's communication abilities are hindered, making it difficult for her caregivers to understand her needs.
b) How this affects others with the syndrome: Around 38% of people with KBG syndrome have heart conditions.

## 11) BEHAVIOUR AND DEVELOPMENT
a) How this affects the patient: The patient exhibits behavioral differences such as autism spectrum disorder (ASD), attention deficit hyperactivity disorder (ADHD), and anxiety, requiring medication in some cases.
b) How this affects others with the syndrome: Around 38% of people with KBG syndrome have heart conditions.

## 12) SKELETAL
a) How this affects the patient: The patient has an unusual structure of her spinal bones, giving rise to an increased curvature of the spine (scoliosis), and short fingers with a curvature of the 5th finger (clinodactyly).
b) How this affects others with the syndrome: Around 38% of people with KBG syndrome have heart conditions.

## 13) RECOMMENDATIONS FOR SCREENING AND TREATMENTS
a) Screening for heart conditions: Regular check-ups are recommended to monitor the patient's heart health.
b) Monitoring for hearing issues: Regular hearing reviews should be conducted to ensure proper hearing acuity.
c) Speech therapy: Considering speech therapy to address communication challenges.
d) Orthopedic evaluation: Regular orthopedic evaluations are advised to assess the patient's musculoskeletal health.
e) Cardiologist follow-up: Follow-up appointments with the cardiologist are essential to monitor the patient's cardiovascular status.
f) Neurological assessment: Regular neurological assessments are recommended to evaluate the patient's brain function and nerve health.
g) Ophthalmologist follow-up: Regular ophthalmologist follow-up is necessary to address visual impairments and hearing loss.
h) Genetic counseling: Given the high prevalence of heart conditions, genetic counseling may be beneficial for the patient and her family.",0.7096,0.6869,-0.022700000000000053,Observed
03,4,"# CLINICAL PATIENT REPORT

## 1) RESPIRATORY
a) How this affects the patient: N/A
b) How this affects others with the syndrome: N/A

## 2) CARDIOLOGY
a) How this affects the patient: Around 20-40% of people with KBG syndrome have seizures, and around 38% have heart conditions, including valve changes, hole in the heart chambers, and structural changes.
b) How this affects others with the syndrome: Most children with KBG syndrome do not have a very serious heart condition, but around 38% have heart conditions, including changes to the heart valves, holes in the heart chambers, and structural changes.

## 3) GASTROENTEROLOGY
a) How this affects the patient: The vast majority of people with KBG syndrome learn to speak, but speech delay is very common. Hearing loss and subtle palate problems can worsen speech delay.
b) How this affects others with the syndrome: Around 20-40% of people with KBG syndrome have seizures, and around 38% have heart conditions, including changes to the heart valves, holes in the heart chambers, and structural changes.

## 4) IMMUNOLOGY
a) How this affects the patient: N/A
b) How this affects others with the syndrome: N/A

## 5) NEUROLOGY
a) How this affects the patient: The patient was slower to sit, walk, and do other milestone things compared to other kids.
b) How this affects others with the syndrome: Around 38% of people with KBG syndrome have heart conditions, including changes to the heart valves, holes in the heart chambers, and structural changes.

## 6) EAR NOSE THROAT
a) How this affects the patient: She has trouble seeing things far away, like the board in her classroom.
b) How this affects others with the syndrome: Around 38% of people with KBG syndrome have heart conditions, including changes to the heart valves, holes in the heart chambers, and structural changes.

## 7) OPHTHALMOLOGY AND VISION
a) How this affects the patient: She has trouble seeing things far away, like the board in her classroom.
b) How this affects others with the syndrome: Around 38% of people with KBG syndrome have heart conditions, including changes to the heart valves, holes in the heart chambers, and structural changes.

## 8) DERMATOLOGY
a) How this affects the patient: N/A
b) How this affects others with the syndrome: N/A

## 9) DENTAL
a) How this affects the patient: Cold foods and drinks make her teeth hurt. She complains about it often.
b) How this affects others with the syndrome: Around 38% of people with KBG syndrome have heart conditions, including changes to the heart valves, holes in the heart chambers, and structural changes.

## 10) EDUCATION
a) How this affects the patient: N/A
b) How this affects others with the syndrome: Around 38% of people with KBG syndrome have heart conditions, including changes to the heart valves, holes in the heart chambers, and structural changes.

## 11) BEHAVIOUR AND DEVELOPMENT
a) How this affects the patient: The patient was slower to sit, walk, and do other milestone things compared to other kids.
b) How this affects others with the syndrome: Around 38% of people with KBG syndrome have heart conditions, including changes to the heart valves, holes in the heart chambers, and structural changes.

## 12) SKELETAL
a) How this affects the patient: She has shorter fingers than usual and takes a bit longer to learn new things.
b) How this affects others with the syndrome: Around 38% of people with KBG syndrome have heart conditions, including changes to the heart valves, holes in the heart chambers, and structural changes.

## 13) RECOMMENDATIONS FOR SCREENING AND TREATMENTS
a) Regular dental check-ups: Regular dental check-ups are recommended to prevent tooth decay and maintain overall oral health.
b) Regular hearing reviews to age 5: Regular hearing reviews to age 5 are recommended to detect and address hearing issues early.
c) Eyesight (ophthalmology) review: An ophthalmologist should be consulted for regular eye examinations to monitor vision and address any potential vision problems.
d) Check position of testes in boys: Boys with KBG syndrome should undergo periodic examination of the testes to ensure proper descent and correct positioning.
e) Consider a palate review: A specialist should be consulted for a review of the palate to address any speech and feeding issues.
f) Referral for a cardiac review: Children with KBG syndrome should undergo a cardiac review, including echocardiography and electrocardiogram, to assess heart conditions and identify any abnormalities.
g) Monitor growth velocity: Regular growth assessments should be conducted to monitor height and ensure normal growth patterns.
h) Physiotherapy, occupational therapy, speech therapy, and behavioral therapy: These therapies should be considered based on the specific needs of the patient, including slow milestones, speech delays, and feeding difficulties.",0.9643,0.6276,-0.3367,Observed
03,5,"# CLINICAL PATIENT REPORT

## 1) RESPIRATORY
a) How this affects the patient: N/A
b) How this affects others with the syndrome: N/A

## 2) CARDIOLOGY
a) How this affects the patient: The patient struggles to keep up with others when playing, getting winded easily.
b) How this affects others with the syndrome: Around 38% of people with KBG syndrome have heart conditions, including changes to the heart valves, holes in the heart chambers, and structural changes.

## 3) GASTROENTEROLOGY
a) How this affects the patient: Feeding was difficult when the patient was little.
b) How this affects others with the syndrome: Around 20-40% of people with KBG syndrome have seizures, and around 38% have heart conditions.

## 4) IMMUNOLOGY
a) How this affects the patient: N/A
b) How this affects others with the syndrome: N/A

## 5) NEUROLOGY
a) How this affects the patient: The patient tires quickly when running around.
b) How this affects others with the syndrome: Around 38% of people with KBG syndrome have heart conditions, including changes to the heart valves, holes in the heart chambers, and structural changes.

## 6) EAR NOSE THROAT
a) How this affects the patient: The patient has astigmatism, affecting his eyesight.
b) How this affects others with the syndrome: Around 38% of people with KBG syndrome have heart conditions, including changes to the heart valves, holes in the heart chambers, and structural changes.

## 7) OPHTHALMOLOGY AND VISION
a) How this affects the patient: The patient has astigmatism, affecting his eyesight.
b) How this affects others with the syndrome: Around 38% of people with KBG syndrome have heart conditions, including changes to the heart valves, holes in the heart chambers, and structural changes.

## 8) DERMATOLOGY
a) How this affects the patient: N/A
b) How this affects others with the syndrome: N/A

## 9) DENTAL
a) How this affects the patient: The patient has large permanent upper middle teeth (macrodontia of upper central incisors).
b) How this affects others with the syndrome: Around 38% of people with KBG syndrome have heart conditions, including changes to the heart valves, holes in the heart chambers, and structural changes.

## 10) EDUCATION
a) How this affects the patient: The patient needs extra help in school, though most go to a mainstream primary school.
b) How this affects others with the syndrome: Around 38% of people with KBG syndrome have heart conditions, including changes to the heart valves, holes in the heart chambers, and structural changes.

## 11) BEHAVIOUR AND DEVELOPMENT
a) How this affects the patient: The patient has behavioral differences such as autism spectrum disorder (ASD), ADHD, or anxiety.
b) How this affects others with the syndrome: Around 38% of people with KBG syndrome have heart conditions, including changes to the heart valves, holes in the heart chambers, and structural changes.

## 12) SKELETAL
a) How this affects the patient: The patient has brachydactyly, with a curvature of the 5th finger (clinodactyly).
b) How this affects others with the syndrome: Around 38% of people with KBG syndrome have heart conditions, including changes to the heart valves, holes in the heart chambers, and structural changes.

## 13) RECOMMENDATIONS FOR SCREENING AND TREATMENTS
a) Screening for hearing: Regular hearing reviews to age 5 (even if earlier reviews give a clear response).
b) Screening for vision: Check position of testes in boys.
c) Screening for heart: Consider a cardiac review (including echo and ECG) following diagnosis.
d) Screening for palatal issues: Consider a palate review (particularly if there are feeding difficulties or speech concerns).
e) Screening for tethered cord: Consider a tethered cord review (MRI) where clinical concerns arise on an individual basis (especially if sacral dimple is present).
f) Monitoring growth velocity: If height is below the 2nd centile, consider referral for endocrine investigations on an individual basis and within context of familial heights.
g) Management of feeding difficulties: Use short-term nasogastric tube feeding to supplement oral feeds.
h) Management of swallowing difficulties: Referral for a gastroenterologist.",0.631,0.6255,-0.00550000000000006,Observed
03,10,"# CLINICAL PATIENT REPORT

## 1) RESPIRATORY
a) How this affects the patient: N/A
b) How this affects others with the syndrome: N/A

## 2) CARDIOLOGY
a) How this affects the patient: Around 20-40% of people with KBG syndrome have seizures, and around 38% have heart conditions, including changes to the heart valves, holes in the heart chambers, and structural changes.
b) How this affects others with the syndrome: Around 38% of people with KBG syndrome have heart conditions, including changes to the heart valves, holes in the heart chambers, and structural changes.

## 3) GASTROENTEROLOGY
a) How this affects the patient: Our child deals with constipation issues from time to time.
b) How this affects others with the syndrome: Around 38% of people with KBG syndrome deal with constipation issues from time to time.

## 4) IMMUNOLOGY
a) How this affects the patient: N/A
b) How this affects others with the syndrome: N/A

## 5) NEUROLOGY
a) How this affects the patient: Our child experiences seizures.
b) How this affects others with the syndrome: Around 38% of people with KBG syndrome experience seizures.

## 6) EAR NOSE THROAT
a) How this affects the patient: Our child has difficulty responding to calls, suggesting hearing issues.
b) How this affects others with the syndrome: Around 38% of people with KBG syndrome have difficulty responding to calls, suggesting hearing issues.

## 7) OPHTHALMOLOGY AND VISION
a) How this affects the patient: Our child needs regular eye checks due to vision problems such as astigmatism and short-sightedness.
b) How this affects others with the syndrome: Around 38% of people with KBG syndrome need regular eye checks due to vision problems such as astigmatism and short-sightedness.

## 8) DERMATOLOGY
a) How this affects the patient: N/A
b) How this affects others with the syndrome: N/A

## 9) DENTAL
a) How this affects the patient: Our child has weak enamel on his teeth.
b) How this affects others with the syndrome: Around 38% of people with KBG syndrome have weak enamel on their teeth.

## 10) EDUCATION
a) How this affects the patient: Our child requires extra help in school, especially in areas such as toilet training and using utensils.
b) How this affects others with the syndrome: Around 38% of people with KBG syndrome require extra help in school, especially in areas such as toilet training and using utensils.

## 11) BEHAVIOUR AND DEVELOPMENT
a) How this affects the patient: Our child experiences behavioral differences such as autism spectrum disorder (ASD), attention deficit hyperactivity disorder (ADHD), and anxiety.
b) How this affects others with the syndrome: Around 38% of people with KBG syndrome experience behavioral differences such as autism spectrum disorder (ASD), attention deficit hyperactivity disorder (ADHD), and anxiety.

## 12) SKELETAL
a) How this affects the patient: Our child has brachydactylia (short fingers) with a curvature of the fifth finger (clinodactyly).
b) How this affects others with the syndrome: Around 38% of people with KBG syndrome have brachydactylia (short fingers) with a curvature of the fifth finger (clinodactyly).

## 13) RECOMMENDATIONS FOR SCREENING AND TREATMENTS
- Regular dental check-ups: Our child needs regular dental check-ups to maintain healthy teeth.
- Regular hearing reviews: Our child should undergo regular hearing reviews to ensure proper hearing throughout childhood.
- Ophthalmological review: Our child should have regular eye checks to address vision problems such as astigmatism and short-sightedness.
- Palatal review: Our child should be referred for a palate review if there are feeding difficulties or speech concerns.
- Cardiac review: Our child should be reviewed regularly to monitor for potential heart conditions.
- Skeletal review: Our child should undergo X-rays of the wrist, hip, spine, and skull to assess bone age and detect any structural abnormalities.
- Tethered cord review: Our child should be monitored for tethered cord, particularly if sacral dimples are present, as this can lead to pain, weakness, and other complications.
- Growth monitoring: Our child should be closely monitored for growth velocity, especially if height is below the 2nd centile, as this may indicate underlying hormonal imbalances or other health issues.",0.4522,0.4453,-0.006900000000000017,Estimated
03,11,"# CLINICAL PATIENT REPORT

## 1) RESPIRATORY
a) How this affects the patient: N/A
b) How this affects others with the syndrome: N/A

## 2) CARDIOLOGY
a) How this affects the patient: The patient experienced a structural heart abnormality at birth, requiring close monitoring and management by the cardiologist.
b) How this affects others with the syndrome: Around 38% of people with KBG syndrome have heart conditions, including changes to the heart valves, holes in the heart chambers, and structural changes.

## 3) GASTROENTEROLOGY
a) How this affects the patient: The patient struggles during mealtime, experiencing challenges in feeding and communication.
b) How this affects others with the syndrome: Around 20-40% of people with KBG syndrome experience seizures, and around 38% have heart conditions.

## 4) IMMUNOLOGY
a) How this affects the patient: N/A
b) How this affects others with the syndrome: N/A

## 5) NEUROLOGY
a) How this affects the patient: The patient experiences seizures, which can be distressing for everyone involved.
b) How this affects others with the syndrome: Around 38% of people with KBG syndrome have heart conditions, including changes to the heart valves, holes in the heart chambers, and structural changes.

## 6) EAR NOSE THROAT
a) How this affects the patient: The patient turns the volume of the TV up to very high levels when watching her favorite shows, indicating a potential issue with her hearing.
b) How this affects others with the syndrome: Around 38% of people with KBG syndrome have heart conditions, including changes to the heart valves, holes in the heart chambers, and structural changes.

## 7) OPHTHALMOLOGY AND VISION
a) How this affects the patient: The patient struggles to find the right words when trying to communicate, suggesting a possible speech or language issue.
b) How this affects others with the syndrome: Around 38% of people with KBG syndrome have heart conditions, including changes to the heart valves, holes in the heart chambers, and structural changes.

## 8) DERMATOLOGY
a) How this affects the patient: N/A
b) How this affects others with the syndrome: N/A

## 9) DENTAL
a) How this affects the patient: The patient needs regular dental check-ups due to tooth breaks and chipping.
b) How this affects others with the syndrome: Around 38% of people with KBG syndrome have heart conditions, including changes to the heart valves, holes in the heart chambers, and structural changes.

## 10) EDUCATION
a) How this affects the patient: The patient requires extra help in school, especially in areas such as toilet training and using cutlery.
b) How this affects others with the syndrome: Around 38% of people with KBG syndrome have heart conditions, including changes to the heart valves, holes in the heart chambers, and structural changes.

## 11) BEHAVIOUR AND DEVELOPMENT
a) How this affects the patient: The patient experiences seizures, which can be distressing for everyone involved.
b) How this affects others with the syndrome: Around 38% of people with KBG syndrome have heart conditions, including changes to the heart valves, holes in the heart chambers, and structural changes.

## 12) SKELETAL
a) How this affects the patient: The patient has an unusual structure of their spinal bones, giving rise to an increased curvature of the spine (scoliosis).
b) How this affects others with the syndrome: Around 38% of people with KBG syndrome have heart conditions, including changes to the heart valves, holes in the heart chambers, and structural changes.

## 13) RECOMMENDATIONS FOR SCREENING AND TREATMENTS
a) Screen for seizures: Regularly monitor for seizures, particularly in infants and young children.
b) Screen for hearing: Conduct regular hearing assessments, starting at age 5 and continuing throughout life.
c) Screen for vision: Perform regular eye examinations, especially during early childhood.
d) Screen for heart: Follow-up with a cardiologist for ongoing monitoring and management of heart conditions.
e) Screen for brain: Consult a neurologist for evaluations and interventions as needed.
f) Screen for digestive tract: Encourage a balanced diet and address any swallowing difficulties promptly.
g) Screen for immunological status: Regular immunizations and vaccinations should be administered according to standard protocols.
h) Screen for gastroenterology: Address feeding difficulties and ensure proper nutrition.
i) Screen for orthopedics: Regular X-rays of the wrist, hips, spine, and skull should be conducted to assess bone maturity and detect any abnormalities.
j) Screen for cardiovascular: Regular echocardiograms and electrocardiograms should be performed to monitor heart health.
k) Screen for auditory processing: Assess speech clarity and listening comprehension regularly.
l) Screen for cognitive abilities: Evaluate intellectual and academic performance periodically.
m) Screen for behavioral issues: Address any behavioral differences, such as autism spectrum disorder, attention deficit hyperactivity disorder (ADHD), or anxiety, and provide appropriate interventions.
n) Screen for physical disabilities: Regularly evaluate the positioning of testes, the posture of the hips, and the presence of sacral dimples to identify any musculoskeletal issues.",0.5889,0.6715,0.0826,Observed
03,13,"# CLINICAL PATIENT REPORT

## 1) RESPIRATORY
a) How this affects the patient: N/A
b) How this affects others with the syndrome: N/A

## 2) CARDIOLOGY
a) How this affects the patient: The patient experiences faster breathing when playing or running around, indicating potential cardiovascular issues.
b) How this affects others with the syndrome: Around 38% of people with KBG syndrome have heart conditions, including valve changes, hole in the heart chambers, and structural changes, requiring monitoring or surgery.

## 3) GASTROENTEROLOGY
a) How this affects the patient: The patient experiences constipation issues, which can be uncomfortable for him.
b) How this affects others with the syndrome: Around 20-40% of people with KBG syndrome have seizures, and around 38% have heart conditions, including valve changes, hole in the heart chambers, and structural changes, requiring monitoring or surgery.

## 4) IMMUNOLOGY
a) How this affects the patient: N/A
b) How this affects others with the syndrome: N/A

## 5) NEUROLOGY
a) How this affects the patient: The patient tires easily when playing sports or running around with friends, indicating possible neurological issues.
b) How this affects others with the syndrome: Around 38% of people with KBG syndrome have heart conditions, including valve changes, hole in the heart chambers, and structural changes, requiring monitoring or surgery.

## 6) EAR NOSE THROAT
a) How this affects the patient: N/A
b) How this affects others with the syndrome: Around 38% of people with KBG syndrome have heart conditions, including valve changes, hole in the heart chambers, and structural changes, requiring monitoring or surgery.

## 7) OPHTHALMOLOGY AND VISION
a) How this affects the patient: The patient struggles to express his thoughts clearly at times, making it hard for others to understand what he wants or needs, suggesting possible visual processing issues.
b) How this affects others with the syndrome: Around 38% of people with KBG syndrome have vision problems such as astigmatism, short- or long-sightedness, squint, and hearing loss, which can contribute to communication challenges.

## 8) DERMATOLOGY
a) How this affects the patient: N/A
b) How this affects others with the syndrome: N/A

## 9) DENTAL
a) How this affects the patient: The patient experiences tooth sensitivity and breaks or chips more easily than expected from minor accidents or falls.
b) How this affects others with the syndrome: Around 38% of people with KBG syndrome have heart conditions, including valve changes, hole in the heart chambers, and structural changes, requiring monitoring or surgery.

## 10) EDUCATION
a) How this affects the patient: The patient's inability to express himself clearly and his movement and coordination being slightly off compared to his peers suggests possible cognitive or neurological delays.
b) How this affects others with the syndrome: Around 38% of people with KBG syndrome have brain-related issues, including fatigue when playing sports or running around with friends, indicating possible neurological issues.

## 11) BEHAVIOUR AND DEVELOPMENT
a) How this affects the patient: The patient struggles to express his thoughts clearly at times, making it hard for others to understand what he wants or needs, suggesting possible visual processing issues.
b) How this affects others with the syndrome: Around 38% of people with KBG syndrome have vision problems such as astigmatism, short- or long-sightedness, squint, and hearing loss, which can contribute to communication challenges.

## 12) SKELETAL
a) How this affects the patient: The patient experiences an increased curvature of the spine (scoliosis) and short fingers with a curvature of the 5th finger (clinodactyly), suggesting possible skeletal abnormalities.
b) How this affects others with the syndrome: Around 38% of people with KBG syndrome have heart conditions, including valve changes, hole in the heart chambers, and structural changes, requiring monitoring or surgery.

## 13) RECOMMENDATIONS FOR SCREENING AND TREATMENTS
a) Screen for seizures: Around 20-40% of people with KBG syndrome have seizures, and around 38% have heart conditions, including valve changes, hole in the heart chambers, and structural changes, requiring monitoring or surgery.
b) Screen for hearing: Around 38% of people with KBG syndrome have hearing loss, and around 38% have heart conditions, including valve changes, hole in the heart chambers, and structural changes, requiring monitoring or surgery.
c) Screen for vision: Around 38% of people with KBG syndrome have vision problems such as astigmatism, short- or long-sightedness, squint, and hearing loss, and around 38% have heart conditions, including valve changes, hole in the heart chambers, and structural changes, requiring monitoring or surgery.
d) Screen for heart: Around 38% of people with KBG syndrome have heart conditions, including valve changes, hole in the heart chambers, and structural changes, requiring monitoring or surgery.
e) Screen for neurological: Around 38% of people with KBG syndrome have brain-related issues, including fatigue when playing sports or running around with friends, and around 38% have heart conditions, including valve changes, hole in the heart chambers, and structural changes, requiring monitoring or surgery.
f) Screen for immunology: N/A
g) Screen for gastrointestinal: Around 20-40% of people with KBG syndrome have seizures, and around 38% have heart conditions, including valve changes, hole in the heart chambers, and structural changes, requiring monitoring or surgery.
h) Screen for kidney: N/A
i) Screen for immune system: N/A
j) Screen for dental: N/A
k) Screen for education: N/A
l) Screen for behaviour: N/A
m) Screen for skeletal: Around 38% of people with KBG syndrome have heart conditions, including valve changes, hole in the heart chambers, and structural changes, requiring monitoring or surgery.
n) Screen for neurology: Around 38% of people with KBG syndrome have brain-related issues, including fatigue when playing sports or running around with friends, and around 38% have heart conditions, including valve changes, hole in the heart chambers, and structural changes, requiring monitoring or surgery.
o) Screen for ear nose throat: N/A
p) Screen for opthalmology and vision: Around 38% of people with KBG syndrome have vision problems such as astigmatism, short- or long-sightedness, squint, and hearing loss, and around 38% have heart conditions, including valve changes, hole in the heart chambers, and structural changes, requiring monitoring or surgery.
q) Screen for dermatology: N/A
r) Screen for dentistry: N/A
s) Screen for education: N/A
t) Screen for behaviour: N/A
u) Screen for skeletal: Around 38% of people with KBG syndrome have heart conditions, including valve changes, hole in the heart chambers, and structural changes, requiring monitoring or surgery.
v) Recommendations for screening and treatments: Screen for seizures, hearing, vision, heart, and neurological issues. Regular dental check-ups, regular hearing reviews, and regular eye exams are recommended. Screening for heart and neurological issues is crucial given the high prevalence of heart conditions among people with KBG syndrome. Regular screenings for seizures, hearing, vision, heart, and neurological issues are essential to identify and address potential health concerns early. Regular dental check-ups, regular hearing reviews, and regular eye exams are recommended to ensure timely detection and management of various health issues.",0.5748,0.8438,0.269,Observed
03,16,"# CLINICAL PATIENT REPORT

## 1) RESPIRATORY
a) How this affects the patient: N/A
b) How this affects others with the syndrome: N/A

## 2) CARDIOLOGY
a) How this affects the patient: The patient experiences an issue with one of her heart valves, requiring regular check-ups with the cardiologist. This has not significantly limited her physical activities or energy levels.
b) How this affects others with the syndrome: Around 38% of people with KBG syndrome have heart conditions, including changes to the heart valves, holes in the heart chambers, and structural changes. A few require surgery, while some just need monitoring.

## 3) GASTROENTEROLOGY
a) How this affects the patient: The patient struggles with constipation, experiencing difficulty passing stools regularly and often complaining of feeling bloated or uncomfortable after meals. Dietary adjustments have helped somewhat, but it remains a persistent concern.
b) How this affects others with the syndrome: Around 20-40% of people with KBG syndrome experience seizures, of varying types. Seizures typically respond to the usual antiepileptic treatments.

## 4) IMMUNOLOGY
a) How this affects the patient: N/A
b) How this affects others with the syndrome: N/A

## 5) NEUROLOGY
a) How this affects the patient: The patient's coordination is a challenge, appearing less steady on her feet compared to her friends when running or engaging in sports.
b) How this affects others with the syndrome: Around 38% of people with KBG syndrome have heart conditions, including changes to the heart valves, holes in the heart chambers, and structural changes. A few require surgery, while some just need monitoring.

## 6) EAR NOSE THROAT
a) How this affects the patient: The patient rubs her eyes frequently, especially when focusing on something, indicating potential visual strain.
b) How this affects others with the syndrome: Around 20-40% of people with KBG syndrome experience seizures, of varying types. Seizures typically respond to the usual antiepileptic treatments.

## 7) OPHTHALMOLOGY AND VISION
a) How this affects the patient: The patient rubs her eyes frequently, especially when focusing on something, indicating potential visual strain.
b) How this affects others with the syndrome: Around 20-40% of people with KBG syndrome experience seizures, of varying types. Seizures typically respond to the usual antiepileptic treatments.

## 8) DERMATOLOGY
a) How this affects the patient: N/A
b) How this affects others with the syndrome: N/A

## 9) DENTAL
a) How this affects the patient: The patient has noticeable larger front teeth than her peers, affecting her smile and bite.
b) How this affects others with the syndrome: Around 20-40% of people with KBG syndrome experience seizures, of varying types. Seizures typically respond to the usual antiepileptic treatments.

## 10) EDUCATION
a) How this affects the patient: The patient's developmentally lags behind her peers, prompting discussions about possible interventions or support systems to help bridge these gaps.
b) How this affects others with the syndrome: Around 38% of people with KBG syndrome have heart conditions, including changes to the heart valves, holes in the heart chambers, and structural changes. A few require surgery, while some just need monitoring.

## 11) BEHAVIOUR AND DEVELOPMENT
a) How this affects the patient: The patient exhibits behavioral differences, specifically autism spectrum disorder (ASD), attention deficit hyperactivity disorder (ADHD), and anxiety. Medication(s) may be appropriate in some circumstances.
b) How this affects others with the syndrome: Around 38% of people with KBG syndrome have heart conditions, including changes to the heart valves, holes in the heart chambers, and structural changes. A few require surgery, while some just need monitoring.

## 12) SKELETAL
a) How this affects the patient: The patient has an unusual structure of her spinal bones, giving rise to an increased curvature of the spine (scoliosis). Babies may experience a delayed closure of the soft spot on their head (anterior fontanelle). Many people with KBG syndrome have short fingers (brachydactyly) with a curvature of the 5th fingers (clinodactyly).
b) How this affects others with the syndrome: Around 38% of people with KBG syndrome have heart conditions, including changes to the heart valves, holes in the heart chambers, and structural changes. A few require surgery, while some just need monitoring.

## 13) RECOMMENDATIONS FOR SCREENING AND TREATMENTS
a) Screen for seizures: Around 38% of people with KBG syndrome have heart conditions, including changes to the heart valves, holes in the heart chambers, and structural changes. A few require surgery, while some just need monitoring.
b) Screen for hearing: Around 20-40% of people with KBG syndrome experience seizures, of varying types. Seizures typically respond to the usual antiepileptic treatments.
c) Screen for vision: Around 20-40% of people with KBG syndrome experience seizures, of varying types. Seizures typically respond to the usual antiepileptic treatments.
d) Screen for heart valve issues: Around 38% of people with KBG syndrome have heart conditions, including changes to the heart valves, holes in the heart chambers, and structural changes. A few require surgery, while some just need monitoring.
e) Screen for coordination challenges: Around 38% of people with KBG syndrome have heart conditions, including changes to the heart valves, holes in the heart chambers, and structural changes. A few require surgery, while some just need monitoring.
f) Screen for cognitive delays: Around 38% of people with KBG syndrome have heart conditions, including changes to the heart valves, holes in the heart chambers, and structural changes. A few require surgery, while some just need monitoring.
g) Screen for developmental delays: Around 38% of people with KBG syndrome have heart conditions, including changes to the heart valves, holes in the heart chambers, and structural changes. A few require surgery, while some just need monitoring.
h) Screen for hearing: Around 20-40% of people with KBG syndrome experience seizures, of varying types. Seizures typically respond to the usual antiepileptic treatments.
i) Screen for vision: Around 20-40% of people with KBG syndrome experience seizures, of varying types. Seizures typically respond to the usual antiepileptic treatments.
j) Screen for heart valve issues: Around 38% of people with KBG syndrome have heart conditions, including changes to the heart valves, holes in the heart chambers, and structural changes. A few require surgery, while some just need monitoring.
k) Screen for coordination challenges: Around 38% of people with KBG syndrome have heart conditions, including changes to the heart valves, holes in the heart chambers, and structural changes. A few require surgery, while some just need monitoring.
l) Screen for cognitive delays: Around 38% of people with KBG syndrome have heart conditions, including changes to the heart valves, holes in the heart chambers, and structural changes. A few require surgery, while some just need monitoring.
m) Screen for developmental delays: Around 38% of people with KBG syndrome have heart conditions, including changes to the heart valves, holes in the heart chambers, and structural changes. A few require surgery, while some just need monitoring.
n) Screen for hearing: Around 20-40% of people with KBG syndrome experience seizures, of varying types. Seizures typically respond to the usual antiepileptic treatments.
o) Screen for vision: Around 20-40% of people with KBG syndrome experience seizures, of varying types. Seizures typically respond to the usual antiepileptic treatments.
p) Screen for heart valve issues: Around 38% of people with KBG syndrome have heart conditions, including changes to the heart valves, holes in the heart chambers, and structural changes. A few require surgery, while some just need monitoring.
q) Screen for coordination challenges: Around 38% of people with KBG syndrome have heart conditions, including changes to the heart valves, holes in the heart chambers, and structural changes. A few require surgery, while some just need monitoring.
r) Screen for cognitive delays: Around 38% of people with KBG syndrome have heart conditions, including changes to the heart valves, holes in the heart chambers, and structural changes. A few require surgery, while some just need monitoring.
s) Screen for developmental delays: Around 38% of people with KBG syndrome have heart conditions, including changes to the heart valves, holes in the heart chambers, and structural changes. A few require surgery, while some just need monitoring.
t) Screen for hearing: Around 20-40% of people with KBG syndrome experience seizures, of varying types. Seizures typically respond to the usual antiepileptic treatments.
u) Screen for vision: Around 20-40% of people with KBG syndrome experience seizures, of varying types. Seizures typically respond to the usual antiepileptic treatments.
v) Screen for heart valve issues: Around 38% of people with KBG syndrome have heart conditions, including changes to the heart valves, holes in the heart chambers, and structural changes. A few require surgery, while",0.7603,0.6164000000000001,-0.14389999999999992,Estimated
03,17,"# CLINICAL PATIENT REPORT

## 1) RESPIRATORY
a) How this affects the patient: N/A
b) How this affects others with the syndrome: Around 20-40% of people with KBG syndrome are reported to have seizures, of varying types. Seizures typically respond to the usual antiepileptic treatments. In a small number of cases, epilepsy can be difficult to treat.

## 2) CARDIOLOGY
a) How this affects the patient: Our daughter has experienced an issue with one of the heart valves during a routine examination. Since then, she has had regular check-ups to monitor its progression and ensure it doesn't impact her daily life or activity levels significantly.
b) How this affects others with the syndrome: Around 38% of people with KBG syndrome have heart conditions, including changes to the heart valves, holes in the heart chambers, and structural changes. A few require surgery, while some just need monitoring.

## 3) GASTROENTEROLOGY
a) How this affects the patient: Our daughter experiences bowel problems from time to time, which can be challenging to manage. Dietary changes and certain medications have helped alleviate some of these issues, but it remains an area of ongoing monitoring and adjustment.
b) How this affects others with the syndrome: Around 20-40% of people with KBG syndrome are reported to have seizures, of varying types. Seizures typically respond to the usual antiepileptic treatments. In a small number of cases, epilepsy can be difficult to treat.

## 4) IMMUNOLOGY
a) How this affects the patient: N/A
b) How this affects others with the syndrome: N/A

## 5) NEUROLOGY
a) How this affects the patient: Our daughter experiences seizures, which are managed with medication and lifestyle adjustments. We work closely with her neurologist to minimize their frequency and impact on her daily functioning.
b) How this affects others with the syndrome: Around 38% of people with KBG syndrome have brain-related issues, including seizures, which are managed with medication and lifestyle adjustments.

## 6) EAR NOSE THROAT
a) How this affects the patient: Our daughter tends to sit very close to the television or when reading books, which raises concerns about her eyesight. She does seem to hear well in quieter environments, though.
b) How this affects others with the syndrome: Around 20-40% of people with KBG syndrome have hearing issues, particularly in quiet environments, which can lead to speech delays and difficulty understanding spoken words.

## 7) OPHTHALMOLOGY AND VISION
a) How this affects the patient: Our daughter has a history of hearing issues, specifically in quieter environments, which can lead to speech delays and difficulty understanding spoken words.
b) How this affects others with the syndrome: Around 20-40% of people with KBG syndrome have hearing issues, particularly in quieter environments, which can lead to speech delays and difficulty understanding spoken words.

## 8) DERMATOLOGY
a) How this affects the patient: N/A
b) How this affects others with the syndrome: N/A

## 9) DENTAL
a) How this affects the patient: Our daughter has larger front teeth than average, which can sometimes make her smile appear slightly different. Her dentist says it's primarily cosmetic at this stage, but we're keeping an eye on it for future orthodontic evaluations.
b) How this affects others with the syndrome: Around 20-40% of people with KBG syndrome have dental concerns, including larger front teeth and potential issues with tooth enamel and sensitivity.

## 10) EDUCATION
a) How this affects the patient: Our daughter needs extra help in school, though most go to a mainstream primary school. The extra demands of mainstream secondary school may prove too challenging, and she may transfer to special schooling or remain in mainstream schools with Educational Health Care Plans (EHCP).
b) How this affects others with the syndrome: Around 20-40% of people with KBG syndrome require additional support in school, especially in areas like speech, hearing, and cognitive abilities.

## 11) BEHAVIOUR AND DEVELOPMENT
a) How this affects the patient: Our daughter exhibits behavioral differences such as autism spectrum disorder (ASD), attention deficit hyperactivity disorder (ADHD), and anxiety. Medication(s) may be appropriate in some circumstances.
b) How this affects others with the syndrome: Around 20-40% of people with KBG syndrome exhibit behavioral differences, including ASD, ADHD, and anxiety.

## 12) SKELETAL
a) How this affects the patient: Our daughter has an unusual structure of her spinal bones, which can cause an increased curvature of the spine (scoliosis). Babies may experience a delayed closure of the soft spot on their head (anterior fontanelle). Some children have had hip dysplasia, in which the hip joints are easily dislocated.
b) How this affects others with the syndrome: Around 38% of people with KBG syndrome have heart conditions, including changes to the heart valves, holes in the heart chambers, and structural changes.

## 13) RECOMMENDATIONS FOR SCREENING AND TREATMENTS
a) Regular dental check-ups: Regular dental check-ups are recommended to monitor the progress of any dental issues and ensure they don't impact daily life or activity levels significantly.
b) Regular hearing reviews: Regular hearing reviews should be conducted until the age of five, even if previous reviews provide a clear response.
c) Eyesight (ophthalmology) review: Regular eye examinations should be conducted to monitor vision issues, particularly in quiet environments, which can lead to speech delays and difficulty understanding spoken words.
d) Check position of testes in boys: Regular assessments of the testes' position in boys should be performed to detect any abnormalities early.
e) Palate review: A palate review should be considered if there are feeding difficulties or speech concerns.
f) Referral for a cardiac review: Regular cardiac check-ups should be conducted following diagnosis to monitor any heart conditions and ensure they don't impact daily life or activity levels significantly.
g) Monitoring growth velocity: Regular monitoring of growth velocity is recommended to detect any deviations from normal growth patterns, especially if height is below the 2nd centile.
h) Physiotherapy, occupational therapy, speech therapy, and behavioural therapy: Regular referrals for physiotherapy, occupational therapy, speech therapy, and behavioural therapy are recommended to address various needs and challenges faced by the patient.",0.6703,0.7509,0.0806,Observed
03,18,"# CLINICAL PATIENT REPORT

## 1) RESPIRATORY
a) How this affects the patient: N/A
b) How this affects others with the syndrome: N/A

## 2) CARDIOLOGY
a) How this affects the patient: The patient experiences a septal defect in her heart, requiring close monitoring and management by the cardiologist.
b) How this affects others with the syndrome: Around 38% of people with KBG syndrome have heart conditions, including changes to the heart valves, holes in the heart chambers, and structural changes.

## 3) GASTROENTEROLOGY
a) How this affects the patient: The patient shows pickiness about food, leading to challenges at mealtime and necessitating a balanced diet.
b) How this affects others with the syndrome: Around 20-40% of people with KBG syndrome experience seizures, of varying types.

## 4) IMMUNOLOGY
a) How this affects the patient: N/A
b) How this affects others with the syndrome: N/A

## 5) NEUROLOGY
a) How this affects the patient: The patient becomes exhausted quickly when engaging in physical activity, even simple play leaving her feeling drained after a short while.
b) How this affects others with the syndrome: Around 20-40% of people with KBG syndrome experience seizures, of varying types.

## 6) EAR NOSE THROAT
a) How this affects the patient: The patient rubs her eyes when focusing on something, indicating easy eye fatigue.
b) How this affects others with the syndrome: Around 20-40% of people with KBG syndrome experience seizures, of varying types.

## 7) OPHTHALMOLOGY AND VISION
a) How this affects the patient: The patient rubs her eyes when focusing on something, indicating easy eye fatigue.
b) How this affects others with the syndrome: Around 20-40% of people with KBG syndrome experience seizures, of varying types.

## 8) DERMATOLOGY
a) How this affects the patient: N/A
b) How this affects others with the syndrome: N/A

## 9) DENTAL
a) How this affects the patient: The patient avoids hard foods due to difficulty chewing.
b) How this affects others with the syndrome: Around 20-40% of people with KBG syndrome experience seizures, of varying types.

## 10) EDUCATION
a) How this affects the patient: The patient requires extra help in school, particularly in areas such as toilet training and using cutlery.
b) How this affects others with the syndrome: Around 20-40% of people with KBG syndrome experience seizures, of varying types.

## 11) BEHAVIOUR AND DEVELOPMENT
a) How this affects the patient: The patient displays exhaustion quickly when engaging in physical activity, even simple play leaving her feeling drained after a short while.
b) How this affects others with the syndrome: Around 20-40% of people with KBG syndrome experience seizures, of varying types.

## 12) SKELETAL
a) How this affects the patient: The patient has shorter fingers on one hand, which may impact her development and dexterity over time.
b) How this affects others with the syndrome: Around 20-40% of people with KBG syndrome experience seizures, of varying types.

## 13) RECOMMENDATIONS FOR SCREENING AND TREATMENTS
a) Screen for septal defects in the heart.
b) Monitor and manage the septal defect in the heart.
c) Review the patient's vision and address any eye fatigue.
d) Address the pickiness about food and ensure a balanced diet.
e) Monitor the patient's energy levels and engage in physical activity gradually.
f) Manage the patient's exhaustion quickly when engaging in physical activity.
g) Monitor the patient's growth and refer for endocrine investigations if height is below the 2nd centile.
h) Refer for orthopedic evaluation if asymmetrical hip creases or painful gait are noted.
i) Refer for vestibular assessment if the patient exhibits signs of distraction or not paying attention.
j) Refer for ENT evaluation if the patient rubs her eyes when focusing on something.
k) Refer for ophthalmology evaluation if the patient rubs her eyes when focusing on something.
l) Refer for gastroenterology evaluation if the patient shows pickiness about food.
m) Refer for neurology evaluation if the patient becomes exhausted quickly when engaging in physical activity.",0.5711,0.8929,0.3218,Observed
03,19,"# CLINICAL PATIENT REPORT

## 1) RESPIRATORY
a) How this affects the patient: N/A
b) How this affects others with the syndrome: N/A

## 2) CARDIOLOGY
a) How this affects the patient: The patient experiences a septal defect affecting the flow of blood through her heart, requiring regular check-ups with the cardiologist to monitor and ensure everything stays okay.
b) How this affects others with the syndrome: Around 38% of people with KBG syndrome have heart conditions, ranging from valve changes to holes in the heart chambers and structural changes.

## 3) GASTROENTEROLOGY
a) How this affects the patient: The patient experiences slower weight gain compared to other kids her age, requiring nutrient-rich foods and supplements to support her growth.
b) How this affects others with the syndrome: Around 20-40% of people with KBG syndrome experience seizures, with around 15% having heart conditions.

## 4) IMMUNOLOGY
a) How this affects the patient: N/A
b) How this affects others with the syndrome: N/A

## 5) NEUROLOGY
a) How this affects the patient: The patient experiences seizures from time to time, requiring close collaboration with her neurologist to manage them and adjust medication as needed.
b) How this affects others with the syndrome: Around 15% of people with KBG syndrome have heart conditions, ranging from valve changes to holes in the heart chambers and structural changes.

## 6) EAR NOSE THROAT
a) How this affects the patient: The patient has shorter fingers than average and some palatal abnormalities that the doctors keep an eye on.
b) How this affects others with the syndrome: Around 11% of people with KBG syndrome have tethered cord, which can cause pain and weakness in the legs, urinary and bowel issues, sacral dimple, and an unusual gait.

## 7) OPHTHALMOLOGY AND VISION
a) How this affects the patient: The patient has myopia, which means she has trouble seeing things that are far away, and she requires glasses to help correct this.
b) How this affects others with the syndrome: Around 20-40% of people with KBG syndrome experience seizures, with around 15% having heart conditions.

## 8) DERMATOLOGY
a) How this affects the patient: N/A
b) How this affects others with the syndrome: N/A

## 9) DENTAL
a) How this affects the patient: The patient experiences chewing challenges, especially with harder foods like meats or crunchy vegetables, and needs to eat softer foods and take smaller bites to make mealtime easier.
b) How this affects others with the syndrome: Around 20-40% of people with KBG syndrome experience seizures, with around 15% having heart conditions.

## 10) EDUCATION
a) How this affects the patient: The patient attends a mainstream primary school, but may need to transfer to special schooling or remain in mainstream schools with Educational Health Care Plans (EHCP) due to the extra demands of mainstream secondary school.
b) How this affects others with the syndrome: Around 15% of people with KBG syndrome experience seizures, with around 15% having heart conditions.

## 11) BEHAVIOUR AND DEVELOPMENT
a) How this affects the patient: The patient experiences behavioral differences such as autism spectrum disorder (ASD), ADHD, or anxiety, and medication(s) may be appropriate in some circumstances.
b) How this affects others with the syndrome: Around 15% of people with KBG syndrome experience seizures, with around 15% having heart conditions.

## 12) SKELETAL
a) How this affects the patient: The patient has brachydactyly, with a curvature of the 5th finger (clinodactyly), and some palatal abnormalities that the doctors keep an eye on.
b) How this affects others with the syndrome: Around 11% of people with KBG syndrome have tethered cord, which can cause pain and weakness in the legs, urinary and bowel issues, sacral dimple, and an unusual gait.

## 13) RECOMMENDATIONS FOR SCREENING AND TREATMENTS
a) Screen for seizures: Around 20-40% of people with KBG syndrome experience seizures, with around 15% having heart conditions.
b) Screen for hearing: Around 20-40% of people with KBG syndrome experience seizures, with around 15% having heart conditions.
c) Screen for heart conditions: Around 38% of people with KBG syndrome have heart conditions, ranging from valve changes to holes in the heart chambers and structural changes.
d) Screen for tethered cord: Around 11% of people with KBG syndrome have tethered cord, which can cause pain and weakness in the legs, urinary and bowel issues, sacral dimple, and an unusual gait.
e) Screen for palatal abnormalities: Around 11% of people with KBG syndrome have tethered cord, which can cause pain and weakness in the legs, urinary and bowel issues, sacral dimple, and an unusual gait.
f) Screen for seizures: Around 20-40% of people with KBG syndrome experience seizures, with around 15% having heart conditions.
g) Screen for hearing: Around 20-40% of people with KBG syndrome experience seizures, with around 15% having heart conditions.
h) Screen for heart conditions: Around 38% of people with KBG syndrome have heart conditions, ranging from valve changes to holes in the heart chambers and structural changes.
i) Screen for tethered cord: Around 11% of people with KBG syndrome have tethered cord, which can cause pain and weakness in the legs, urinary and bowel issues, sacral dimple, and an unusual gait.
j) Screen for palatal abnormalities: Around 11% of people with KBG syndrome have tethered cord, which can cause pain and weakness in the legs, urinary and bowel issues, sacral dimple, and an unusual gait.
k) Screen for seizures: Around 20-40% of people with KBG syndrome experience seizures, with around 15% having heart conditions.
l) Screen for hearing: Around 20-40% of people with KBG syndrome experience seizures, with around 15% having heart conditions.
m) Screen for heart conditions: Around 38% of people with KBG syndrome have heart conditions, ranging from valve changes to holes in the heart chambers and structural changes.
n) Screen for tethered cord: Around 11% of people with KBG syndrome have tethered cord, which can cause pain and weakness in the legs, urinary and bowel issues, sacral dimple, and an unusual gait.
o) Screen for palatal abnormalities: Around 11% of people with KBG syndrome have tethered cord, which can cause pain and weakness in the legs, urinary and bowel issues, sacral dimple, and an unusual gait.
p) Screen for seizures: Around 20-40% of people with KBG syndrome experience seizures, with around 15% having heart conditions.
q) Screen for hearing: Around 20-40% of people with KBG syndrome experience seizures, with around 15% having heart conditions.
r) Screen for heart conditions: Around 38% of people with KBG syndrome have heart conditions, ranging from valve changes to holes in the heart chambers and structural changes.
s) Screen for tethered cord: Around 11% of people with KBG syndrome have tethered cord, which can cause pain and weakness in the legs, urinary and bowel issues, sacral dimple, and an unusual gait.
t) Screen for palatal abnormalities: Around 11% of people with KBG syndrome have tethered cord, which can cause pain and weakness in the legs, urinary and bowel issues, sacral dimple, and an unusual gait.
u) Screen for seizures: Around 20-40% of people with KBG syndrome experience seizures, with around 15% having heart conditions.
v) Screen for hearing: Around 20-40% of people with KBG syndrome experience seizures, with around 15% having heart conditions.
w) Screen for heart conditions: Around 38% of people with KBG syndrome have heart conditions, ranging from valve changes to holes in the heart chambers and structural changes.
x) Screen for tethered cord: Around 11% of people with KBG syndrome have tethered cord, which can cause pain and weakness in the legs, urinary and bowel issues, sacral dimple, and an unusual gait.
y) Screen for palatal abnormalities: Around 11% of people with KBG syndrome have tethered cord, which can cause pain and weakness in the legs, urinary and bowel issues, sacral dimple, and an unusual gait.
z) Screen for seizures: Around 20-40% of people with KBG syndrome experience seizures, with around 15% having heart conditions.
aa) Screen for hearing: Around 20-40% of people with KBG syndrome experience seizures, with around 15% having heart conditions.
ab) Screen for heart conditions: Around 38% of people with KBG syndrome have heart conditions, ranging from valve changes to holes in the heart chambers and structural changes.
ac) Screen for tethered cord: Around 11% of people with KBG",0.7082,0.7249000000000001,0.016700000000000048,Estimated
03,21,"# CLINICAL PATIENT REPORT

## 1) RESPIRATORY
a) How this affects the patient: N/A
b) How this affects others with the syndrome: N/A

## 2) CARDIOLOGY
a) How this affects the patient: The patient experiences a structural heart abnormality, requiring caution with physical activity levels and regular check-ups with the cardiologist.
b) How this affects others with the syndrome: Around 38% of people with KBG syndrome have heart conditions, including changes to the heart valves, holes in the heart chambers, and structural changes.

## 3) GASTROENTEROLOGY
a) How this affects the patient: The patient has a feeding aversion to certain foods, making mealtime challenging.
b) How this affects others with the syndrome: Around 20-40% of people with KBG syndrome have seizures, and around 38% have heart conditions.

## 4) IMMUNOLOGY
a) How this affects the patient: N/A
b) How this affects others with the syndrome: N/A

## 5) NEUROLOGY
a) How this affects the patient: The patient appears to be less coordinated than her peers, with slower development of balance and overall motor skills.
b) How this affects others with the syndrome: Around 38% of people with KBG syndrome have heart conditions.

## 6) EAR NOSE THROAT
a) How this affects the patient: The patient has a squint, which sometimes causes her to tilt her head to see properly.
b) How this affects others with the syndrome: Around 38% of people with KBG syndrome have heart conditions.

## 7) OPHTHALMOLOGY AND VISION
a) How this affects the patient: The patient struggles with expressing herself clearly, often leading to frustration when trying to communicate.
b) How this affects others with the syndrome: Around 38% of people with KBG syndrome have heart conditions.

## 8) DERMATOLOGY
a) How this affects the patient: N/A
b) How this affects others with the syndrome: N/A

## 9) DENTAL
a) How this affects the patient: The patient has weak enamel, which makes her teeth more prone to cavities, and she needs to brush them regularly and visit the dentist often.
b) How this affects others with the syndrome: Around 38% of people with KBG syndrome have heart conditions.

## 10) EDUCATION
a) How this affects the patient: The patient faces challenges in social interactions and communication, making school a bit tough for her.
b) How this affects others with the syndrome: Around 38% of people with KBG syndrome have heart conditions.

## 11) BEHAVIOUR AND DEVELOPMENT
a) How this affects the patient: The patient struggles with expressing herself clearly, often leading to frustration when trying to communicate, and has a feeding aversion to certain foods, making mealtime challenging.
b) How this affects others with the syndrome: Around 38% of people with KBG syndrome have heart conditions.

## 12) SKELETAL
a) How this affects the patient: The patient has an unusual structure of her spinal bones, giving rise to an increased curvature of the spine (scoliosis), and some people have short fingers (brachydactyly) with a curvature of the 5th fingers (clinodactyly).
b) How this affects others with the syndrome: Around 38% of people with KBG syndrome have heart conditions.

## 13) RECOMMENDATIONS FOR SCREENING AND TREATMENTS
a) Regular dental check-ups: The patient needs to maintain proper oral hygiene by brushing her teeth regularly and visiting the dentist often to prevent any further issues.
b) Regular hearing reviews to age 5: The patient should undergo regular hearing checks to age 5, even if earlier reviews give a clear response.
c) Eyesight (ophthalmology) review: The patient should have regular eye exams to monitor her vision and address potential issues.
d) Check position of testes in boys: The patient should be monitored for the presence of undescended testes, especially if the testes do not descend on their own.
e) Consider a palate review: The patient should be referred for a palate review if there are feeding difficulties or speech concerns.
f) Referral for a cardiac review: The patient should be followed-up with a cardiologist for regular check-ups, especially if she experiences signs of precocious puberty.
g) Monitor growth velocity: If the patient's height is below the 2nd centile, she should be referred for endocrine investigations.
h) Consider physiotherapy, occupational therapy, speech therapy, and behavioral therapy: The patient should receive additional support in areas such as coordination, balance, and communication to improve her overall development.",0.8988,0.9318,0.03299999999999992,Observed
03,24,"# CLINICAL PATIENT REPORT

## 1) RESPIRATORY
a) How this affects the patient: N/A
b) How this affects others with the syndrome: N/A

## 2) CARDIOLOGY
a) How this affects the patient: The patient experiences a septal defect that requires ongoing monitoring by the cardiologist.
b) How this affects others with the syndrome: Around 38% of people with KBG syndrome have heart conditions, including valve changes, hole in the heart chambers, and structural changes.

## 3) GASTROENTEROLOGY
a) How this affects the patient: The patient struggled with feeding when young, requiring short-term nasogastric tube feeding supplements.
b) How this affects others with the syndrome: Around 20-40% of people with KBG syndrome experience seizures, with some being difficult to treat.

## 4) IMMUNOLOGY
a) How this affects the patient: N/A
b) How this affects others with the syndrome: N/A

## 5) NEUROLOGY
a) How this affects the patient: The patient exhibits coordination issues and appears less stable on his feet compared to peers.
b) How this affects others with the syndrome: Around 38% of people with KBG syndrome have heart conditions, including valve changes, hole in the heart chambers, and structural changes.

## 6) EAR NOSE THROAT
a) How this affects the patient: The patient experiences difficulty seeing clearly, especially in loud environments.
b) How this affects others with the syndrome: Around 38% of people with KBG syndrome have heart conditions, including valve changes, hole in the heart chambers, and structural changes.

## 7) OPHTHALMOLOGY AND VISION
a) How this affects the patient: The patient experiences blurred vision, particularly in loud environments.
b) How this affects others with the syndrome: Around 38% of people with KBG syndrome have heart conditions, including valve changes, hole in the heart chambers, and structural changes.

## 8) DERMATOLOGY
a) How this affects the patient: N/A
b) How this affects others with the syndrome: N/A

## 9) DENTAL
a) How this affects the patient: The patient has experienced frequent dental visits due to the need for regular check-ups to prevent further problems.
b) How this affects others with the syndrome: Around 38% of people with KBG syndrome have heart conditions, including valve changes, hole in the heart chambers, and structural changes.

## 10) EDUCATION
a) How this affects the patient: The patient has received additional help in school, though most go to a mainstream primary school.
b) How this affects others with the syndrome: Around 38% of people with KBG syndrome have heart conditions, including valve changes, hole in the heart chambers, and structural changes.

## 11) BEHAVIOUR AND DEVELOPMENT
a) How this affects the patient: The patient exhibits coordination issues and appears less stable on his feet compared to peers.
b) How this affects others with the syndrome: Around 38% of people with KBG syndrome have heart conditions, including valve changes, hole in the heart chambers, and structural changes.

## 12) SKELETAL
a) How this affects the patient: The patient has experienced an unusual structure of their spinal bones, giving rise to an increased curvature of the spine (scoliosis).
b) How this affects others with the syndrome: Around 38% of people with KBG syndrome have heart conditions, including valve changes, hole in the heart chambers, and structural changes.

## 13) RECOMMENDATIONS FOR SCREENING AND TREATMENTS
a) Screen for septal defects and heart conditions.
b) Regular dental check-ups.
c) Regular hearing reviews to age 5.
d) Ophthalmology review.
e) Palate review.
f) Cardiac review (including echocardiogram and ECG).
g) Skeletal review (X-ray of the wrist, hip, spine, and skull).
h) Consider a tethered cord review (MRI) where clinical concerns arise on an individual basis (especially if sacral dimple is present).

This report summarizes the key findings and implications based on the patient's presentation and the provided clinical reference guidelines. The report includes sections for respiratory, cardiovascular, gastrointestinal, immunology, neurology, ENT, dermatology, dentistry, education, behavior, and skeletal issues. Recommendations for screening and treatment are provided to address the patient's unique set of challenges.",0.7396,0.6711,-0.0685,Observed
03,26,"# CLINICAL PATIENT REPORT

## 1) RESPIRATORY
a) How this affects the patient: N/A
b) How this affects others with the syndrome: N/A

## 2) CARDIOLOGY
a) How this affects the patient: The patient experiences active breathing increases during physical activity, indicating potential respiratory issues.
b) How this affects others with the syndrome: Around 38% of people with KBG syndrome have heart conditions, including valve changes, hole in the heart chambers, and structural changes.

## 3) GASTROENTEROLOGY
a) How this affects the patient: The patient experiences constipation, requiring dietary adjustments and ensuring adequate hydration and fiber intake.
b) How this affects others with the syndrome: Around 20-40% of people with KBG syndrome experience seizures, with some being resistant to treatment.

## 4) IMMUNOLOGY
a) How this affects the patient: N/A
b) How this affects others with the syndrome: N/A

## 5) NEUROLOGY
a) How this affects the patient: The patient experiences seizures, requiring close collaboration with a neurologist to manage them.
b) How this affects others with the syndrome: Around 38% of people with KBG syndrome have brain-related issues, including seizures.

## 6) EAR NOSE THROAT
a) How this affects the patient: The patient exhibits a noticeable difference in posture compared to peers, and doctors are keeping an eye on hip dysplasia.
b) How this affects others with the syndrome: Around 38% of people with KBG syndrome have hip dysplasia.

## 7) OPHTHALMOLOGY AND VISION
a) How this affects the patient: The patient requires glasses for clear vision and has experienced hearing issues, particularly with recurrent otitis media or glue ear.
b) How this affects others with the syndrome: Around 38% of people with KBG syndrome have hearing issues, including recurrent otitis media or glue ear.

## 8) DERMATOLOGY
a) How this affects the patient: N/A
b) How this affects others with the syndrome: N/A

## 9) DENTAL
a) How this affects the patient: The patient has weak enamel and brushes her teeth regularly, limiting sugary snack consumption.
b) How this affects others with the syndrome: Around 20-40% of people with KBG syndrome experience tooth decay.

## 10) EDUCATION
a) How this affects the patient: The patient attends mainstream primary school but may require additional support in secondary school.
b) How this affects others with the syndrome: Around 38% of people with KBG syndrome attend mainstream primary school but may require specialized education in secondary school.

## 11) BEHAVIOUR AND DEVELOPMENT
a) How this affects the patient: The patient experiences behavioral differences, specifically ASD, ADHD, and anxiety.
b) How this affects others with the syndrome: Around 38% of people with KBG syndrome exhibit behavioral differences, including ASD, ADHD, and anxiety.

## 12) SKELETAL
a) How this affects the patient: The patient has hip dysplasia, with doctors keeping an eye on it.
b) How this affects others with the syndrome: Around 38% of people with KBG syndrome have hip dysplasia.

## 13) RECOMMENDATIONS FOR SCREENING AND TREATMENTS
a) Screen for seizures: Around 38% of people with KBG syndrome experience seizures.
b) Screen for hearing issues: Around 38% of people with KBG syndrome have hearing issues, including recurrent otitis media or glue ear.
c) Screen for orthopedic issues: Around 38% of people with KBG syndrome have hip dysplasia.
d) Screen for cardiovascular issues: Around 38% of people with KBG syndrome have heart conditions, including valve changes, hole in the heart chambers, and structural changes.
e) Screen for immunological issues: Around 38% of people with KBG syndrome have immune system issues, including susceptibility to infections.
f) Screen for gastrointestinal issues: Around 38% of people with KBG syndrome have digestive issues, including constipation and feeding difficulties.
g) Screen for neurological issues: Around 38% of people with KBG syndrome have neurological issues, including seizures.",0.5186,0.5294,0.010800000000000032,Observed
03,27,"# CLINICAL PATIENT REPORT

## 1) RESPIRATORY
a) How this affects the patient: N/A
b) How this affects others with the syndrome: N/A

## 2) CARDIOLOGY
a) How this affects the patient: Around 20-40% of people with KBG syndrome have seizures, and around 38% have heart conditions, including changes to the heart valves, holes in the heart chambers, and structural abnormalities.
b) How this affects others with the syndrome: Most children with KBG syndrome do not have a very serious heart condition, but a study of 40 European patients showed that 15/40 (38%) had heart conditions.

## 3) GASTROENTEROLOGY
a) How this affects the patient: Bowel movements are a concern for the patient.
b) How this affects others with the syndrome: Around 20-40% of people with KBG syndrome have seizures, and around 38% have heart conditions, including changes to the heart valves, holes in the heart chambers, and structural abnormalities.

## 4) IMMUNOLOGY
a) How this affects the patient: N/A
b) How this affects others with the syndrome: N/A

## 5) NEUROLOGY
a) How this affects the patient: Seizures happen sometimes.
b) How this affects others with the syndrome: Around 20-40% of people with KBG syndrome have seizures.

## 6) EAR NOSE THROAT
a) How this affects the patient: Bowel movements are a concern for the patient.
b) How this affects others with the syndrome: Around 20-40% of people with KBG syndrome have seizures, and around 38% have heart conditions, including changes to the heart valves, holes in the heart chambers, and structural abnormalities.

## 7) OPHTHALMOLOGY AND VISION
a) How this affects the patient: Bowel movements are a concern for the patient.
b) How this affects others with the syndrome: Around 20-40% of people with KBG syndrome have seizures, and around 38% have heart conditions, including changes to the heart valves, holes in the heart chambers, and structural abnormalities.

## 8) DERMATOLOGY
a) How this affects the patient: N/A
b) How this affects others with the syndrome: N/A

## 9) DENTAL
a) How this affects the patient: N/A
b) How this affects others with the syndrome: Around 20-40% of people with KBG syndrome have seizures, and around 38% have heart conditions, including changes to the heart valves, holes in the heart chambers, and structural abnormalities.

## 10) EDUCATION
a) How this affects the patient: N/A
b) How this affects others with the syndrome: Around 20-40% of people with KBG syndrome have seizures, and around 38% have heart conditions, including changes to the heart valves, holes in the heart chambers, and structural abnormalities.

## 11) BEHAVIOUR AND DEVELOPMENT
a) How this affects the patient: Speech development isn't where it should be for his age.
b) How this affects others with the syndrome: Around 20-40% of people with KBG syndrome have seizures, and around 38% have heart conditions, including changes to the heart valves, holes in the heart chambers, and structural abnormalities.

## 12) SKELETAL
a) How this affects the patient: Around 38% of people with KBG syndrome have heart conditions, including changes to the heart valves, holes in the heart chambers, and structural abnormalities.
b) How this affects others with the syndrome: Around 20-40% of people with KBG syndrome have seizures, and around 38% have heart conditions, including changes to the heart valves, holes in the heart chambers, and structural abnormalities.

## 13) RECOMMENDATIONS FOR SCREENING AND TREATMENTS
a) Regular dental check-ups.
b) Regular hearing reviews to age 5 (even if earlier reviews give a clear response).
c) Eyesight (ophthalmology) review.
d) Check position of testes in boys.
e) Consider a palate review (particularly if there are feeding difficulties or speech concerns).
f) Referral for a cardiac review (including echo and ECG) following diagnosis.
g) Monitor growth velocity: if height is below the 2nd centile consider referral for endocrine investigations on an individual basis and within context of familial heights.
h) Consider physiotherapy, occupational therapy, speech therapy and behavioral therapy.",0.949,0.4767,-0.47229999999999994,Observed
03,28,"# CLINICAL PATIENT REPORT

## 1) RESPIRATORY
a) How this affects the patient: N/A
b) How this affects others with the syndrome: Around 20-40% of people with KBG syndrome are reported to have seizures, of varying types. Seizures typically respond to the usual antiepileptic treatments. In a small number of cases, epilepsy can be difficult to treat.

## 2) CARDIOLOGY
a) How this affects the patient: Doctors found a septal defect in the patient's heart. They recommend going for regular monitoring to ensure it doesn't affect her daily life too much.
b) How this affects others with the syndrome: Around 38% of people with KBG syndrome have heart conditions, including changes to the heart valves, holes in the heart chambers, and structural changes. A few require surgery, but some just need monitoring.

## 3) GASTROENTEROLOGY
a) How this affects the patient: The patient is picky with food and often refuses certain meals, which is not a major concern but something they are keeping an eye on.
b) How this affects others with the syndrome: Around 20-40% of people with KBG syndrome experience seizures, of varying types. Seizures typically respond to the usual antiepileptic treatments.

## 4) IMMUNOLOGY
a) How this affects the patient: N/A
b) How this affects others with the syndrome: N/A

## 5) NEUROLOGY
a) How this affects the patient: The patient experiences epileptic seizures. They work closely with their neurologist to manage them effectively.
b) How this affects others with the syndrome: Around 38% of people with KBG syndrome have brain-related issues, including seizures.

## 6) EAR NOSE THROAT
a) How this affects the patient: The patient has palatal abnormalities and also has scoliosis. These conditions require ongoing monitoring and management from various specialists.
b) How this affects others with the syndrome: Around 20-40% of people with KBG syndrome experience seizures, of varying types. Seizures typically respond to the usual antiepileptic treatments.

## 7) OPHTHALMOLOGY AND VISION
a) How this affects the patient: The patient has difficulty seeing the board in class, even when sitting close, and turns the TV volume up really high to hear her favorite shows. Doctors found a septal defect in her heart. They recommend going for regular monitoring to ensure it doesn't affect her daily life too much.
b) How this affects others with the syndrome: Around 20-40% of people with KBG syndrome experience seizures, of varying types. Seizures typically respond to the usual antiepileptic treatments.

## 8) DERMATOLOGY
a) How this affects the patient: N/A
b) How this affects others with the syndrome: N/A

## 9) DENTAL
a) How this affects the patient: The patient needs to take better care of her teeth through regular brushing and check-ups.
b) How this affects others with the syndrome: Around 20-40% of people with KBG syndrome experience seizures, of varying types. Seizures typically respond to the usual antiepileptic treatments.

## 10) EDUCATION
a) How this affects the patient: The patient is picky with food and often refuses certain meals, which is not a major concern but something they are keeping an eye on.
b) How this affects others with the syndrome: Around 20-40% of people with KBG syndrome experience seizures, of varying types. Seizures typically respond to the usual antiepileptic treatments.

## 11) BEHAVIOUR AND DEVELOPMENT
a) How this affects the patient: The patient experiences behavioral differences such as autism spectrum disorder (ASD), ADHD, and anxiety. Medication(s) may be appropriate in some circumstances.
b) How this affects others with the syndrome: Around 20-40% of people with KBG syndrome experience seizures, of varying types. Seizures typically respond to the usual antiepileptic treatments.

## 12) SKELETAL
a) How this affects the patient: The patient has palatal abnormalities and also has scoliosis. These conditions require ongoing monitoring and management from various specialists.
b) How this affects others with the syndrome: Around 20-40% of people with KBG syndrome experience seizures, of varying types. Seizures typically respond to the usual antiepileptic treatments.

## 13) RECOMMENDATIONS FOR SCREENING AND TREATMENTS
a) Regular dental check-ups: The patient needs to take better care of her teeth through regular brushing and check-ups.
b) Regular hearing reviews to age 5: Doctors found a septal defect in the patient's heart. They recommend going for regular monitoring to ensure it doesn't affect her daily life too much.
c) Eyesight (ophthalmology) review: The patient has difficulty seeing the board in class, even when sitting close, and turns the TV volume up really high to hear her favorite shows. Doctors found a septal defect in her heart. They recommend going for regular monitoring to ensure it doesn't affect her daily life too much.
d) Check position of testes in boys: The patient has a septal defect in her heart, so doctors recommend going for regular monitoring to ensure it doesn't affect her daily life too much.
e) Consider a palate review: The patient has palatal abnormalities and also has scoliosis. These conditions require ongoing monitoring and management from various specialists.
f) Referral for a cardiac review (including echo and ECG): Doctors found a septal defect in the patient's heart, so they recommend going for regular monitoring to ensure it doesn't affect her daily life too much.
g) If nothing is found (or already done) this does not need to be repeated: Doctors found a septal defect in the patient's heart, so they recommend going for regular monitoring to ensure it doesn't affect her daily life too much.
h) Consider a skeletal review (X-ray of the wrist (to determine bone age), hip, spine and skull): The patient has palatal abnormalities and also has scoliosis. These conditions require ongoing monitoring and management from various specialists.
i) Any concerns around asymmetric hip creases in infancy and/or asymmetric or painful gait should prompt medical review: The patient has palatal abnormalities and also has scoliosis. These conditions require ongoing monitoring and management from various specialists.
j) Consider review and investigation for tethered cord (MRI) where clinical concerns arise on an individual basis (especially if sacral dimple is present): The patient has palatal abnormalities and also has scoliosis. These conditions require ongoing monitoring and management from various specialists.
k) Monitor growth velocity: if height is below the 2nd centile consider referral for endocrine investigations on an individual basis and within context of familial heights: The patient has palatal abnormalities and also has scoliosis. These conditions require ongoing monitoring and management from various specialists.
l) Consider physiotherapy, occupational therapy, speech therapy and behavioural therapy: The patient experiences behavioral differences such as autism spectrum disorder (ASD), ADHD, and anxiety. Medication(s) may be appropriate in some circumstances.",0.8524,0.8079,-0.044500000000000095,Observed
03,36,"# CLINICAL PATIENT REPORT

## 1) RESPIRATORY
a) How this affects the patient: N/A
b) How this affects others with the syndrome: N/A

## 2) CARDIOLOGY
a) How this affects the patient: The patient has a structural issue with his heart, requiring regular monitoring by specialists.
b) How this affects others with the syndrome: Around 38% of people with KBG syndrome have heart conditions, ranging from valve changes to holes in the heart chambers.

## 3) GASTROENTEROLOGY
a) How this affects the patient: The patient struggles with mealtimes, experiencing difficulty swallowing and struggling with food textures.
b) How this affects others with the syndrome: Around 20-40% of people with KBG syndrome have seizures, and around 38% have heart conditions.

## 4) IMMUNOLOGY
a) How this affects the patient: N/A
b) How this affects others with the syndrome: N/A

## 5) NEUROLOGY
a) How this affects the patient: The patient has a tethered cord, which can cause pain and weakness in the legs, urinary and bowel issues, sacral dimple, and an unusual gait.
b) How this affects others with the syndrome: Around 38% of people with KBG syndrome have heart conditions.

## 6) EAR NOSE THROAT
a) How this affects the patient: The patient experiences a delayed closure of the soft spot on his head (anterior fontanelle) and has feeding difficulties.
b) How this affects others with the syndrome: Around 20-40% of people with KBG syndrome have seizures.

## 7) OPHTHALMOLOGY AND VISION
a) How this affects the patient: The patient has squint (strabismus), which can affect speech development and feeding.
b) How this affects others with the syndrome: Around 38% of people with KBG syndrome have heart conditions.

## 8) DERMATOLOGY
a) How this affects the patient: N/A
b) How this affects others with the syndrome: N/A

## 9) DENTAL
a) How this affects the patient: The patient has large permanent upper middle teeth (macrodontia of upper central incisors).
b) How this affects others with the syndrome: Around 38% of people with KBG syndrome have heart conditions.

## 10) EDUCATION
a) How this affects the patient: The patient needs extra help in school, particularly in areas such as toilet training and using cutlery.
b) How this affects others with the syndrome: Around 38% of people with KBG syndrome have heart conditions.

## 11) BEHAVIOUR AND DEVELOPMENT
a) How this affects the patient: The patient has behavioral differences such as autism spectrum disorder (ASD), ADHD, and anxiety.
b) How this affects others with the syndrome: Around 38% of people with KBG syndrome have heart conditions.

## 12) SKELETAL
a) How this affects the patient: The patient has an unusual structure of his spinal bones, giving rise to an increased curvature of the spine (scoliosis).
b) How this affects others with the syndrome: Around 38% of people with KBG syndrome have heart conditions.

## 13) RECOMMENDATIONS FOR SCREENING AND TREATMENTS
a) Screening for heart conditions: Regular monitoring by specialists.
b) Screening for seizures: Antiepileptic medications and regular anticonvulsant treatment.
c) Screening for hearing: Regular hearing checks.
d) Screening for orthopedic issues: X-rays of the wrist, hip, spine, and skull.
e) Screening for tethered cord: MRI scans to rule out sacral dimples.
f) Screening for scoliosis: Regular physical examinations.
g) Screening for speech delays: Speech therapy and behavioral therapy.",0.5718,0.6644,0.09260000000000002,Observed
03,37,"# CLINICAL PATIENT REPORT

## 1) RESPIRATORY
a) How this affects the patient: N/A
b) How this affects others with the syndrome: Around 20-40% of people with KBG syndrome are reported to have seizures, of varying types. Seizures typically respond to the usual antiepileptic treatments. In a small number of cases, epilepsy can be difficult to treat.

## 2) CARDIOLOGY
a) How this affects the patient: The septal defect in the heart has been monitored through regular cardiology check-ups, helping to adjust treatment as necessary to ensure it doesn't impact the child's daily life significantly.
b) How this affects others with the syndrome: Around 38% of people with KBG syndrome have heart conditions, including changes to the heart valves, holes in the heart chambers, and structural changes. A few require surgery, while some just need monitoring.

## 3) GASTROENTEROLOGY
a) How this affects the patient: The baby initially had trouble feeding due to reflux and digestive discomfort, but those issues resolved themselves over time and now his eating habits are mostly normal.
b) How this affects others with the syndrome: Around 20-40% of people with KBG syndrome are reported to have seizures, of varying types. Seizures typically respond to the usual antiepileptic treatments. In a small number of cases, epilepsy can be difficult to treat.

## 4) IMMUNOLOGY
a) How this affects the patient: N/A
b) How this affects others with the syndrome: N/A

## 5) NEUROLOGY
a) How this affects the patient: Hypotonia has been a challenge for the child; it affects muscle tone and can make movements slightly more difficult. Physical therapy sessions have been very helpful in managing this condition.
b) How this affects others with the syndrome: Around 38% of people with KBG syndrome have heart conditions, including changes to the heart valves, holes in the heart chambers, and structural changes. A few require surgery, while some just need monitoring.

## 6) EAR NOSE THROAT
a) How this affects the patient: Our son has a squint, which we've been monitoring closely. It affects his ability to focus on objects directly in front of him, and we're waiting to see if it improves over time or needs further intervention.
b) How this affects others with the syndrome: Around 20-40% of people with KBG syndrome are reported to have seizures, of varying types. Seizures typically respond to the usual antiepileptic treatments. In a small number of cases, epilepsy can be difficult to treat.

## 7) OPHTHALMOLOGY AND VISION
a) How this affects the patient: Our son has a squint, which we've been monitoring closely. It affects his ability to focus on objects directly in front of him, and we're waiting to see if it improves over time or needs further intervention.
b) How this affects others with the syndrome: Around 20-40% of people with KBG syndrome are reported to have seizures, of varying types. Seizures typically respond to the usual antiepileptic treatments. In a small number of cases, epilepsy can be difficult to treat.

## 8) DERMATOLOGY
a) How this affects the patient: N/A
b) How this affects others with the syndrome: N/A

## 9) DENTAL
a) How this affects the patient: The dentist mentioned our child has weak tooth enamel. As a result, we've had to take extra precautions to prevent decay and strengthen them through fluoride treatments and good oral hygiene practices.
b) How this affects others with the syndrome: Around 20-40% of people with KBG syndrome are reported to have seizures, of varying types. Seizures typically respond to the usual antiepileptic treatments. In a small number of cases, epilepsy can be difficult to treat.

## 10) EDUCATION
a) How this affects the patient: Our son has a squint, which we've been monitoring closely. It affects his ability to focus on objects directly in front of him, and we're waiting to see if it improves over time or needs further intervention.
b) How this affects others with the syndrome: Around 20-40% of people with KBG syndrome are reported to have seizures, of varying types. Seizures typically respond to the usual antiepileptic treatments. In a small number of cases, epilepsy can be difficult to treat.

## 11) BEHAVIOUR AND DEVELOPMENT
a) How this affects the patient: Our son has a squint, which we've been monitoring closely. It affects his ability to focus on objects directly in front of him, and we're waiting to see if it improves over time or needs further intervention.
b) How this affects others with the syndrome: Around 20-40% of people with KBG syndrome are reported to have seizures, of varying types. Seizures typically respond to the usual antiepileptic treatments. In a small number of cases, epilepsy can be difficult to treat.

## 12) SKELETAL
a) How this affects the patient: Our son has shorter fingers than typical for his age group and has reached developmental milestones somewhat later than peers.
b) How this affects others with the syndrome: Around 38% of people with KBG syndrome have heart conditions, including changes to the heart valves, holes in the heart chambers, and structural changes. A few require surgery, while some just need monitoring.

## 13) RECOMMENDATIONS FOR SCREENING AND TREATMENTS
a) Regular dental check-ups: Regular dental check-ups are recommended to monitor the strength of the child's teeth and to prevent decay.
b) Regular hearing reviews: Regular hearing reviews should be conducted until the child reaches the age of five, even if previous reviews provide a clear response.
c) Eyesight (ophthalmology) review: An ophthalmologist should be consulted for an eyesight review.
d) Check position of testes in boys: The position of the testes in boys should be checked periodically.
e) Consider a palate review: A specialist review should be considered if there are feeding difficulties or speech concerns.
f) Referral for a cardiac review: Regular cardiac check-ups are recommended to monitor the condition and adjust treatment as necessary.
g) Physiotherapy, occupational therapy, speech therapy and behavioral therapy: These therapies should be considered based on the child's specific needs.",0.9737,0.8216,-0.1521,Estimated
03,38,"# CLINICAL PATIENT REPORT

## 1) RESPIRATORY
a) How this affects the patient: N/A
b) How this affects others with the syndrome: N/A

## 2) CARDIOLOGY
a) How this affects the patient: Our son experiences frequent episodes of heart-related issues, including valve abnormalities and potential congenital heart defects.
b) How this affects others with the syndrome: Around 38% of people with KBG syndrome have heart conditions, ranging from valve abnormalities to holes in the heart chambers and structural changes.

## 3) GASTROENTEROLOGY
a) How this affects the patient: Our son has experienced difficulty with feeding since infancy, requiring short-term nasogastric tube feeding to supplement oral feeds.
b) How this affects others with the syndrome: Around 20-40% of people with KBG syndrome have seizures, and around 38% have heart conditions.

## 4) IMMUNOLOGY
a) How this affects the patient: N/A
b) How this affects others with the syndrome: N/A

## 5) NEUROLOGY
a) How this affects the patient: Our son frequently falls more than other children his age, potentially indicating a loss of balance or distance judgment.
b) How this affects others with the syndrome: Around 15% of people with KBG syndrome fall more than other children their age.

## 6) EAR NOSE THROAT
a) How this affects the patient: Our son turns the volume of the TV up very high, even when we remind him it's already loud enough.
b) How this affects others with the syndrome: Around 20-40% of people with KBG syndrome have seizures.

## 7) OPHTHALMOLOGY AND VISION
a) How this affects the patient: Our son has experienced difficulty with vision, specifically with astigmatism and short-sightedness (hypermetropia).
b) How this affects others with the syndrome: Around 38% of people with KBG syndrome have heart conditions.

## 8) DERMATOLOGY
a) How this affects the patient: N/A
b) How this affects others with the syndrome: N/A

## 9) DENTAL
a) How this affects the patient: Our son complains about tooth sensitivity, particularly with cold foods like ice cream or cold drinks.
b) How this affects others with the syndrome: Around 20-40% of people with KBG syndrome have seizures.

## 10) EDUCATION
a) How this affects the patient: Our son requires additional help in school, going to a mainstream primary school but needing more support in secondary school.
b) How this affects others with the syndrome: Around 20-40% of people with KBG syndrome have seizures.

## 11) BEHAVIOUR AND DEVELOPMENT
a) How this affects the patient: Our son frequently falls more than other children his age, potentially indicating a loss of balance or distance judgment.
b) How this affects others with the syndrome: Around 15% of people with KBG syndrome fall more than other children their age.

## 12) SKELETAL
a) How this affects the patient: Our son has an unusual structure of his spinal bones, giving rise to an increased curvature of the spine (scoliosis).
b) How this affects others with the syndrome: Around 38% of people with KBG syndrome have heart conditions.

## 13) RECOMMENDATIONS FOR SCREENING AND TREATMENTS
a) Screening for heart conditions: Regular check-ups with a cardiologist.
b) Monitoring for sensorineural hearing loss: Regular hearing checks starting at age 5.
c) Orthopedic evaluation: Consider a skeletal review (X-ray of the wrist, hip, spine, and skull) in children following diagnosis.
d) Neurological assessment: Consider a neurological evaluation, especially if there are concerns about balance or distance judgment.
e) Vision screening: Regular eye exams, particularly focusing on astigmatism and short-sightedness (hypermetropia).

This comprehensive approach ensures that the patient receives targeted interventions based on their unique needs, aligning with the latest diagnostic and treatment practices outlined in the clinical reference guidelines.",0.6273,0.8333,0.20600000000000007,Observed
03,42,"# CLINICAL PATIENT REPORT

## 1) RESPIRATORY
a) How this affects the patient: N/A
b) How this affects others with the syndrome: N/A

## 2) CARDIOLOGY
a) How this affects the patient: The patient requires regular check-ups with the cardiologist due to concerns found during previous visits.
b) How this affects others with the syndrome: Around 38% of people with KBG syndrome have heart conditions, including changes to the heart valves, holes in the heart chambers, and structural changes.

## 3) GASTROENTEROLOGY
a) How this affects the patient: The patient had difficulty feeding, requiring different techniques to get her to eat properly.
b) How this affects others with the syndrome: Around 20-40% of people with KBG syndrome have seizures, and around 38% have heart conditions.

## 4) IMMUNOLOGY
a) How this affects the patient: N/A
b) How this affects others with the syndrome: N/A

## 5) NEUROLOGY
a) How this affects the patient: The patient has hypotonia, affecting her muscle tone and making her seem floppy at times.
b) How this affects others with the syndrome: Hypotonia is a common feature in KBG syndrome, affecting muscle tone and contributing to the overall presentation of the condition.

## 6) EAR NOSE THROAT
a) How this affects the patient: The patient has a noticeable difference in posture, particularly evident when standing or walking.
b) How this affects others with the syndrome: Around 20-40% of people with KBG syndrome have seizures, and around 38% have heart conditions.

## 7) OPHTHALMOLOGY AND VISION
a) How this affects the patient: The patient's vision is suboptimal, with a high likelihood of developing various vision problems such as astigmatism, short- or long-sightedness, and squint.
b) How this affects others with the syndrome: Around 38% of people with KBG syndrome have heart conditions, including changes to the heart valves, holes in the heart chambers, and structural changes.

## 8) DERMATOLOGY
a) How this affects the patient: N/A
b) How this affects others with the syndrome: N/A

## 9) DENTAL
a) How this affects the patient: The patient has weak enamel and requires regular dental check-ups to prevent cavities.
b) How this affects others with the syndrome: Around 20-40% of people with KBG syndrome have seizures, and around 38% have heart conditions.

## 10) EDUCATION
a) How this affects the patient: The patient attends a mainstream primary school but may need additional help in school due to developmental delays and behavioral differences.
b) How this affects others with the syndrome: Around 38% of people with KBG syndrome have heart conditions, including changes to the heart valves, holes in the heart chambers, and structural changes.

## 11) BEHAVIOUR AND DEVELOPMENT
a) How this affects the patient: The patient exhibits behavioral differences such as autism spectrum disorder (ASD), ADHD, and anxiety.
b) How this affects others with the syndrome: Around 38% of people with KBG syndrome have heart conditions, including changes to the heart valves, holes in the heart chambers, and structural changes.

## 12) SKELETAL
a) How this affects the patient: The patient has an unusual structure of their spinal bones, giving rise to an increased curvature of the spine (scoliosis), and short fingers with a curvature of the 5th finger (clinodactyly).
b) How this affects others with the syndrome: Around 38% of people with KBG syndrome have heart conditions, including changes to the heart valves, holes in the heart chambers, and structural changes.

## 13) RECOMMENDATIONS FOR SCREENING AND TREATMENTS
a) Screen for seizures: Around 20-40% of people with KBG syndrome have seizures, and around 38% have heart conditions.
b) Screen for hearing: Around 38% of people with KBG syndrome have heart conditions, including changes to the heart valves, holes in the heart chambers, and structural changes.
c) Screen for vision: Around 38% of people with KBG syndrome have heart conditions, including changes to the heart valves, holes in the heart chambers, and structural changes.
d) Screen for heart conditions: Around 38% of people with KBG syndrome have heart conditions, including changes to the heart valves, holes in the heart chambers, and structural changes.
e) Screen for cognitive abilities: Around 38% of people with KBG syndrome have heart conditions, including changes to the heart valves, holes in the heart chambers, and structural changes.
f) Screen for digestive health: Around 38% of people with KBG syndrome have heart conditions, including changes to the heart valves, holes in the heart chambers, and structural changes.
g) Screen for hormonal balance: Around 38% of people with KBG syndrome have heart conditions, including changes to the heart valves, holes in the heart chambers, and structural changes.
h) Screen for orthopedic issues: Around 38% of people with KBG syndrome have heart conditions, including changes to the heart valves, holes in the heart chambers, and structural changes.
i) Screen for neurological function: Around 38% of people with KBG syndrome have heart conditions, including changes to the heart valves, holes in the heart chambers, and structural changes.
j) Screen for immunological status: Around 38% of people with KBG syndrome have heart conditions, including changes to the heart valves, holes in the heart chambers, and structural changes.
k) Screen for gastrointestinal tract: Around 38% of people with KBG syndrome have heart conditions, including changes to the heart valves, holes in the heart chambers, and structural changes.
l) Screen for cardiovascular system: Around 38% of people with KBG syndrome have heart conditions, including changes to the heart valves, holes in the heart chambers, and structural changes.
m) Screen for auditory system: Around 38% of people with KBG syndrome have heart conditions, including changes to the heart valves, holes in the heart chambers, and structural changes.
n) Screen for ocular system: Around 38% of people with KBG syndrome have heart conditions, including changes to the heart valves, holes in the heart chambers, and structural changes.
o) Screen for thyroid gland: Around 38% of people with KBG syndrome have heart conditions, including changes to the heart valves, holes in the heart chambers, and structural changes.
p) Screen for adrenal glands: Around 38% of people with KBG syndrome have heart conditions, including changes to the heart valves, holes in the heart chambers, and structural changes.
q) Screen for parathyroid glands: Around 38% of people with KBG syndrome have heart conditions, including changes to the heart valves, holes in the heart chambers, and structural changes.
r) Screen for pituitary gland: Around 38% of people with KBG syndrome have heart conditions, including changes to the heart valves, holes in the heart chambers, and structural changes.
s) Screen for thymus gland: Around 38% of people with KBG syndrome have heart conditions, including changes to the heart valves, holes in the heart chambers, and structural changes.
t) Screen for lymph nodes: Around 38% of people with KBG syndrome have heart conditions, including changes to the heart valves, holes in the heart chambers, and structural changes.
u) Screen for spleen: Around 38% of people with KBG syndrome have heart conditions, including changes to the heart valves, holes in the heart chambers, and structural changes.
v) Screen for liver: Around 38% of people with KBG syndrome have heart conditions, including changes to the heart valves, holes in the heart chambers, and structural changes.
w) Screen for gallbladder: Around 38% of people with KBG syndrome have heart conditions, including changes to the heart valves, holes in the heart chambers, and structural changes.
x) Screen for pancreas: Around 38% of people with KBG syndrome have heart conditions, including changes to the heart valves, holes in the heart chambers, and structural changes.
y) Screen for kidney: Around 38% of people with KBG syndrome have heart conditions, including changes to the heart valves, holes in the heart chambers, and structural changes.
z) Screen for bladder: Around 38% of people with KBG syndrome have heart conditions, including changes to the heart valves, holes in the heart chambers, and structural changes.
aa) Screen for prostate: Around 38% of people with KBG syndrome have heart conditions, including changes to the heart valves, holes in the heart chambers, and structural changes.
ab) Screen for uterus: Around 38% of people with KBG syndrome have heart conditions, including changes to the heart valves, holes in the heart chambers, and structural changes.
ac) Screen for ovaries: Around 38% of people with KBG syndrome have heart conditions, including changes to the heart valves, holes in the heart chambers, and structural changes.
ad) Screen for testes: Around 38% of people with KBG syndrome have heart conditions, including changes to the heart valves, holes in the heart chambers, and structural changes.
ae) Screen for penis: Around 38% of people with KBG syndrome have heart conditions, including changes to the heart valves, holes in the",0.3125,0.6888,0.37629999999999997,Observed
03,46,"# CLINICAL PATIENT REPORT

## 1) RESPIRATORY
a) How this affects the patient: N/A
b) How this affects others with the syndrome: N/A

## 2) CARDIOLOGY
a) How this affects the patient: The patient requires regular heart check-ups due to potential heart conditions, including valve changes, hole in the heart chambers, and structural changes.
b) How this affects others with the syndrome: Around 38% of people with KBG syndrome have heart conditions, ranging from valve changes to holes in the heart chambers and structural changes.

## 3) GASTROENTEROLOGY
a) How this affects the patient: The patient experiences constipation issues, sometimes going days without going to the bathroom and then having a hard time passing stool.
b) How this affects others with the syndrome: Around 20-40% of people with KBG syndrome have seizures, and around 38% have heart conditions.

## 4) IMMUNOLOGY
a) How this affects the patient: N/A
b) How this affects others with the syndrome: N/A

## 5) NEUROLOGY
a) How this affects the patient: The patient is slower to start walking and sitting up compared to his siblings, and even at 3 years old he still struggles with balance sometimes.
b) How this affects others with the syndrome: Around 20-40% of people with KBG syndrome have seizures, and around 38% have heart conditions.

## 6) EAR NOSE THROAT
a) How this affects the patient: The patient has shorter fingers than average and his spine curves slightly to one side, which the doctors call scoliosis.
b) How this affects others with the syndrome: Around 38% of people with KBG syndrome have heart conditions, and around 20-40% have seizures.

## 7) OPHTHALMOLOGY AND VISION
a) How this affects the patient: The patient has vision problems such as astigmatism, short- or long-sightedness, and squint.
b) How this affects others with the syndrome: Around 20-40% of people with KBG syndrome have seizures, and around 38% have heart conditions.

## 8) DERMATOLOGY
a) How this affects the patient: N/A
b) How this affects others with the syndrome: N/A

## 9) DENTAL
a) How this affects the patient: The patient has larger front teeth compared to other kids his age, and the doctors recommend keeping an eye on them to ensure they don't cause any problems with his bite or speech.
b) How this affects others with the syndrome: Around 38% of people with KBG syndrome have heart conditions, and around 20-40% have seizures.

## 10) EDUCATION
a) How this affects the patient: The patient requires extra help in school, though most go to a mainstream primary school.
b) How this affects others with the syndrome: Around 20-40% of people with KBG syndrome have seizures, and around 38% have heart conditions.

## 11) BEHAVIOUR AND DEVELOPMENT
a) How this affects the patient: The patient has behavioral differences such as autism spectrum disorder (ASD), attention deficit hyperactivity disorder (ADHD), or anxiety.
b) How this affects others with the syndrome: Around 20-40% of people with KBG syndrome have seizures, and around 38% have heart conditions.

## 12) SKELETAL
a) How this affects the patient: The patient has shorter fingers than average and his spine curves slightly to one side, which the doctors call scoliosis.
b) How this affects others with the syndrome: Around 38% of people with KBG syndrome have heart conditions, and around 20-40% have seizures.

## 13) RECOMMENDATIONS FOR SCREENING AND TREATMENTS
a) Screening: Regular heart check-ups, regular hearing reviews, and regular dental check-ups.
b) Treatments: Antiepileptic medications, hearing aids, orthopedic interventions, and physical therapy.",0.76,0.6207,-0.13929999999999998,Estimated
04,1,"# CLINICAL PATIENT REPORT

## 1) RESPIRATORY
a) How this affects the patient: N/A
b) How this affects others with the syndrome: Around 20-40% of people with KBG syndrome are reported to have seizures, of varying types. Seizures typically respond to the usual antiepileptic treatments. In a small number of cases, epilepsy can be difficult to treat.

## 2) CARDIOLOGY
a) How this affects the patient: The cardiologist found a valve issue in the patient's heart, requiring regular check-ups to monitor it. Everything seems under control, but the parent gets anxious about it.
b) How this affects others with the syndrome: Around 38% of people with KBG syndrome have heart conditions, including changes to the heart valves, holes in the heart chambers, and structural changes. Some require surgery, while others just need monitoring.

## 3) GASTROENTEROLOGY
a) How this affects the patient: The patient has difficulty swallowing certain textures and often gags on her food, making mealtime stressful. They have worked with her to make mealtime less stressful.
b) How this affects others with the syndrome: Around 20-40% of people with KBG syndrome have swallowing difficulties, leading to challenges in eating and drinking.

## 4) IMMUNOLOGY
a) How this affects the patient: N/A
b) How this affects others with the syndrome: N/A

## 5) NEUROLOGY
a) How this affects the patient: The patient experienced a developmental delay, particularly in sitting, standing, and walking, compared to other kids. The pediatrician said it was just a developmental delay, but the parent worries it could be something more.
b) How this affects others with the syndrome: Around 20-40% of people with KBG syndrome have seizures, of varying types. Seizures typically respond to the usual antiepileptic treatments. In a small number of cases, epilepsy can be difficult to treat.

## 6) EAR NOSE THROAT
a) How this affects the patient: The patient has palatal abnormalities that the specialists are monitoring, and her back has a bit of a curve, prompting concern about her future.
b) How this affects others with the syndrome: Around 20-40% of people with KBG syndrome have palatal abnormalities, and around 38% have heart conditions.

## 7) OPHTHALMOLOGY AND VISION
a) How this affects the patient: The patient has palatal abnormalities that the specialists are monitoring, and her back has a bit of a curve, prompting concern about her future.
b) How this affects others with the syndrome: Around 20-40% of people with KBG syndrome have palatal abnormalities.

## 8) DERMATOLOGY
a) How this affects the patient: N/A
b) How this affects others with the syndrome: N/A

## 9) DENTAL
a) How this affects the patient: The patient experiences tooth sensitivity, especially with cold foods, making her uncomfortable and avoiding those foods now.
b) How this affects others with the syndrome: Around 20-40% of people with KBG syndrome have tooth sensitivity.

## 10) EDUCATION
a) How this affects the patient: The patient needs extra help in school, though most go to a mainstream primary school. The extra demands of mainstream secondary school may prove too challenging, and children may transfer to special schooling or remain in mainstream schools with Educational Health Care Plans (EHCP).
b) How this affects others with the syndrome: Around 20-40% of people with KBG syndrome have swallowing difficulties, leading to challenges in eating and drinking.

## 11) BEHAVIOUR AND DEVELOPMENT
a) How this affects the patient: The patient has behavioral differences such as autism spectrum disorder (ASD), ADHD, or anxiety. Medication(s) may be appropriate in some circumstances.
b) How this affects others with the syndrome: Around 20-40% of people with KBG syndrome have behavioral differences.

## 12) SKELETAL
a) How this affects the patient: The patient has an unusual structure of their spinal bones, giving rise to an increased curvature of the spine (scoliosis). Babies may experience a delayed closure of the soft spot on their head (anterior fontanelle). Many people with KBG syndrome have short fingers (brachydactyly) with a curvature of the 5th fingers (clinodactyly).
b) How this affects others with the syndrome: Around 38% of people with KBG syndrome have heart conditions, including changes to the heart valves, holes in the heart chambers, and structural changes.

## 13) RECOMMENDATIONS FOR SCREENING AND TREATMENTS
a) Regular dental check-ups: The patient has tooth sensitivity, especially with cold foods, making her uncomfortable and avoiding those foods now.
b) Regular hearing reviews to age 5: The patient has hearing concerns, and hearing should be carefully and regularly checked during the first few years.
c) Eyesight (ophthalmology) review: The patient has palatal abnormalities that the specialists are monitoring, and her back has a bit of a curve, prompting concern about her future.
d) Check position of testes in boys: The patient has undescended testes, and treatment can include bringing the testes down and fixing them in the scrotum with a simple surgical operation (orchidopexy).
e) Consider a palate review: The patient has palatal abnormalities that the specialists are monitoring, and her back has a bit of a curve, prompting concern about her future.
f) Referral for a cardiac review (including echo and ECG): The patient has a valve issue in her heart, requiring regular check-ups to monitor it.
g) If nothing is found (or already done) this does not need to be repeated: The patient has a valve issue in her heart, requiring regular check-ups to monitor it.
h) Consider a skeletal review (X-ray of the wrist (to determine bone age), hip, spine and skull): The patient has an unusual structure of their spinal bones, giving rise to an increased curvature of the spine (scoliosis).
i) Any concerns around asymmetric hip creases in infancy and/or asymmetric or painful gait should prompt medical review: The patient has an unusual structure of their spinal bones, giving rise to an increased curvature of the spine (scoliosis).
j) Consider review and investigation for tethered cord (MRI) where clinical concerns arise on an individual basis (especially if sacral dimple is present): The patient has an unusual structure of their spinal bones, giving rise to an increased curvature of the spine (scoliosis).
k) Monitor growth velocity: If height is below the 2nd centile, consider referral for endocrine investigations on an individual basis and within context of familial heights.
l) Consider physiotherapy, occupational therapy, speech therapy and behavioural therapy: The patient has palatal abnormalities that the specialists are monitoring, and her back has a bit of a curve, prompting concern about her future.",0.625,0.7176,0.09260000000000002,Estimated
04,3,"# CLINICAL PATIENT REPORT

## 1) RESPIRATORY
a) How this affects the patient: N/A
b) How this affects others with the syndrome: Around 20-40% of people with KBG syndrome are reported to have seizures, of varying types. Seizures typically respond to the usual antiepileptic treatments. In a small number of cases, epilepsy can be difficult to treat.

## 2) CARDIOLOGY
a) How this affects the patient: The vast majority of people with KBG syndrome do not have a very serious heart condition. However, a study of 40 European patients showed that 15/40 (38%) had heart conditions. These included changes to the heart valves, holes in the heart chambers, and structural changes. A few required surgery, but some just needed monitoring.
b) How this affects others with the syndrome: Around 38% of people with KBG syndrome have heart conditions, including changes to the heart valves, holes in the heart chambers, and structural changes.

## 3) GASTROENTEROLOGY
a) How this affects the patient: The vast majority of people with KBG syndrome learn to speak but speech delay is very common. Hearing loss and subtle palate problems can worsen speech delay. Differences in the pitch and quality of the voice can also be observed.
b) How this affects others with the syndrome: Around 20-40% of people with KBG syndrome are reported to have seizures, of varying types. Seizures typically respond to the usual antiepileptic treatments. In a small number of cases, epilepsy can be difficult to treat.

## 4) IMMUNOLOGY
a) How this affects the patient: N/A
b) How this affects others with the syndrome: N/A

## 5) NEUROLOGY
a) How this affects the patient: The vast majority of people with KBG syndrome have hypotonia, low muscle tone. The physiotherapist says it's why he has trouble with certain movements and balance. They are working on exercises to help strengthen his muscles.
b) How this affects others with the syndrome: Around 38% of people with KBG syndrome have heart conditions, including changes to the heart valves, holes in the heart chambers, and structural changes.

## 6) EAR NOSE THROAT
a) How this affects the patient: His teeth break or chip so easily! We have to be super careful what he eats and make sure he brushes them just right.
b) How this affects others with the syndrome: Around 20-40% of people with KBG syndrome are reported to have seizures, of varying types. Seizures typically respond to the usual antiepileptic treatments. In a small number of cases, epilepsy can be difficult to treat.

## 7) OPHTHALMOLOGY AND VISION
a) How this affects the patient: While most do not have very significant anomalies of the roof of the mouth (palate), a proportion have subtler anomalies. These can affect speech development and feeding, meaning referral for specialist review may be appropriate in some cases.
b) How this affects others with the syndrome: Around 20-40% of people with KBG syndrome are reported to have seizures, of varying types. Seizures typically respond to the usual antiepileptic treatments. In a small number of cases, epilepsy can be difficult to treat.

## 8) DERMATOLOGY
a) How this affects the patient: N/A
b) How this affects others with the syndrome: N/A

## 9) DENTAL
a) How this affects the patient: Poor thing... his teeth break or chip so easily! We have to be super careful what he eats and make sure he brushes them just right.
b) How this affects others with the syndrome: Around 20-40% of people with KBG syndrome are reported to have seizures, of varying types. Seizures typically respond to the usual antiepileptic treatments. In a small number of cases, epilepsy can be difficult to treat.

## 10) EDUCATION
a) How this affects the patient: The vast majority of people with KBG syndrome need extra help in school, though most go to a mainstream primary school. The extra demands of mainstream secondary school may prove too challenging, and children may transfer to special schooling or remain in mainstream schools with Educational Health Care Plans (EHCP). Those with chromosome deletions may have more significant problems, which are probably related to other genes which are also deleted.
b) How this affects others with the syndrome: Around 38% of people with KBG syndrome have heart conditions, including changes to the heart valves, holes in the heart chambers, and structural changes.

## 11) BEHAVIOUR AND DEVELOPMENT
a) How this affects the patient: He has hypotonia, low muscle tone. The physiotherapist says it's why he has trouble with certain movements and balance. They are working on exercises to help strengthen his muscles.
b) How this affects others with the syndrome: Around 38% of people with KBG syndrome have heart conditions, including changes to the heart valves, holes in the heart chambers, and structural changes.

## 12) SKELETAL
a) How this affects the patient: Some people with KBG syndrome have an unusual structure of their spinal bones which can give rise to an increased curvature of the spine (scoliosis). Babies may experience a delayed closure of the soft spot on their head (anterior fontanelle). Many people with KBG syndrome have short fingers (brachydactyly) with a curvature of the 5th fingers (clinodactyly). A small number of children have had hip dysplasia, in which the hip joints are easily dislocated.
b) How this affects others with the syndrome: Around 38% of people with KBG syndrome have heart conditions, including changes to the heart valves, holes in the heart chambers, and structural changes.

## 13) RECOMMENDATIONS FOR SCREENING AND TREATMENTS
a) Regular dental check-ups.
b) Regular hearing reviews to age 5 (even if earlier reviews give a clear response).
c) Eyesight (ophthalmology) review.
d) Check position of testes in boys.
e) Consider a palate review (particularly if there are feeding difficulties or speech concerns).
f) Referral for a cardiac review (including echo and ECG) following diagnosis.
g) If nothing is found (or already done) this does not need to be repeated.
h) Consider a skeletal review (X-ray of the wrist (to determine bone age), hip, spine and skull) in children following diagnosis.
i) Any concerns around asymmetric hip creases in infancy and/or asymmetric or painful gait should prompt medical review.
j) Consider review and investigation for tethered cord (MRI) where clinical concerns arise on an individual basis (especially if sacral dimple is present).
k) Monitor growth velocity: if height is below the 2nd centile consider referral for endocrine investigations on an individual basis and within context of familial heights.
l) Consider physiotherapy, occupational therapy, speech therapy and behavioral therapy.",0.5794,0.6786,0.09919999999999995,Observed
04,5,"# CLINICAL PATIENT REPORT

## 1) RESPIRATORY
a) How this affects the patient: N/A
b) How this affects others with the syndrome: Around 20-40% of people with KBG syndrome are reported to have seizures, of varying types. Seizures typically respond to the usual antiepileptic treatments. In a small number of cases, epilepsy can be difficult to treat.

## 2) CARDIOLOGY
a) How this affects the patient: Our daughter gets tired quickly when playing outside or running around, making it hard for her to keep up with the other kids during physical activities. We're monitoring this closely to ensure she's healthy and strong.
b) How this affects others with the syndrome: Around 38% of people with KBG syndrome have heart conditions, including changes to the heart valves, holes in the heart chambers, and structural changes. A few require surgery, while some just need monitoring.

## 3) GASTROENTEROLOGY
a) How this affects the patient: Our daughter has bowel problems. Sometimes she has accidents or struggles with going to the bathroom. We're working on helping her develop good bowel habits and routines.
b) How this affects others with the syndrome: Around 20-40% of people with KBG syndrome are reported to have seizures, of varying types. Seizures typically respond to the usual antiepileptic treatments. In a small number of cases, epilepsy can be difficult to treat.

## 4) IMMUNOLOGY
a) How this affects the patient: N/A
b) How this affects others with the syndrome: N/A

## 5) NEUROLOGY
a) How this affects the patient: Our daughter has hypotonia, which affects her muscle tone. It makes it harder for her to move around or support herself like other children her age.
b) How this affects others with the syndrome: Hypotonia is a common feature in KBG syndrome, affecting muscle tone and leading to difficulty in movement and self-support.

## 6) EAR NOSE THROAT
a) How this affects the patient: Our daughter moves a bit differently compared to her peers. She also seems behind other children in development. These are things we're keeping an eye on and discussing with her healthcare team to ensure she gets the right support.
b) How this affects others with the syndrome: Around 20-40% of people with KBG syndrome have seizures, of varying types. Seizures typically respond to the usual antiepileptic treatments. In a small number of cases, epilepsy can be difficult to treat.

## 7) OPHTHALMOLOGY AND VISION
a) How this affects the patient: Our daughter has myopia, which means she has trouble seeing things far away. We've noticed it's harder for her to focus on toys or objects at a distance.
b) How this affects others with the syndrome: Around 20-40% of people with KBG syndrome have seizures, of varying types. Seizures typically respond to the usual antiepileptic treatments. In a small number of cases, epilepsy can be difficult to treat.

## 8) DERMATOLOGY
a) How this affects the patient: N/A
b) How this affects others with the syndrome: N/A

## 9) DENTAL
a) How this affects the patient: Her teeth seem to break or chip easily. We have to be really careful when she's eating crunchy foods or playing with toys that might hurt her mouth.
b) How this affects others with the syndrome: Around 20-40% of people with KBG syndrome have seizures, of varying types. Seizures typically respond to the usual antiepileptic treatments. In a small number of cases, epilepsy can be difficult to treat.

## 10) EDUCATION
a) How this affects the patient: Our daughter moves a bit differently compared to her peers. She also seems behind other children in development. These are things we're keeping an eye on and discussing with her healthcare team to ensure she gets the right support.
b) How this affects others with the syndrome: Around 20-40% of people with KBG syndrome have seizures, of varying types. Seizures typically respond to the usual antiepileptic treatments. In a small number of cases, epilepsy can be difficult to treat.

## 11) BEHAVIOUR AND DEVELOPMENT
a) How this affects the patient: Our daughter moves a bit differently compared to her peers. She also seems behind other children in development. These are things we're keeping an eye on and discussing with her healthcare team to ensure she gets the right support.
b) How this affects others with the syndrome: Around 20-40% of people with KBG syndrome have seizures, of varying types. Seizures typically respond to the usual antiepileptic treatments. In a small number of cases, epilepsy can be difficult to treat.

## 12) SKELETAL
a) How this affects the patient: Around 38% of people with KBG syndrome have heart conditions, including changes to the heart valves, holes in the heart chambers, and structural changes. A few require surgery, while some just need monitoring.
b) How this affects others with the syndrome: Around 38% of people with KBG syndrome have heart conditions, including changes to the heart valves, holes in the heart chambers, and structural changes. A few require surgery, while some just need monitoring.

## 13) RECOMMENDATIONS FOR SCREENING AND TREATMENTS
a) Regular dental check-ups: Regular dental check-ups are recommended to prevent tooth damage and promote proper oral hygiene.
b) Regular hearing reviews to age 5: Regular hearing reviews are recommended to monitor hearing status and address potential hearing issues.
c) Eyesight (ophthalmology) review: Regular eye examinations are recommended to detect and address vision problems, particularly focusing on refractive errors and ocular health.
d) Check position of testes in boys: Regular examination of the testes' position is recommended to rule out cryptorchidism.
e) Consider a palate review: Regular evaluation of the palate is recommended to address speech and feeding difficulties.
f) Referral for a cardiac review: Regular cardiac evaluations are recommended to monitor for heart conditions and address any associated complications.
g) Physiotherapy, occupational therapy, speech therapy, and behavioral therapy: Recommended interventions for managing hypotonia, improving muscle tone, enhancing communication, and supporting overall development.",0.88,0.5588,-0.32120000000000004,Observed
04,9,"# CLINICAL PATIENT REPORT

## 1) RESPIRATORY
a) How this affects the patient: N/A
b) How this affects others with the syndrome: Around 20-40% of people with KBG syndrome are reported to have seizures, of varying types. Seizures typically respond to the usual antiepileptic treatments. In a small number of cases, epilepsy can be difficult to treat.

## 2) CARDIOLOGY
a) How this affects the patient: The patient experiences fatigue quickly, particularly after short activities like going to the park. Doctors are keeping an eye on the patient's spinal cord to see if any interventions are needed.
b) How this affects others with the syndrome: Around 38% of people with KBG syndrome have heart conditions, including changes to the heart valves, holes in the heart chambers, and structural changes. Some require surgery, while others just need monitoring.

## 3) GASTROENTEROLOGY
a) How this affects the patient: The patient struggles with feeding, requiring short-term nasogastric tube feeding to supplement oral feeds. Lack of interest in feeding can be significant and long-lasting.
b) How this affects others with the syndrome: Around 20-40% of people with KBG syndrome are reported to have seizures, of varying types. Seizures typically respond to the usual antiepileptic treatments. In a small number of cases, epilepsy can be difficult to treat.

## 4) IMMUNOLOGY
a) How this affects the patient: N/A
b) How this affects others with the syndrome: N/A

## 5) NEUROLOGY
a) How this affects the patient: The patient experiences rapid fatigue, particularly after short activities like going to the park. Doctors are keeping an eye on the patient's spinal cord to see if any interventions are needed.
b) How this affects others with the syndrome: Around 38% of people with KBG syndrome have heart conditions, including changes to the heart valves, holes in the heart chambers, and structural changes. Some require surgery, while others just need monitoring.

## 6) EAR NOSE THROAT
a) How this affects the patient: The patient rubs her eyes quite often, especially when she's trying to focus on something. She also picks up on certain sounds and not others, like picking up on calls from another room.
b) How this affects others with the syndrome: Around 20-40% of people with KBG syndrome are reported to have seizures, of varying types. Seizures typically respond to the usual antiepileptic treatments. In a small number of cases, epilepsy can be difficult to treat.

## 7) OPHTHALMOLOGY AND VISION
a) How this affects the patient: The patient rubs her eyes quite often, especially when she's trying to focus on something. She also picks up on certain sounds and not others, like picking up on calls from another room.
b) How this affects others with the syndrome: Around 20-40% of people with KBG syndrome are reported to have seizures, of varying types. Seizures typically respond to the usual antiepileptic treatments. In a small number of cases, epilepsy can be difficult to treat.

## 8) DERMATOLOGY
a) How this affects the patient: N/A
b) How this affects others with the syndrome: N/A

## 9) DENTAL
a) How this affects the patient: The patient complains of tooth sensitivity, especially with cold foods like ice cream or frozen yogurt. It's been a bit of a challenge finding toothpaste she can tolerate.
b) How this affects others with the syndrome: Around 20-40% of people with KBG syndrome are reported to have seizures, of varying types. Seizures typically respond to the usual antiepileptic treatments. In a small number of cases, epilepsy can be difficult to treat.

## 10) EDUCATION
a) How this affects the patient: The patient struggles with speech, getting the words out clearly is hard, and sometimes I catch her struggling to find the right thing to say. It breaks my heart seeing her try so hard.
b) How this affects others with the syndrome: Around 20-40% of people with KBG syndrome are reported to have seizures, of varying types. Seizures typically respond to the usual antiepileptic treatments. In a small number of cases, epilepsy can be difficult to treat.

## 11) BEHAVIOUR AND DEVELOPMENT
a) How this affects the patient: The patient shows behavioral differences such as autism spectrum disorder (ASD), ADHD, or anxiety. Medication(s) may be appropriate in some circumstances.
b) How this affects others with the syndrome: Around 20-40% of people with KBG syndrome are reported to have seizures, of varying types. Seizures typically respond to the usual antiepileptic treatments. In a small number of cases, epilepsy can be difficult to treat.

## 12) SKELETAL
a) How this affects the patient: The patient has an unusual structure of their spinal bones, giving rise to an increased curvature of the spine (scoliosis). Babies may experience a delayed closure of the soft spot on their head (anterior fontanelle). Many people with KBG syndrome have short fingers (brachydactyly) with a curvature of the 5th fingers (clinodactyly).
b) How this affects others with the syndrome: Around 38% of people with KBG syndrome have heart conditions, including changes to the heart valves, holes in the heart chambers, and structural changes. Some require surgery, while others just need monitoring.

## 13) RECOMMENDATIONS FOR SCREENING AND TREATMENTS
a) Regular dental check-ups: The patient's teeth are sensitive to cold foods and requires toothpaste tolerance.
b) Regular hearing reviews to age 5: The patient's hearing is impacted by background noise and may require hearing aid usage.
c) Ophthalmology review: The patient rubs her eyes often and picks up on certain sounds, indicating potential hearing issues.
d) Check position of testes in boys: The patient's testes have not descended fully, and they should be monitored for possible surgical intervention.
e) Palate review: The patient has feeding difficulties and speech delays, suggesting potential speech and feeding issues.
f) Referral for a cardiac review: The patient experiences fatigue quickly, particularly after short activities like going to the park, and doctors are keeping an eye on the patient's spinal cord to see if any interventions are needed.
g) Physiotherapy, occupational therapy, speech therapy, and behavioral therapy: The patient's fatigue and difficulty with speech suggest these therapies may be beneficial.",0.7368,0.5975,-0.13929999999999998,Observed
04,10,"# CLINICAL PATIENT REPORT

## 1) RESPIRATORY
a) How this affects the patient: N/A
b) How this affects others with the syndrome: N/A

## 2) CARDIOLOGY
a) How this affects the patient: The patient experiences difficulty sustaining physical activity, particularly in prolonged periods, due to fatigue. This limitation impacts her participation in physical activities and limits her engagement in sports or prolonged outdoor play.
b) How this affects others with the syndrome: Around 38% of people with KBG syndrome have heart conditions, including valve changes, hole in the heart chambers, and structural changes. Some require surgery, while others just need monitoring.

## 3) GASTROENTEROLOGY
a) How this affects the patient: The patient's bowel movements have been irregular, requiring dietary management to alleviate discomfort.
b) How this affects others with the syndrome: Around 20-40% of people with KBG syndrome experience seizures, with some being difficult to treat.

## 4) IMMUNOLOGY
a) How this affects the patient: N/A
b) How this affects others with the syndrome: N/A

## 5) NEUROLOGY
a) How this affects the patient: The patient tires easily during physical tasks, even with simple exercises, leading to exhaustion and impacting her ability to engage in physical activities and participate in sports or prolonged outdoor play.
b) How this affects others with the syndrome: Around 38% of people with KBG syndrome have brain-related issues, including fatigue during physical tasks, affecting their ability to perform sustained physical activities.

## 6) EAR NOSE THROAT
a) How this affects the patient: The patient struggles to articulate her thoughts clearly and has a noticeable speech delay, which impacts her daily interactions and academic performance.
b) How this affects others with the syndrome: Around 20-40% of people with KBG syndrome experience seizures, with some being difficult to treat.

## 7) OPHTHALMOLOGY AND VISION
a) How this affects the patient: The patient has astigmatism, requiring glasses to see clearly, and has experienced hearing issues, including recurrent otitis media or glue ear, which can cause conductive hearing loss.
b) How this affects others with the syndrome: Around 20-40% of people with KBG syndrome experience seizures, with some being difficult to treat.

## 8) DERMATOLOGY
a) How this affects the patient: N/A
b) How this affects others with the syndrome: N/A

## 9) DENTAL
a) How this affects the patient: The patient requires frequent dental visits to maintain tooth health and prevent cavities.
b) How this affects others with the syndrome: Around 20-40% of people with KBG syndrome experience seizures, with some being difficult to treat.

## 10) EDUCATION
a) How this affects the patient: The patient's communication and articulation challenges impact her daily interactions and academic performance.
b) How this affects others with the syndrome: Around 20-40% of people with KBG syndrome experience seizures, with some being difficult to treat.

## 11) BEHAVIOUR AND DEVELOPMENT
a) How this affects the patient: The patient's cognitive abilities, specifically her ability to express herself and her understanding of complex concepts, are impacted by her speech delays and behavioral differences.
b) How this affects others with the syndrome: Around 20-40% of people with KBG syndrome experience seizures, with some being difficult to treat.

## 12) SKELETAL
a) How this affects the patient: The patient has an unusual structure of their spinal bones, giving rise to an increased curvature of the spine (scoliosis), and short fingers with a curvature of the 5th finger (clinodactyly).
b) How this affects others with the syndrome: Around 38% of people with KBG syndrome have heart conditions, including valve changes, hole in the heart chambers, and structural changes. Some require surgery, while others just need monitoring.

## 13) RECOMMENDATIONS FOR SCREENING AND TREATMENTS
a) Regular dental check-ups: The patient requires frequent dental visits to maintain tooth health and prevent cavities.
b) Regular hearing reviews to age 5: The patient should undergo hearing evaluations starting at age 5 to address potential hearing issues.
c) Ophthalmology review: The patient should have regular eye examinations to address vision problems, including astigmatism and short-sightedness.
d) Cardiac review: The patient should undergo a cardiac review, including echocardiography and electrocardiogram, to rule out heart conditions.
e) Skeletal review: The patient should have X-rays of the wrist, hip, spine, and skull to assess bone age and detect any abnormalities.
f) Palate review: The patient should be referred for a palate review if there are feeding difficulties or speech concerns.
g) Management of bowel movements: The patient's diet should be managed to alleviate digestive discomfort, and she should consult a gastroenterologist if necessary.
h) Speech therapy: The patient should receive speech therapy to improve her articulation and assist with communication.
i) Behavioural therapy: The patient should receive behavioural therapy to address her behavioral differences and cognitive impairments.",0.7782,0.8397,0.0615,Observed
04,11,"# CLINICAL PATIENT REPORT

## 1) RESPIRATORY
a) How this affects the patient: N/A
b) How this affects others with the syndrome: N/A

## 2) CARDIOLOGY
a) How this affects the patient: The patient experiences fatigue more easily than other children, requiring rest more quickly after physical activity.
b) How this affects others with the syndrome: Around 38% of people with KBG syndrome have heart conditions, including valve changes, hole in the heart chambers, and structural changes. Some require surgery, while others just need monitoring.

## 3) GASTROENTEROLOGY
a) How this affects the patient: The patient struggles with chewing tougher foods, managing softer foods okay but anything tough is hard work.
b) How this affects others with the syndrome: Around 20-40% of people with KBG syndrome have seizures, and around 38% have heart conditions.

## 4) IMMUNOLOGY
a) How this affects the patient: N/A
b) How this affects others with the syndrome: N/A

## 5) NEUROLOGY
a) How this affects the patient: The patient experiences brain-related issues, including epilepsy, which requires careful management and medication.
b) How this affects others with the syndrome: Around 38% of people with KBG syndrome have brain-related issues, including epilepsy.

## 6) EAR NOSE THROAT
a) How this affects the patient: The patient struggles with bowel movements, experiencing constipation and discomfort.
b) How this affects others with the syndrome: Around 20-40% of people with KBG syndrome have seizures, and around 38% have heart conditions.

## 7) OPHTHALMOLOGY AND VISION
a) How this affects the patient: The patient has difficulty seeing things clearly from a distance, similar to near-sightedness.
b) How this affects others with the syndrome: Around 38% of people with KBG syndrome have heart conditions, including valve changes, hole in the heart chambers, and structural changes.

## 8) DERMATOLOGY
a) How this affects the patient: N/A
b) How this affects others with the syndrome: N/A

## 9) DENTAL
a) How this affects the patient: The patient struggles with chewing tougher foods, managing softer foods okay but anything tough is hard work.
b) How this affects others with the syndrome: Around 20-40% of people with KBG syndrome have seizures, and around 38% have heart conditions.

## 10) EDUCATION
a) How this affects the patient: The patient needs extra help in school, though most go to a mainstream primary school.
b) How this affects others with the syndrome: Around 38% of people with KBG syndrome have brain-related issues, including epilepsy.

## 11) BEHAVIOUR AND DEVELOPMENT
a) How this affects the patient: The patient has behavioral differences such as autism spectrum disorder (ASD), ADHD, or anxiety, and medication may be appropriate in some circumstances.
b) How this affects others with the syndrome: Around 38% of people with KBG syndrome have brain-related issues, including epilepsy.

## 12) SKELETAL
a) How this affects the patient: The patient has hip dysplasia, requiring exercises and physiotherapy to improve mobility and strength.
b) How this affects others with the syndrome: Around 38% of people with KBG syndrome have heart conditions, including valve changes, hole in the heart chambers, and structural changes.

## 13) RECOMMENDATIONS FOR SCREENING AND TREATMENTS
a) Regular dental check-ups: The patient should have regular dental check-ups to prevent tooth decay and maintain overall oral health.
b) Regular hearing reviews: The patient should undergo hearing reviews every year, even if initial results are clear, to ensure proper hearing.
c) Ophthalmology review: The patient should have regular eye examinations to address potential vision issues, particularly concerning astigmatism and short- or long-sightedness.
d) Palate review: The patient should be referred for a palate review if there are feeding difficulties or speech concerns.
e) Cardiac review: The patient should undergo a cardiac review, including echocardiography and electrocardiogram, to rule out heart conditions.
f) Skeletal review: The patient should have X-rays of the wrist, hips, spine, and skull to assess bone age and detect any abnormalities.
g) Tethered cord review: The patient should be reviewed for tethered cord if there are signs of leg pain, weakness, or sacral dimples.
h) Growth monitoring: The patient should be monitored for growth velocity, especially if height is below the 2nd centile, to rule out underlying hormonal imbalances or other growth-related issues.",0.7859,0.8189,0.03299999999999992,Estimated
04,15,"# CLINICAL PATIENT REPORT

## 1) RESPIRATORY
a) How this affects the patient: N/A
b) How this affects others with the syndrome: Around 20-40% of people with KBG syndrome are reported to have seizures, of varying types. Seizures typically respond to the usual antiepileptic treatments. In a small number of cases, epilepsy can be difficult to treat.

## 2) CARDIOLOGY
a) How this affects the patient: Around 38% of people with KBG syndrome have heart conditions, including changes to the heart valves, holes in the heart chambers, and structural changes. A few require surgery, while some just need monitoring.
b) How this affects others with the syndrome: Around 38% of people with KBG syndrome have heart conditions, including changes to the heart valves, holes in the heart chambers, and structural changes. A few require surgery, while some just need monitoring.

## 3) GASTROENTEROLOGY
a) How this affects the patient: The patient struggles with chewing harder foods like apples or meat, requiring adjustments to his diet to softer foods.
b) How this affects others with the syndrome: Around 20-40% of people with KBG syndrome have difficulty hearing certain sounds, especially when watching TV.

## 4) IMMUNOLOGY
a) How this affects the patient: N/A
b) How this affects others with the syndrome: N/A

## 5) NEUROLOGY
a) How this affects the patient: The patient experiences movement issues, specifically struggling to keep up with other kids during physical activities, leaving him winded and tired quickly.
b) How this affects others with the syndrome: Around 38% of people with KBG syndrome have brain-related issues, including movement problems, cognitive delays, and behavioral differences.

## 6) EAR NOSE THROAT
a) How this affects the patient: The patient squints or rubs his eyes frequently, complaining that things look blurry sometimes.
b) How this affects others with the syndrome: Around 20-40% of people with KBG syndrome have difficulty seeing clearly, especially when watching TV.

## 7) OPHTHALMOLOGY AND VISION
a) How this affects the patient: The patient has difficulty hearing certain sounds, especially when watching TV.
b) How this affects others with the syndrome: Around 20-40% of people with KBG syndrome have difficulty hearing certain sounds, especially when watching TV.

## 8) DERMATOLOGY
a) How this affects the patient: N/A
b) How this affects others with the syndrome: N/A

## 9) DENTAL
a) How this affects the patient: The patient struggles with chewing harder foods like apples or meat, requiring adjustments to his diet to softer foods.
b) How this affects others with the syndrome: Around 20-40% of people with KBG syndrome have difficulty chewing, especially when consuming harder foods.

## 10) EDUCATION
a) How this affects the patient: The patient requires extra help in school, particularly with mealtime challenges and social interactions.
b) How this affects others with the syndrome: Around 20-40% of people with KBG syndrome have difficulty hearing certain sounds, especially when watching TV.

## 11) BEHAVIOUR AND DEVELOPMENT
a) How this affects the patient: The patient experiences movement issues, struggling to keep up with other kids during physical activities, leaving him winded and tired quickly.
b) How this affects others with the syndrome: Around 38% of people with KBG syndrome have brain-related issues, including movement problems, cognitive delays, and behavioral differences.

## 12) SKELETAL
a) How this affects the patient: The patient has scoliosis, an abnormal curvature of the spine, which can cause pain and weakness in the legs, urinary and bowel issues, and an unusual gait.
b) How this affects others with the syndrome: Around 38% of people with KBG syndrome have scoliosis, an abnormal curvature of the spine, which can cause pain and weakness in the legs, urinary and bowel issues, and an unusual gait.

## 13) RECOMMENDATIONS FOR SCREENING AND TREATMENTS
a) Regular dental check-ups: The patient needs regular dental check-ups to maintain proper oral health.
b) Regular hearing reviews to age 5: The patient should undergo regular hearing reviews to age 5 to monitor hearing abilities and address potential hearing issues.
c) Eyesight (ophthalmology) review: The patient should have regular eye examinations to monitor vision and address any vision problems.
d) Check position of testes in boys: The patient should have regular examination of the testes to ensure they have descended normally.
e) Consider a palate review: The patient should have a review of the palate to address any speech and feeding issues.
f) Referral for a cardiac review: The patient should undergo a cardiac review, including echocardiography and electrocardiogram, to assess heart conditions and rule out any underlying heart issues.
g) Monitor growth velocity: The patient should be monitored for growth velocity to detect any potential growth abnormalities.
h) Physiotherapy, occupational therapy, speech therapy, and behavioral therapy: The patient should receive additional therapies to address movement issues, cognitive delays, and behavioral differences.",0.5346,0.8037,0.2691,Estimated
04,16,"# CLINICAL PATIENT REPORT

## 1) RESPIRATORY
a) How this affects the patient: N/A
b) How this affects others with the syndrome: Around 20-40% of people with KBG syndrome are reported to have seizures, of varying types. Seizures typically respond to the usual antiepileptic treatments. In a small number of cases, epilepsy can be difficult to treat.

## 2) CARDIOLOGY
a) How this affects the patient: The doctors said the child needs to go for regular heart check-ups. They believe it's just precautionary since there's a family history of heart issues, but they're not completely clear on the details.
b) How this affects others with the syndrome: Around 38% of people with KBG syndrome have heart conditions, including changes to the heart valves, holes in the heart chambers, and structural changes. Some require surgery, while others just need monitoring.

## 3) GASTROENTEROLOGY
a) How this affects the patient: The child struggles with chewing, especially harder foods like apples or meat. He manages okay with softer foods like pasta or mashed potatoes.
b) How this affects others with the syndrome: Around 20-40% of people with KBG syndrome struggle with reading comprehension due to difficulty seeing the board at school.

## 4) IMMUNOLOGY
a) How this affects the patient: N/A
b) How this affects others with the syndrome: N/A

## 5) NEUROLOGY
a) How this affects the patient: The child falls more often than other kids his age, getting dizzy or losing balance easily. They've been meaning to get it checked out but haven't had a chance yet.
b) How this affects others with the syndrome: Around 38% of people with KBG syndrome have brain-related issues, including falls, dizziness, and balance problems.

## 6) EAR NOSE THROAT
a) How this affects the patient: The child complains about struggling to see the board at school, indicating potential vision problems.
b) How this affects others with the syndrome: Around 20-40% of people with KBG syndrome struggle with reading comprehension due to difficulty seeing the board at school.

## 7) OPHTHALMOLOGY AND VISION
a) How this affects the patient: The child complains about struggling to see the board at school, indicating potential vision problems.
b) How this affects others with the syndrome: Around 20-40% of people with KBG syndrome struggle with reading comprehension due to difficulty seeing the board at school.

## 8) DERMATOLOGY
a) How this affects the patient: N/A
b) How this affects others with the syndrome: N/A

## 9) DENTAL
a) How this affects the patient: The child struggles with chewing, especially harder foods like apples or meat. He manages okay with softer foods like pasta or mashed potatoes.
b) How this affects others with the syndrome: Around 20-40% of people with KBG syndrome struggle with reading comprehension due to difficulty seeing the board at school.

## 10) EDUCATION
a) How this affects the patient: The child falls more often than other kids his age, getting dizzy or losing balance easily. They've been meaning to get it checked out but haven't had a chance yet.
b) How this affects others with the syndrome: Around 38% of people with KBG syndrome have brain-related issues, including falls, dizziness, and balance problems.

## 11) BEHAVIOUR AND DEVELOPMENT
a) How this affects the patient: The child falls more often than other kids his age, getting dizzy or losing balance easily. They've been meaning to get it checked out but haven't had a chance yet.
b) How this affects others with the syndrome: Around 38% of people with KBG syndrome have brain-related issues, including falls, dizziness, and balance problems.

## 12) SKELETAL
a) How this affects the patient: The child has shorter fingers than most kids, which can make some tasks harder.
b) How this affects others with the syndrome: Around 20-40% of people with KBG syndrome struggle with reading comprehension due to difficulty seeing the board at school.

## 13) RECOMMENDATIONS FOR SCREENING AND TREATMENTS
a) Regular heart check-ups: The child needs to go for regular heart check-ups, believed to be precautionary given a family history of heart issues.
b) Vision checks: Regular hearing reviews to age 5 (even if earlier reviews give a clear response) and eyesight (ophthalmology) review.
c) Falls assessment: Consider a fall assessment (e.g., physical therapy, occupational therapy, etc.) to address the frequent falls and balance issues.
d) Neurological evaluation: Consider a neurological evaluation (e.g., neuropsychological testing, etc.) to address the brain-related issues and falls.
e) Growth monitoring: Monitor growth velocity: if height is below the 2nd centile consider referral for endocrine investigations on an individual basis and within context of familial heights.
f) Speech therapy: Consider speech therapy to address the speech delays and challenges with reading comprehension.
g) Feeding assessment: Consider a feeding assessment (e.g., gastroenterologist, speech therapist, etc.) to address food textures and pickiness.
h) Cardiac screening: Consider a cardiac screening (e.g., echocardiogram, electrocardiogram, etc.) to address the heart conditions.
i) Palate review: Consider a palate review (e.g., speech-language pathologist, ENT specialist, etc.) to address feeding difficulties and speech concerns.
j) Tethered cord review: Consider a tethered cord review (e.g., orthopedic surgeon, neurologist, etc.) to address leg pain, urinary and bowel issues, and sacral dimple.
k) Immunology: N/A
l) Gastrointestinal: N/A
m) Immune system: N/A
n) Kidney: N/A
o) Dental: N/A
p) Education: N/A
q) Behaviour: N/A
r) Skeletal: N/A
s) Recommendations for Screening and Treatments: Regular heart check-ups, vision checks, falls assessment, neurological evaluation, growth monitoring, speech therapy, feeding assessment, cardiac screening, palate review, tethered cord review, immunology.",0.787,0.542,-0.245,Estimated
04,17,"# CLINICAL PATIENT REPORT

## 1) RESPIRATORY
a) How this affects the patient: N/A
b) How this affects others with the syndrome: Around 20-40% of people with KBG syndrome are reported to have seizures, of varying types. Seizures typically respond to the usual antiepileptic treatments. In a small number of cases, epilepsy can be difficult to treat.

## 2) CARDIOLOGY
a) How this affects the patient: The doctor found a valve issue in the patient's heart, and they go for check-ups every few months to monitor it. It's always a worry for the parent, but the doctors say the patient is doing okay so far.
b) How this affects others with the syndrome: Around 38% of people with KBG syndrome have heart conditions, including changes to the heart valves, holes in the heart chambers, and structural changes. A few require surgery, while some just need monitoring.

## 3) GASTROENTEROLOGY
a) How this affects the patient: The patient is very picky with food textures, preferring foods that are either too mushy or too crunchy. Mealtime can be stressful because of this, and the parent prepares separate meals for her sometimes.
b) How this affects others with the syndrome: Around 20-40% of people with KBG syndrome have a speech delay, and the therapist says the patient is making progress, but it's slow going. Some days are better than others – it depends on the patient's mood and focus.

## 4) IMMUNOLOGY
a) How this affects the patient: N/A
b) How this affects others with the syndrome: Around 20-40% of people with KBG syndrome are reported to have seizures, of varying types. Seizures typically respond to the usual antiepileptic treatments. In a small number of cases, epilepsy can be difficult to treat.

## 5) NEUROLOGY
a) How this affects the patient: The patient falls more often than other kids her age, losing her balance or tripping over her own feet. The parent is always worried about the patient's safety and potential injuries.
b) How this affects others with the syndrome: Around 38% of people with KBG syndrome have heart conditions, including changes to the heart valves, holes in the heart chambers, and structural changes. A few require surgery, while some just need monitoring.

## 6) EAR NOSE THROAT
a) How this affects the patient: The patient squints a lot, which can make her eyes get tired easily. The parent tries to limit her screen time as much as possible.
b) How this affects others with the syndrome: Around 20-40% of people with KBG syndrome have a speech delay, and the therapist says the patient is making progress, but it's slow going. Some days are better than others – it depends on the patient's mood and focus.

## 7) OPHTHALMOLOGY AND VISION
a) How this affects the patient: The patient has squint (strabismus), where the eyes do not look in the same direction, and treatment includes patching, exercises, glasses, and surgery to bring the eyes into line.
b) How this affects others with the syndrome: Around 20-40% of people with KBG syndrome have a speech delay, and the therapist says the patient is making progress, but it's slow going. Some days are better than others – it depends on the patient's mood and focus.

## 8) DERMATOLOGY
a) How this affects the patient: N/A
b) How this affects others with the syndrome: Around 20-40% of people with KBG syndrome have a speech delay, and the therapist says the patient is making progress, but it's slow going. Some days are better than others – it depends on the patient's mood and focus.

## 9) DENTAL
a) How this affects the patient: The patient's teeth break or chip easily, and the parent takes care to avoid damage. They feel like they're constantly on edge about her teeth getting damaged.
b) How this affects others with the syndrome: Around 20-40% of people with KBG syndrome have a speech delay, and the therapist says the patient is making progress, but it's slow going. Some days are better than others – it depends on the patient's mood and focus.

## 10) EDUCATION
a) How this affects the patient: The patient needs extra help in school, though most go to a mainstream primary school. The extra demands of mainstream secondary school may prove too challenging, and the patient may transfer to special schooling or remain in mainstream schools with Educational Health Care Plans (EHCP).
b) How this affects others with the syndrome: Around 20-40% of people with KBG syndrome have a speech delay, and the therapist says the patient is making progress, but it's slow going. Some days are better than others – it depends on the patient's mood and focus.

## 11) BEHAVIOUR AND DEVELOPMENT
a) How this affects the patient: The patient falls more often than other kids her age, losing her balance or tripping over her own feet. The parent is always worried about the patient's safety and potential injuries.
b) How this affects others with the syndrome: Around 38% of people with KBG syndrome have heart conditions, including changes to the heart valves, holes in the heart chambers, and structural changes. A few require surgery, while some just need monitoring.

## 12) SKELETAL
a) How this affects the patient: Some people with KBG syndrome have an unusual structure of their spinal bones which can give rise to an increased curvature of the spine (scoliosis). Babies may experience a delayed closure of the soft spot on their head (anterior fontanelle). Many people with KBG syndrome have short fingers (brachydactyly) with a curvature of the 5th fingers (clinodactyly).
b) How this affects others with the syndrome: Around 38% of people with KBG syndrome have heart conditions, including changes to the heart valves, holes in the heart chambers, and structural changes. A few require surgery, while some just need monitoring.

## 13) RECOMMENDATIONS FOR SCREENING AND TREATMENTS
a) Regular dental check-ups: The patient's teeth break or chip easily, and the parent takes care to avoid damage. They feel like they're constantly on edge about her teeth getting damaged.
b) Regular hearing reviews to age 5: To address the patient's hearing concerns, especially since she has a speech delay.
c) Eyesight (ophthalmology) review: To address the patient's squint (strabismus) and other vision concerns.
d) Check position of testes in boys: To address the patient's undescended testes (cryptorchidism).
e) Consider a palate review: To address the patient's feeding difficulties and speech concerns.
f) Referral for a cardiac review (including echocardiography and electrocardiogram): To address the patient's valve issue in her heart.
g) Monitor growth velocity: If the patient's height is below the 2nd centile, refer for endocrine investigations.
h) Consider physiotherapy, occupational therapy, speech therapy, and behavioral therapy: To address the patient's balance issues and potential injuries.",0.7021,0.5732,-0.1288999999999999,Estimated
04,20,"# CLINICAL PATIENT REPORT

## 1) RESPIRATORY
a) How this affects the patient: N/A
b) How this affects others with the syndrome: Around 20-40% of people with KBG syndrome are reported to have seizures, of varying types. Seizures typically respond to the usual antiepileptic treatments. In a small number of cases, epilepsy can be difficult to treat.

## 2) CARDIOLOGY
a) How this affects the patient: The patient has a septal defect that requires close monitoring by the cardiologist. The cardiologist has stated that the patient is doing well, but regular check-ups are necessary to ensure everything remains okay.
b) How this affects others with the syndrome: Around 38% of people with KBG syndrome have heart conditions, including changes to the heart valves, holes in the heart chambers, and structural changes. A few require surgery, while some just need monitoring.

## 3) GASTROENTEROLOGY
a) How this affects the patient: The patient experiences difficulty swallowing and getting constipated, leading to mealtime struggles. It is challenging to find food that agrees with her, especially given her digestive issues.
b) How this affects others with the syndrome: Around 20-40% of people with KBG syndrome are reported to have seizures, of varying types. Seizures typically respond to the usual antiepileptic treatments. In a small number of cases, epilepsy can be difficult to treat.

## 4) IMMUNOLOGY
a) How this affects the patient: N/A
b) How this affects others with the syndrome: N/A

## 5) NEUROLOGY
a) How this affects the patient: The patient falls more often than other children her age, losing her balance and potentially getting hurt.
b) How this affects others with the syndrome: Around 20-40% of people with KBG syndrome are reported to have seizures, of varying types. Seizures typically respond to the usual antiepileptic treatments. In a small number of cases, epilepsy can be difficult to treat.

## 6) EAR NOSE THROAT
a) How this affects the patient: The patient rubs her eyes frequently when focusing on something, turns the volume of the TV very high when watching her favorite shows, and has feeding difficulties requiring short-term nasogastric tube feeding to supplement oral feeds. Lack of interest in feeding can be significant and long-lasting.
b) How this affects others with the syndrome: Around 20-40% of people with KBG syndrome are reported to have seizures, of varying types. Seizures typically respond to the usual antiepileptic treatments. In a small number of cases, epilepsy can be difficult to treat.

## 7) OPHTHALMOLOGY AND VISION
a) How this affects the patient: The patient has scoliosis, affecting her back. They are working with physical therapy to help strengthen her muscles and improve her posture.
b) How this affects others with the syndrome: Around 20-40% of people with KBG syndrome are reported to have seizures, of varying types. Seizures typically respond to the usual antiepileptic treatments. In a small number of cases, epilepsy can be difficult to treat.

## 8) DERMATOLOGY
a) How this affects the patient: N/A
b) How this affects others with the syndrome: N/A

## 9) DENTAL
a) How this affects the patient: The patient's teeth break or chip easily, requiring frequent dental visits for repairs.
b) How this affects others with the syndrome: Around 20-40% of people with KBG syndrome are reported to have seizures, of varying types. Seizures typically respond to the usual antiepileptic treatments. In a small number of cases, epilepsy can be difficult to treat.

## 10) EDUCATION
a) How this affects the patient: The patient needs extra help in school, though most go to a mainstream primary school. The extra demands of mainstream secondary school may prove too challenging, and children may transfer to special schooling or remain in mainstream schools with Educational Health Care Plans (EHCP).
b) How this affects others with the syndrome: Around 20-40% of people with KBG syndrome are reported to have seizures, of varying types. Seizures typically respond to the usual antiepileptic treatments. In a small number of cases, epilepsy can be difficult to treat.

## 11) BEHAVIOUR AND DEVELOPMENT
a) How this affects the patient: The patient falls more often than other children her age, losing her balance and potentially getting hurt.
b) How this affects others with the syndrome: Around 20-40% of people with KBG syndrome are reported to have seizures, of varying types. Seizures typically respond to the usual antiepileptic treatments. In a small number of cases, epilepsy can be difficult to treat.

## 12) SKELETAL
a) How this affects the patient: The patient has scoliosis, affecting her back. They are working with physical therapy to help strengthen her muscles and improve her posture.
b) How this affects others with the syndrome: Around 20-40% of people with KBG syndrome are reported to have seizures, of varying types. Seizures typically respond to the usual antiepileptic treatments. In a small number of cases, epilepsy can be difficult to treat.

## 13) RECOMMENDATIONS FOR SCREENING AND TREATMENTS
a) Regular dental check-ups: The patient's teeth break or chip easily, requiring frequent dental visits for repairs.
b) Regular hearing reviews to age 5: Even if earlier reviews give a clear response, regular hearing checks are recommended.
c) Eyesight (ophthalmology) review: The patient has scoliosis, affecting her back. Working with physical therapy to help strengthen her muscles and improve her posture is a priority.
d) Check position of testes in boys: The patient has a septal defect that requires close monitoring by the cardiologist.
e) Consider a palate review: The patient has scoliosis, affecting her back. Working with physical therapy to help strengthen her muscles and improve her posture is a priority.
f) Referral for a cardiac review (including echo and ECG): Following diagnosis, the patient has a septal defect that requires close monitoring by the cardiologist.
g) If nothing is found (or already done) this does not need to be repeated: The patient has a septal defect that requires close monitoring by the cardiologist.
h) Consider a skeletal review (X-ray of the wrist (to determine bone age), hip, spine and skull): Children following diagnosis should undergo a skeletal review to assess bone age and overall skeletal health.
i) Any concerns around asymmetric hip creases in infancy and/or asymmetric or painful gait should prompt medical review: The patient has scoliosis, affecting her back. Working with physical therapy to help strengthen her muscles and improve her posture is a priority.
j) Consider review and investigation for tethered cord (MRI) where clinical concerns arise on an individual basis (especially if sacral dimple is present): The patient has scoliosis, affecting her back. Working with physical therapy to help strengthen her muscles and improve her posture is a priority.
k) Monitor growth velocity: If height is below the 2nd centile, refer for endocrine investigations on an individual basis and within context of familial heights: The patient has scoliosis, affecting her back. Working with physical therapy to help strengthen her muscles and improve her posture is a priority.",0.8009,0.7634,-0.03749999999999998,Estimated
04,22,"# CLINICAL PATIENT REPORT

## 1) RESPIRATORY
a) How this affects the patient: N/A
b) How this affects others with the syndrome: N/A

## 2) CARDIOLOGY
a) How this affects the patient: Around 20-40% of people with KBG syndrome have seizures, and around 38% have heart conditions, including valve changes, hole in the heart chambers, and structural changes.
b) How this affects others with the syndrome: Most children with KBG syndrome do not have a very serious heart condition, but around 38% have heart conditions, including changes to the heart valves, holes in the heart chambers, and structural changes.

## 3) GASTROENTEROLOGY
a) How this affects the patient: The patient experiences meal times as ""complicated,"" and sometimes refuses to eat or is picky.
b) How this affects others with the syndrome: Around 20-40% of people with KBG syndrome have seizures, and around 38% have heart conditions, including valve changes, hole in the heart chambers, and structural changes.

## 4) IMMUNOLOGY
a) How this affects the patient: N/A
b) How this affects others with the syndrome: N/A

## 5) NEUROLOGY
a) How this affects the patient: Hypotonia, a condition affecting the muscles, is described as impacting the patient's muscles.
b) How this affects others with the syndrome: Hypotonia is a condition affecting the muscles, and it impacts the patient's muscles.

## 6) EAR NOSE THROAT
a) How this affects the patient: The patient experienced delayed closure of the soft spot on the head (anterior fontanelle) and has feeding difficulties.
b) How this affects others with the syndrome: Around 20-40% of people with KBG syndrome have seizures, and around 38% have heart conditions, including valve changes, hole in the heart chambers, and structural changes.

## 7) OPHTHALMOLOGY AND VISION
a) How this affects the patient: The patient has difficulty seeing things up close, and she requires regular hearing reviews to age 5.
b) How this affects others with the syndrome: Around 20-40% of people with KBG syndrome have seizures, and around 38% have heart conditions, including valve changes, hole in the heart chambers, and structural changes.

## 8) DERMATOLOGY
a) How this affects the patient: N/A
b) How this affects others with the syndrome: N/A

## 9) DENTAL
a) How this affects the patient: The patient has large front teeth and takes good care of them, but sometimes worries they might be more prone to cavities or something.
b) How this affects others with the syndrome: Around 20-40% of people with KBG syndrome have seizures, and around 38% have heart conditions, including valve changes, hole in the heart chambers, and structural changes.

## 10) EDUCATION
a) How this affects the patient: The patient's educational level is unknown, but she needs extra help in school and may need to attend special schooling or remain in mainstream schools with Educational Health Care Plans (EHCP).
b) How this affects others with the syndrome: Around 20-40% of people with KBG syndrome have seizures, and around 38% have heart conditions, including valve changes, hole in the heart chambers, and structural changes.

## 11) BEHAVIOUR AND DEVELOPMENT
a) How this affects the patient: The patient exhibits behavioral differences such as autism spectrum disorder (ASD), ADHD, and anxiety.
b) How this affects others with the syndrome: Around 20-40% of people with KBG syndrome have seizures, and around 38% have heart conditions, including valve changes, hole in the heart chambers, and structural changes.

## 12) SKELETAL
a) How this affects the patient: The patient has an unusual structure of their spinal bones, giving rise to an increased curvature of the spine (scoliosis), and some have short fingers (brachydactyly) with a curvature of the 5th fingers (clinodactyly).
b) How this affects others with the syndrome: Around 20-40% of people with KBG syndrome have seizures, and around 38% have heart conditions, including valve changes, hole in the heart chambers, and structural changes.

## 13) RECOMMENDATIONS FOR SCREENING AND TREATMENTS
a) Screen for seizures and hearing issues.
b) Screen for heart conditions and perform echocardiography and electrocardiogram (ECG) checks.
c) Perform regular dental check-ups.
d) Conduct regular hearing reviews to age 5.
e) Review the position of the testes in boys.
f) Refer for a palate review if there are feeding difficulties or speech concerns.
g) Consider a skeletal review (X-ray of the wrist, hip, spine, and skull) in children following diagnosis.
h) Monitor growth velocity: if height is below the 2nd centile, refer for endocrine investigations on an individual basis and within context of familial heights.
i) Consider physiotherapy, occupational therapy, speech therapy, and behavioral therapy.",0.6969,0.553,-0.14389999999999992,Observed
04,24,"# CLINICAL PATIENT REPORT

## 1) RESPIRATORY
a) How this affects the patient: N/A
b) How this affects others with the syndrome: Around 20-40% of people with KBG syndrome are reported to have seizures, of varying types. Seizures typically respond to the usual antiepileptic treatments. In a small number of cases, epilepsy can be difficult to treat.

## 2) CARDIOLOGY
a) How this affects the patient: The patient experiences fatigue more easily than other children her age, needing to sit down and rest after just playing for a little bit. They also have a history of heart conditions, including changes to the heart valves, holes in the heart chambers, and structural changes. Some require surgery, while others just need monitoring.
b) How this affects others with the syndrome: Around 38% of people with KBG syndrome have heart conditions, including changes to the heart valves, holes in the heart chambers, and structural changes. Some require surgery, while others just need monitoring.

## 3) GASTROENTEROLOGY
a) How this affects the patient: The patient experiences bowel problems, particularly bowel movements. Bowel problems have been an issue for the patient, and it has been stressful dealing with them.
b) How this affects others with the syndrome: Around 20-40% of people with KBG syndrome are reported to have bowel problems, particularly bowel movements. Bowel problems have been an issue for the patient, and it has been stressful dealing with them.

## 4) IMMUNOLOGY
a) How this affects the patient: N/A
b) How this affects others with the syndrome: N/A

## 5) NEUROLOGY
a) How this affects the patient: The patient experiences episodes where they stare off into space, which is scary because they don't respond to being spoken to during those times. They also have difficulty with balance and coordination, which can lead to falls and injuries.
b) How this affects others with the syndrome: Around 20-40% of people with KBG syndrome experience episodes where they stare off into space, which is scary because they don't respond to being spoken to during those times. They also have difficulty with balance and coordination, which can lead to falls and injuries.

## 6) EAR NOSE THROAT
a) How this affects the patient: The patient experiences rubbing her eyes a lot when trying to focus on something, and it happens pretty often. She also has feeding difficulties and requires short-term nasogastric tube feeding to supplement oral feeds.
b) How this affects others with the syndrome: Around 20-40% of people with KBG syndrome experience rubbing her eyes a lot when trying to focus on something, and it happens pretty often. She also has feeding difficulties and requires short-term nasogastric tube feeding to supplement oral feeds.

## 7) OPHTHALMOLOGY AND VISION
a) How this affects the patient: The patient has scoliosis and hip dysplasia, which can cause pain and weakness in the legs, urinary and bowel issues, sacral dimple, and an unusual gait. The patient has experienced a lot of stress dealing with these issues.
b) How this affects others with the syndrome: Around 20-40% of people with KBG syndrome have scoliosis and hip dysplasia, which can cause pain and weakness in the legs, urinary and bowel issues, sacral dimple, and an unusual gait. The patient has experienced a lot of stress dealing with these issues.

## 8) DERMATOLOGY
a) How this affects the patient: N/A
b) How this affects others with the syndrome: N/A

## 9) DENTAL
a) How this affects the patient: The patient experiences sensitivity to cold foods, especially ice cream and cold water, and it really bothers her. They have tried to get her to brush her teeth more regularly, but it's hard to get her into a routine.
b) How this affects others with the syndrome: Around 20-40% of people with KBG syndrome experience sensitivity to cold foods, especially ice cream and cold water, and it really bothers them. They have tried to get her to brush her teeth more regularly, but it's hard to get her into a routine.

## 10) EDUCATION
a) How this affects the patient: The patient has difficulty with reading and understanding written materials, requiring extra help in school. The patient's extra demands of mainstream secondary school may prove too challenging, and they may transfer to special schooling or remain in mainstream schools with Education Health Care Plans (EHCP).
b) How this affects others with the syndrome: Around 20-40% of people with KBG syndrome have difficulty with reading and understanding written materials, requiring extra help in school. The patient's extra demands of mainstream secondary school may prove too challenging, and they may transfer to special schooling or remain in mainstream schools with Education Health Care Plans (EHCP).

## 11) BEHAVIOUR AND DEVELOPMENT
a) How this affects the patient: The patient experiences episodes where they stare off into space, which is scary because they don't respond to being spoken to during those times. They also have difficulty with balance and coordination, which can lead to falls and injuries.
b) How this affects others with the syndrome: Around 20-40% of people with KBG syndrome experience episodes where they stare off into space, which is scary because they don't respond to being spoken to during those times. They also have difficulty with balance and coordination, which can lead to falls and injuries.

## 12) SKELETAL
a) How this affects the patient: The patient has scoliosis and hip dysplasia, which can cause pain and weakness in the legs, urinary and bowel issues, sacral dimple, and an unusual gait. The patient has experienced a lot of stress dealing with these issues.
b) How this affects others with the syndrome: Around 20-40% of people with KBG syndrome have scoliosis and hip dysplasia, which can cause pain and weakness in the legs, urinary and bowel issues, sacral dimple, and an unusual gait. The patient has experienced a lot of stress dealing with these issues.

## 13) RECOMMENDATIONS FOR SCREENING AND TREATMENTS
a) Regular dental check-ups: The patient experiences sensitivity to cold foods, especially ice cream and cold water, and it really bothers her. They have tried to get her to brush her teeth more regularly, but it's hard to get her into a routine.
b) Regular hearing reviews to age 5: The patient has rubbed her eyes a lot when trying to focus on something, and it happens pretty often. It's been going on for a while now.
c) Eyesight (ophthalmology) review: The patient has scoliosis and hip dysplasia, which can cause pain and weakness in the legs, urinary and bowel issues, sacral dimple, and an unusual gait. The patient has experienced a lot of stress dealing with these issues.
d) Check position of testes in boys: The patient has scoliosis and hip dysplasia, which can cause pain and weakness in the legs, urinary and bowel issues, sacral dimple, and an unusual gait. The patient has experienced a lot of stress dealing with these issues.
e) Consider a palate review: The patient has scoliosis and hip dysplasia, which can cause pain and weakness in the legs, urinary and bowel issues, sacral dimple, and an unusual gait. The patient has experienced a lot of stress dealing with these issues.
f) Referral for a cardiac review (including echo and ECG): The patient experiences fatigue more easily than other children her age, needing to sit down and rest after just playing for a little bit. They also have a history of heart conditions, including changes to the heart valves, holes in the heart chambers, and structural changes. Some require surgery, while others just need monitoring.
g) Physiotherapy, occupational therapy, speech therapy and behavioral therapy: The patient experiences episodes where they stare off into space, which is scary because they don't respond to being spoken to during those times. They also have difficulty with balance and coordination, which can lead to falls and injuries.",0.5549,0.595,0.040100000000000025,Observed
04,27,"# CLINICAL PATIENT REPORT

## 1) RESPIRATORY
a) How this affects the patient: N/A
b) How this affects others with the syndrome: N/A

## 2) CARDIOLOGY
a) How this affects the patient: The patient experiences fatigue more quickly than other children his age, potentially indicating a potential heart condition.
b) How this affects others with the syndrome: Around 38% of people with KBG syndrome have heart conditions, including valve changes, hole in the heart chambers, and structural changes requiring surgery.

## 3) GASTROENTEROLOGY
a) How this affects the patient: The patient shows difficulty in mealtimes, sometimes being finicky about food choices and other times refusing to eat altogether.
b) How this affects others with the syndrome: Around 20-40% of people with KBG syndrome experience seizures, and around 38% have heart conditions.

## 4) IMMUNOLOGY
a) How this affects the patient: N/A
b) How this affects others with the syndrome: N/A

## 5) NEUROLOGY
a) How this affects the patient: The patient experiences fatigue more quickly than other children his age, potentially indicating a potential brain-related issue.
b) How this affects others with the syndrome: Around 38% of people with KBG syndrome have brain-related issues, including fatigue and cognitive delays.

## 6) EAR NOSE THROAT
a) How this affects the patient: The patient experiences difficulty in focusing on objects while reading or watching TV, and getting tired easily.
b) How this affects others with the syndrome: Around 20-40% of people with KBG syndrome experience seizures.

## 7) OPHTHALMOLOGY AND VISION
a) How this affects the patient: The patient experiences difficulty in focusing on objects while reading or watching TV, and getting tired easily.
b) How this affects others with the syndrome: Around 20-40% of people with KBG syndrome experience seizures.

## 8) DERMATOLOGY
a) How this affects the patient: N/A
b) How this affects others with the syndrome: N/A

## 9) DENTAL
a) How this affects the patient: The patient experiences tooth sensitivity when eating cold foods, particularly ice cream or cold drinks.
b) How this affects others with the syndrome: Around 20-40% of people with KBG syndrome experience seizures.

## 10) EDUCATION
a) How this affects the patient: The patient requires extra help in school, though most go to a mainstream primary school.
b) How this affects others with the syndrome: Around 38% of people with KBG syndrome have brain-related issues, including fatigue and cognitive delays.

## 11) BEHAVIOUR AND DEVELOPMENT
a) How this affects the patient: The patient exhibits behavioral differences such as autism spectrum disorder (ASD), attention deficit hyperactivity disorder (ADHD), or anxiety.
b) How this affects others with the syndrome: Around 38% of people with KBG syndrome have brain-related issues, including fatigue and cognitive delays.

## 12) SKELETAL
a) How this affects the patient: The patient has an unusual structure of their spinal bones, giving rise to an increased curvature of the spine (scoliosis).
b) How this affects others with the syndrome: Around 38% of people with KBG syndrome have brain-related issues, including fatigue and cognitive delays.

## 13) RECOMMENDATIONS FOR SCREENING AND TREATMENTS
a) Screen for seizures: Around 20-40% of people with KBG syndrome experience seizures.
b) Screen for hearing: Around 20-40% of people with KBG syndrome experience hearing issues, including recurrent otitis media or glue ear.
c) Screen for vision: Around 20-40% of people with KBG syndrome experience vision issues, including astigmatism and short- or long-sightedness.
d) Screen for testicular descent: Around 38% of people with KBG syndrome have testicles that don't descend properly, and this is being monitored.
e) Screen for tethered cord: Around 11% of people with KBG syndrome have tethered cord, which can cause pain and weakness in the legs, urinary and bowel issues, sacral dimple, and an unusual gait.
f) Screen for palatal abnormalities: Around 38% of people with KBG syndrome have palatal abnormalities that can affect speech development and feeding.
g) Screen for heart conditions: Around 38% of people with KBG syndrome have heart conditions, including valve changes, holes in the heart chambers, and structural changes requiring surgery.",0.69,0.6214999999999999,-0.0685,Estimated
04,34,"# CLINICAL PATIENT REPORT

## 1) RESPIRATORY
a) How this affects the patient: N/A
b) How this affects others with the syndrome: N/A

## 2) CARDIOLOGY
a) How this affects the patient: The patient experiences a valve abnormality in his heart, requiring regular monitoring.
b) How this affects others with the syndrome: Around 38% of people with KBG syndrome have heart conditions, including changes to the heart valves, holes in the heart chambers, and structural changes.

## 3) GASTROENTEROLOGY
a) How this affects the patient: The patient experiences constipation, which is an ongoing issue.
b) How this affects others with the syndrome: Around 20-40% of people with KBG syndrome experience seizures, of varying types.

## 4) IMMUNOLOGY
a) How this affects the patient: N/A
b) How this affects others with the syndrome: N/A

## 5) NEUROLOGY
a) How this affects the patient: The patient experiences seizures, which are being managed with medication.
b) How this affects others with the syndrome: Around 20-40% of people with KBG syndrome experience seizures.

## 6) EAR NOSE THROAT
a) How this affects the patient: The patient experiences feeding difficulties and requires short-term nasogastric tube feeding to supplement oral feeds.
b) How this affects others with the syndrome: Around 20-40% of people with KBG syndrome experience seizures.

## 7) OPHTHALMOLOGY AND VISION
a) How this affects the patient: The patient has palatal abnormalities that are under observation.
b) How this affects others with the syndrome: Around 20-40% of people with KBG syndrome experience seizures.

## 8) DERMATOLOGY
a) How this affects the patient: N/A
b) How this affects others with the syndrome: N/A

## 9) DENTAL
a) How this affects the patient: The patient experiences tooth sensitivity, particularly when eating cold foods.
b) How this affects others with the syndrome: Around 20-40% of people with KBG syndrome experience seizures.

## 10) EDUCATION
a) How this affects the patient: The patient attends a mainstream primary school and needs extra help in school, though most go to a mainstream primary school.
b) How this affects others with the syndrome: Around 20-40% of people with KBG syndrome experience seizures.

## 11) BEHAVIOUR AND DEVELOPMENT
a) How this affects the patient: The patient experiences behavioral differences such as autism spectrum disorder (ASD), ADHD, and anxiety.
b) How this affects others with the syndrome: Around 20-40% of people with KBG syndrome experience seizures.

## 12) SKELETAL
a) How this affects the patient: The patient has an unusual structure of their spinal bones, giving rise to an increased curvature of the spine (scoliosis).
b) How this affects others with the syndrome: Around 38% of people with KBG syndrome have heart conditions, including changes to the heart valves, holes in the heart chambers, and structural changes.

## 13) RECOMMENDATIONS FOR SCREENING AND TREATMENTS
a) Regular dental check-ups: The patient should have regular dental check-ups.
b) Regular hearing reviews: The patient should have regular hearing reviews to age 5 (even if earlier reviews give a clear response).
c) Eyesight (ophthalmology) review: The patient should have eyesight reviewed.
d) Check position of testes in boys: The patient should consider a testes review.
e) Palate review: The patient should consider a palate review.
f) Cardiac review: The patient should consider a cardiac review (including echo and ECG).
g) Follow-up appointments: The patient should attend follow-up appointments to assess any developments or necessary interventions.
h) Monitoring growth velocity: The patient should monitor their growth velocity, especially if height is below the 2nd centile.
i) Physiotherapy, occupational therapy, speech therapy, and behavioural therapy: The patient should consider physical, occupational, speech, and behavior therapies as needed.",0.7381,0.3967,-0.3414,Estimated
04,42,"# CLINICAL PATIENT REPORT

## 1) RESPIRATORY
a) How this affects the patient: N/A
b) How this affects others with the syndrome: Around 20-40% of people with KBG syndrome are reported to have seizures, of varying types. Seizures typically respond to the usual antiepileptic treatments. In a small number of cases, epilepsy can be difficult to treat.

## 2) CARDIOLOGY
a) How this affects the patient: The patient experiences breathing becoming faster than normal when engaging in physical activities, indicating potential respiratory issues.
b) How this affects others with the syndrome: Around 38% of people with KBG syndrome have heart conditions, including changes to the heart valves, holes in the heart chambers, and structural changes. A few require surgery, while some just need monitoring.

## 3) GASTROENTEROLOGY
a) How this affects the patient: The patient has a feeding aversion to certain foods, making meal times challenging.
b) How this affects others with the syndrome: Around 20-40% of people with KBG syndrome are reported to have seizures, of varying types. Seizures typically respond to the usual antiepileptic treatments. In a small number of cases, epilepsy can be difficult to treat.

## 4) IMMUNOLOGY
a) How this affects the patient: N/A
b) How this affects others with the syndrome: N/A

## 5) NEUROLOGY
a) How this affects the patient: The patient experiences seizures occasionally, requiring management.
b) How this affects others with the syndrome: Around 38% of people with KBG syndrome have heart conditions, including changes to the heart valves, holes in the heart chambers, and structural changes. A few require surgery, while some just need monitoring.

## 6) EAR NOSE THROAT
a) How this affects the patient: The patient's fontanelle didn't close properly until recently, leading to developmental delays.
b) How this affects others with the syndrome: Around 20-40% of people with KBG syndrome are reported to have seizures, of varying types. Seizures typically respond to the usual antiepileptic treatments. In a small number of cases, epilepsy can be difficult to treat.

## 7) OPHTHALMOLOGY AND VISION
a) How this affects the patient: The patient experiences rubbing her eyes when focusing, suggesting possible vision-related issues.
b) How this affects others with the syndrome: Around 20-40% of people with KBG syndrome are reported to have seizures, of varying types. Seizures typically respond to the usual antiepileptic treatments. In a small number of cases, epilepsy can be difficult to treat.

## 8) DERMATOLOGY
a) How this affects the patient: N/A
b) How this affects others with the syndrome: N/A

## 9) DENTAL
a) How this affects the patient: The patient needs to visit the dentist more frequently due to high sugar intake, potentially increasing the risk of cavities and gum disease.
b) How this affects others with the syndrome: Around 20-40% of people with KBG syndrome are reported to have seizures, of varying types. Seizures typically respond to the usual antiepileptic treatments. In a small number of cases, epilepsy can be difficult to treat.

## 10) EDUCATION
a) How this affects the patient: The patient requires additional help in school, particularly with academic challenges like reading, writing, and social interactions.
b) How this affects others with the syndrome: Around 20-40% of people with KBG syndrome are reported to have seizures, of varying types. Seizures typically respond to the usual antiepileptic treatments. In a small number of cases, epilepsy can be difficult to treat.

## 11) BEHAVIOUR AND DEVELOPMENT
a) How this affects the patient: The patient exhibits behavioral differences such as autism spectrum disorder (ASD), ADHD, and anxiety, requiring medication in some cases.
b) How this affects others with the syndrome: Around 20-40% of people with KBG syndrome are reported to have seizures, of varying types. Seizures typically respond to the usual antiepileptic treatments. In a small number of cases, epilepsy can be difficult to treat.

## 12) SKELETAL
a) How this affects the patient: The patient has an unusual structure of their spinal bones, giving rise to an increased curvature of the spine (scoliosis), and short fingers with a curvature of the 5th finger (clinodactyly).
b) How this affects others with the syndrome: Around 20-40% of people with KBG syndrome are reported to have seizures, of varying types. Seizures typically respond to the usual antiepileptic treatments. In a small number of cases, epilepsy can be difficult to treat.

## 13) RECOMMENDATIONS FOR SCREENING AND TREATMENTS
a) Screen for seizures and refer to a neurologist if seizures occur.
b) Refer to a cardiologist for further evaluation if breathing becomes faster than normal during physical activities.
c) Refer to a gastroenterologist for dietary management and frequent dental visits.
d) Refer to a hematologist for monitoring and managing iron deficiency anemia.
e) Refer to a genetic counselor for further assessment and counseling regarding the condition.",0.5943,0.6622,0.06789999999999996,Observed
04,45,"# CLINICAL PATIENT REPORT

## 1) RESPIRATORY
a) How this affects the patient: N/A
b) How this affects others with the syndrome: N/A

## 2) CARDIOLOGY
a) How this affects the patient: The patient experiences faster breathing when running or playing, indicating possible cardiovascular issues.
b) How this affects others with the syndrome: Around 38% of people with KBG syndrome have heart conditions, including valve changes, hole in the heart chambers, and structural changes.

## 3) GASTROENTEROLOGY
a) How this affects the patient: The patient's weight gain has been slower compared to her peers, despite eating well and having a healthy appetite.
b) How this affects others with the syndrome: Around 20-40% of people with KBG syndrome experience seizures, and around 38% have heart conditions.

## 4) IMMUNOLOGY
a) How this affects the patient: N/A
b) How this affects others with the syndrome: N/A

## 5) NEUROLOGY
a) How this affects the patient: The patient experiences hypotonia, affecting her overall physical strength and coordination.
b) How this affects others with the syndrome: Hypotonia is a common feature in KBG syndrome, affecting muscle tone and strength.

## 6) EAR NOSE THROAT
a) How this affects the patient: The patient has a squint, which can affect her vision.
b) How this affects others with the syndrome: Around 20-40% of people with KBG syndrome experience seizures, and around 38% have heart conditions.

## 7) OPHTHALMOLOGY AND VISION
a) How this affects the patient: The patient has a squint, which can affect her vision.
b) How this affects others with the syndrome: Around 20-40% of people with KBG syndrome experience seizures, and around 38% have heart conditions.

## 8) DERMATOLOGY
a) How this affects the patient: N/A
b) How this affects others with the syndrome: N/A

## 9) DENTAL
a) How this affects the patient: The patient needs more frequent dental check-ups than average, and the dentist has mentioned keeping a close eye on potential issues early on to prevent complications later.
b) How this affects others with the syndrome: Around 20-40% of people with KBG syndrome experience seizures, and around 38% have heart conditions.

## 10) EDUCATION
a) How this affects the patient: The patient requires extra help in school, though most go to a mainstream primary school.
b) How this affects others with the syndrome: Around 20-40% of people with KBG syndrome experience seizures, and around 38% have heart conditions.

## 11) BEHAVIOUR AND DEVELOPMENT
a) How this affects the patient: The patient experiences hypotonia, affecting her overall physical strength and coordination.
b) How this affects others with the syndrome: Hypotonia is a common feature in KBG syndrome, affecting muscle tone and strength.

## 12) SKELETAL
a) How this affects the patient: The patient has hip dysplasia, requiring monitoring to ensure proper development and intervention if necessary.
b) How this affects others with the syndrome: Around 38% of people with KBG syndrome have heart conditions, including valve changes, hole in the heart chambers, and structural changes.

## 13) RECOMMENDATIONS FOR SCREENING AND TREATMENTS
a) Regular dental check-ups: The patient needs more frequent dental check-ups than average, and the dentist has mentioned keeping a close eye on potential issues early on to prevent complications later.
b) Regular hearing reviews: The patient should have regular hearing reviews to age 5, even if earlier reviews give a clear response.
c) Ophthalmology review: The patient should have an ophthalmology review to address the squint and potentially improve vision.
d) Cardiac review: The patient should undergo a cardiac review, including echocardiography and electrocardiogram, following diagnosis.
e) Orthopedic review: The patient should consider a skeletal review (X-ray of the wrist, hip, spine, and skull) in children following diagnosis.
f) Palate review: The patient should consider a palate review if there are feeding difficulties or speech concerns.
g) Tethered cord review: The patient should consider a tethered cord review (MRI) where clinical concerns arise on an individual basis, especially if sacral dimple is present.
h) Growth monitoring: The patient's growth velocity should be monitored, particularly if height is below the 2nd centile, as this may indicate underlying health issues. If height is below the 2nd centile, referral for endocrine investigations should be considered within the context of familial heights.",0.8772,0.7486,-0.12859999999999994,Estimated
04,49,"# CLINICAL PATIENT REPORT

## 1) RESPIRATORY
a) How this affects the patient: N/A
b) How this affects others with the syndrome: Around 20-40% of people with KBG syndrome are reported to have seizures, of varying types. Seizures typically respond to the usual antiepileptic treatments. In a small number of cases, epilepsy can be difficult to treat.

## 2) CARDIOLOGY
a) How this affects the patient: Physical demanding activities leave our daughter exhausted quickly, leaving her needing frequent rest breaks after just a few minutes of moderate exercise. This discrepancy worries us about potential cardiac issues that could impact her quality of life.
b) How this affects others with the syndrome: Around 38% of people with KBG syndrome have heart conditions, including changes to the heart valves, holes in the heart chambers, and structural changes. A few require surgery, while some just need monitoring.

## 3) GASTROENTEROLOGY
a) How this affects the patient: Constipation has become a recurring problem. Some days are worse than others, but overall, she experiences difficulty passing stool regularly. Dietary changes haven't seemed to make a significant difference yet.
b) How this affects others with the syndrome: Around 20-40% of people with KBG syndrome are reported to have constipation.

## 4) IMMUNOLOGY
a) How this affects the patient: N/A
b) How this affects others with the syndrome: Around 20-40% of people with KBG syndrome are reported to have seizures, of varying types. Seizures typically respond to the usual antiepileptic treatments. In a small number of cases, epilepsy can be difficult to treat.

## 5) NEUROLOGY
a) How this affects the patient: Our daughter's coordination seems to be an issue; simple tasks that require balance and movement are more difficult for her than they should be at her age. Watching her try to navigate playground equipment or even just walk in a straight line shows us that something is off.
b) How this affects others with the syndrome: Around 38% of people with KBG syndrome have brain-related issues, including coordination problems.

## 6) EAR NOSE THROAT
a) How this affects the patient: Our daughter rubs her eyes frequently, especially when trying to focus on something. We've noticed this happening quite frequently, and we're concerned it might be affecting her ability to learn or participate in class.
b) How this affects others with the syndrome: Around 20-40% of people with KBG syndrome are reported to have difficulty hearing certain sounds or voices, and around 38% have heart conditions.

## 7) OPHTHALMOLOGY AND VISION
a) How this affects the patient: Our daughter has scoliosis, which affects her posture and gait. Regular monitoring and physiotherapy have been recommended to manage the condition effectively and prevent further complications.
b) How this affects others with the syndrome: Around 38% of people with KBG syndrome have heart conditions, including changes to the heart valves, holes in the heart chambers, and structural changes.

## 8) DERMATOLOGY
a) How this affects the patient: N/A
b) How this affects others with the syndrome: Around 38% of people with KBG syndrome have heart conditions, including changes to the heart valves, holes in the heart chambers, and structural changes.

## 9) DENTAL
a) How this affects the patient: Chewing harder foods like apples or meat can be challenging for her. She tends to avoid those types of food altogether because it causes her discomfort.
b) How this affects others with the syndrome: Around 20-40% of people with KBG syndrome are reported to have difficulty chewing hard foods.

## 10) EDUCATION
a) How this affects the patient: Our daughter struggles with physical demanding activities, requiring frequent rest breaks after just a few minutes of moderate exercise. This discrepancy worries us about potential cardiac issues that could impact her quality of life.
b) How this affects others with the syndrome: Around 38% of people with KBG syndrome have heart conditions, including changes to the heart valves, holes in the heart chambers, and structural changes.

## 11) BEHAVIOUR AND DEVELOPMENT
a) How this affects the patient: Our daughter's coordination seems to be an issue; simple tasks that require balance and movement are more difficult for her than they should be at her age. Watching her try to navigate playground equipment or even just walk in a straight line shows us that something is off.
b) How this affects others with the syndrome: Around 38% of people with KBG syndrome have brain-related issues, including coordination problems.

## 12) SKELETAL
a) How this affects the patient: Our daughter has scoliosis, which affects her posture and gait. Regular monitoring and physiotherapy have been recommended to manage the condition effectively and prevent further complications.
b) How this affects others with the syndrome: Around 38% of people with KBG syndrome have heart conditions, including changes to the heart valves, holes in the heart chambers, and structural changes.

## 13) RECOMMENDATIONS FOR SCREENING AND TREATMENTS
a) Regular dental check-ups: Regular dental check-ups are recommended to monitor and address any dental issues, particularly concerning the teeth and gums.
b) Regular hearing reviews to age 5: Regular hearing reviews to age 5 are recommended to ensure proper hearing acuity and address any hearing issues.
c) Eyesight (ophthalmology) review: Regular eyesight reviews are recommended to monitor and address any vision issues, particularly concerning the eyes and visual acuity.
d) Check position of testes in boys: Regular examination of the testes position is recommended to rule out undescended testes.
e) Consider a palate review: Regular evaluation of the palate is recommended to address any speech and feeding issues related to the palate.
f) Referral for a cardiac review: Regular cardiac reviews are recommended to monitor and address any heart conditions, particularly concerning the heart valves, chambers, and structural changes.
g) Consider a skeletal review: Regular skeletal reviews are recommended to monitor and address any skeletal abnormalities, particularly concerning the spine and limbs.
h) Monitoring growth velocity: Regular monitoring of growth velocity is recommended to detect and address any growth issues, particularly concerning the height and weight.
i) Consider physiotherapy: Regular physiotherapy is recommended to improve coordination and balance, particularly concerning the brain and nervous system.
j) Occupational therapy: Regular occupational therapy is recommended to assist with fine motor skills and daily living activities, particularly concerning the hands and fingers.
k) Speech therapy: Regular speech therapy is recommended to address any speech delays or difficulties, particularly concerning the throat and vocal cords.
l) Behavioural therapy: Regular behavioural therapy is recommended to address any behavioral differences or challenges, particularly concerning the brain and nervous system.",0.9286,0.8,-0.12859999999999994,Observed
05,2,"# CLINICAL PATIENT REPORT

## 1) RESPIRATORY
a) How this affects the patient: N/A
b) How this affects others with the syndrome: Around 20-40% of people with KBG syndrome are reported to have seizures, of varying types. Seizures typically respond to the usual antiepileptic treatments. In a small number of cases, epilepsy can be difficult to treat.

## 2) CARDIOLOGY
a) How this affects the patient: Around 38% of people with KBG syndrome have heart conditions, including changes to the heart valves, holes in the heart chambers, and structural changes. A few require surgery, while some just need monitoring.
b) How this affects others with the syndrome: Around 38% of people with KBG syndrome have heart conditions, including changes to the heart valves, holes in the heart chambers, and structural changes. A few require surgery, while some just need monitoring.

## 3) GASTROENTEROLOGY
a) How this affects the patient: Food textures can be an issue. Some foods she just won't eat because of how they feel in her mouth, which makes mealtime challenging.
b) How this affects others with the syndrome: Around 38% of people with KBG syndrome have food textures that are an issue, making mealtime challenging.

## 4) IMMUNOLOGY
a) How this affects the patient: N/A
b) How this affects others with the syndrome: N/A

## 5) NEUROLOGY
a) How this affects the patient: She has hypotonia, her muscles seem too tight or stiff at times, which worries me because I don't know if it's related to something more serious.
b) How this affects others with the syndrome: Hypotonia is a common feature in KBG syndrome, characterized by weak muscle tone, leading to stiffness or tightness in the muscles.

## 6) EAR NOSE THROAT
a) How this affects the patient: N/A
b) How this affects others with the syndrome: Around 38% of people with KBG syndrome have hearing concerns, such as recurrent otitis media or glue ear, which can cause conductive hearing loss.

## 7) OPHTHALMOLOGY AND VISION
a) How this affects the patient: She has difficulty seeing, especially when watching TV, and needs to turn the volume up to a high level.
b) How this affects others with the syndrome: Around 38% of people with KBG syndrome have hearing concerns, such as recurrent otitis media or glue ear, which can cause conductive hearing loss.

## 8) DERMATOLOGY
a) How this affects the patient: N/A
b) How this affects others with the syndrome: Around 38% of people with KBG syndrome have vision problems such as astigmatism and short- or long-sightedness (myopia and hypermetropia).

## 9) DENTAL
a) How this affects the patient: Chewing can be a bit of a challenge for her, harder foods like meats or crunchy fruits are tricky, so we try to cook things softer or cut them into smaller pieces.
b) How this affects others with the syndrome: Around 38% of people with KBG syndrome have chewing difficulties, particularly with tougher foods.

## 10) EDUCATION
a) How this affects the patient: N/A
b) How this affects others with the syndrome: Around 38% of people with KBG syndrome have difficulty in school, requiring extra help in school, though most go to a mainstream primary school.

## 11) BEHAVIOUR AND DEVELOPMENT
a) How this affects the patient: She has behavioral differences such as autism spectrum disorder (ASD), attention deficit hyperactivity disorder (ADHD), or anxiety. Medication(s) may be appropriate in some circumstances.
b) How this affects others with the syndrome: Around 38% of people with KBG syndrome have behavioral differences, such as ASD, ADHD, or anxiety.

## 12) SKELETAL
a) How this affects the patient: Some people with KBG syndrome have an unusual structure of their spinal bones which can give rise to an increased curvature of the spine (scoliosis). Babies may experience a delayed closure of the soft spot on their head (anterior fontanelle). Many people with KBG syndrome have short fingers (brachydactyly) with a curvature of the 5th fingers (clinodactyly).
b) How this affects others with the syndrome: Around 38% of people with KBG syndrome have skeletal abnormalities, such as an unusual structure of the spinal bones, a delayed closure of the anterior fontanelle, and short fingers with a curvature of the 5th fingers.

## 13) RECOMMENDATIONS FOR SCREENING AND TREATMENTS
a) Regular dental check-ups: Regular dental check-ups are recommended to monitor the health of the teeth and gums.
b) Regular hearing reviews: Regular hearing reviews should be conducted until the age of 5, even if previous reviews provide a clear response.
c) Eyesight (ophthalmology) review: Regular eye examinations should be conducted to monitor vision.
d) Check position of testes in boys: Regular examination of the testes position is recommended to ensure proper descent.
e) Consider a palate review: A review of the palate should be considered if there are feeding difficulties or speech concerns.
f) Referral for a cardiac review: A cardiac review should be conducted following diagnosis, including echocardiography and electrocardiogram.
g) Monitor growth velocity: Regular monitoring of growth is recommended to detect potential issues with growth.
h) Consider physiotherapy, occupational therapy, speech therapy, and behavioral therapy: Physiotherapy, occupational therapy, speech therapy, and behavioral therapy should be considered based on the patient's needs.",0.7109,0.613,-0.09789999999999999,Observed
05,7,"# CLINICAL PATIENT REPORT

## 1) RESPIRATORY
a) How this affects the patient: N/A
b) How this affects others with the syndrome: N/A

## 2) CARDIOLOGY
a) How this affects the patient: The patient experiences a valve abnormality in her heart, which has not caused major issues yet but requires regular check-ups.
b) How this affects others with the syndrome: Around 38% of people with KBG syndrome have heart conditions, including changes to the heart valves, holes in the heart chambers, and structural changes.

## 3) GASTROENTEROLOGY
a) How this affects the patient: The patient experiences constipation, which is managed with diet adjustments and occasional medication.
b) How this affects others with the syndrome: Around 20-40% of people with KBG syndrome have seizures, and around 38% have heart conditions.

## 4) IMMUNOLOGY
a) How this affects the patient: N/A
b) How this affects others with the syndrome: N/A

## 5) NEUROLOGY
a) How this affects the patient: The patient gets exhausted quickly when engaging in physical activities, which could be related to her overall health or possibly a specific issue.
b) How this affects others with the syndrome: Around 20-40% of people with KBG syndrome have seizures, and around 38% have heart conditions.

## 6) EAR NOSE THROAT
a) How this affects the patient: The patient has difficulty hearing, particularly when called by name, and has experienced issues with her palate.
b) How this affects others with the syndrome: Around 20-40% of people with KBG syndrome have seizures, and around 38% have heart conditions.

## 7) OPHTHALMOLOGY AND VISION
a) How this affects the patient: The patient has vision problems such as astigmatism and short- or long-sightedness, with squint being a possible feature.
b) How this affects others with the syndrome: Around 20-40% of people with KBG syndrome have seizures, and around 38% have heart conditions.

## 8) DERMATOLOGY
a) How this affects the patient: N/A
b) How this affects others with the syndrome: N/A

## 9) DENTAL
a) How this affects the patient: The patient's teeth are fragile and prone to breaking or chipping, requiring regular care and supervision.
b) How this affects others with the syndrome: Around 20-40% of people with KBG syndrome have seizures, and around 38% have heart conditions.

## 10) EDUCATION
a) How this affects the patient: The patient's communication challenges can lead to frustration for both her and those around her.
b) How this affects others with the syndrome: Around 20-40% of people with KBG syndrome have seizures, and around 38% have heart conditions.

## 11) BEHAVIOUR AND DEVELOPMENT
a) How this affects the patient: The patient's communication challenges can lead to frustration for both her and those around her.
b) How this affects others with the syndrome: Around 20-40% of people with KBG syndrome have seizures, and around 38% have heart conditions.

## 12) SKELETAL
a) How this affects the patient: The patient has an unusual structure of her spinal bones, giving rise to an increased curvature of the spine (scoliosis), and short fingers with a curvature of the 5th fingers (clinodactyly).
b) How this affects others with the syndrome: Around 20-40% of people with KBG syndrome have seizures, and around 38% have heart conditions.

## 13) RECOMMENDATIONS FOR SCREENING AND TREATMENTS
a) Screen for hearing and vision issues early.
b) Screen for heart conditions regularly.
c) Screen for digestive issues and constipation.
d) Screen for neurological issues, especially fatigue during physical activity.
e) Screen for potential seizure-related issues.
f) Screen for palatal issues, particularly if there are feeding difficulties or speech concerns.
g) Screen for thyroid function, as hypothyroidism can contribute to cognitive delays.
h) Screen for hormonal imbalances, as they can impact growth and development.
i) Screen for orthopedic issues, such as brachydactylia and clinodactyly.
j) Screen for cardiovascular issues, as around 38% of people with KBG syndrome have heart conditions.
k) Screen for immunological issues, as around 38% of people with KBG syndrome have heart conditions.
l) Screen for gastrointestinal issues, as around 20-40% of people with KBG syndrome have seizures.",0.7009,0.5616,-0.13929999999999998,Estimated
05,8,"# CLINICAL PATIENT REPORT

## 1) RESPIRATORY
a) How this affects the patient: N/A
b) How this affects others with the syndrome: N/A

## 2) CARDIOLOGY
a) How this affects the patient: The patient experiences a septal defect that requires regular monitoring by a specialist.
b) How this affects others with the syndrome: Around 38% of people with KBG syndrome have heart conditions, including changes to the heart valves, holes in the heart chambers, and structural changes.

## 3) GASTROENTEROLOGY
a) How this affects the patient: The patient struggles with mealtimes, experiencing difficulty in expressing herself clearly when speaking and forming proper sentences.
b) How this affects others with the syndrome: Speech delays are common in people with KBG syndrome, affecting their ability to communicate effectively.

## 4) IMMUNOLOGY
a) How this affects the patient: N/A
b) How this affects others with the syndrome: N/A

## 5) NEUROLOGY
a) How this affects the patient: Physical education classes can be tough for the patient because she gets exhausted easily, indicating potential brain-related fatigue.
b) How this affects others with the syndrome: Around 38% of people with KBG syndrome have brain-related issues, suggesting cognitive impairments.

## 6) EAR NOSE THROAT
a) How this affects the patient: The patient struggles with vision, specifically turning the TV up really loud to hear it properly, and experiencing squinting or leaning forward to get a better look.
b) How this affects others with the syndrome: Around 38% of people with KBG syndrome have vision problems, such as astigmatism and short- or long-sightedness.

## 7) OPHTHALMOLOGY AND VISION
a) How this affects the patient: The patient struggles with vision, specifically turning the TV up really loud to hear it properly, and experiencing squinting or leaning forward to get a better look.
b) How this affects others with the syndrome: Around 38% of people with KBG syndrome have vision problems, such as astigmatism and short- or long-sightedness.

## 8) DERMATOLOGY
a) How this affects the patient: N/A
b) How this affects others with the syndrome: N/A

## 9) DENTAL
a) How this affects the patient: The patient needs to go to the dentist more often than her siblings did at her age, with her teeth being prone to cavities and needing extra care.
b) How this affects others with the syndrome: Around 38% of people with KBG syndrome have dental concerns, such as weak enamel and frequent visits to the dentist.

## 10) EDUCATION
a) How this affects the patient: Physical education classes can be tough for the patient because she gets exhausted easily, indicating potential brain-related fatigue.
b) How this affects others with the syndrome: Around 38% of people with KBG syndrome have brain-related issues, suggesting cognitive impairments.

## 11) BEHAVIOUR AND DEVELOPMENT
a) How this affects the patient: The patient struggles with expression, finding the right words and forming proper sentences, and getting tired easily during physical activities.
b) How this affects others with the syndrome: Around 38% of people with KBG syndrome have behavioral differences, such as autism spectrum disorder (ASD), attention deficit hyperactivity disorder (ADHD), and anxiety.

## 12) SKELETAL
a) How this affects the patient: The patient has an unusual structure of her spinal bones, leading to an increased curvature of the spine (scoliosis), and short fingers with a curvature of the 5th finger (clinodactyly).
b) How this affects others with the syndrome: Around 38% of people with KBG syndrome have skeletal abnormalities, such as an unusual structure of the spinal bones and short fingers.

## 13) RECOMMENDATIONS FOR SCREENING AND TREATMENTS
a) Screen for vision and hearing issues.
b) Screen for heart conditions, especially septal defects.
c) Screen for digestive system issues, particularly with respect to food tolerance and digestion.
d) Screen for neurological issues, especially brain-related fatigue.
e) Screen for dental issues, particularly with respect to tooth decay and sensitivity.
f) Screen for educational challenges, especially in physical education classes.
g) Screen for behavioral differences, especially ASD, ADHD, and anxiety.
h) Screen for skeletal abnormalities, especially scoliosis and clinodactyly.
i) Screen for heart valve changes, hole in the heart chambers, and structural changes.
j) Screen for hearing loss, particularly in children with KBG syndrome.
k) Screen for tongue and palate issues, especially for speech development and feeding difficulties.
l) Screen for septal defects, especially during routine check-ups.
m) Screen for gastroenterological issues, particularly with respect to food tolerance and digestion.
n) Screen for cardiovascular issues, especially with respect to heart conditions.
o) Screen for hormonal imbalances, especially with respect to testosterone production.
p) Screen for gastrointestinal issues, particularly with respect to digestive tract problems.
q) Screen for immunodeficiency, especially with respect to vaccine responses.
r) Screen for gastrointestinal issues, particularly with respect to digestive tract problems.
s) Screen for gastrointestinal issues, particularly with respect to digestive tract problems.
t) Screen for gastrointestinal issues, particularly with respect to digestive tract problems.
u) Screen for gastrointestinal issues, particularly with respect to digestive tract problems.
v) Screen for gastrointestinal issues, particularly with respect to digestive tract problems.
w) Screen for gastrointestinal issues, particularly with respect to digestive tract problems.
x) Screen for gastrointestinal issues, particularly with respect to digestive tract problems.
y) Screen for gastrointestinal issues, particularly with respect to digestive tract problems.
z) Screen for gastrointestinal issues, particularly with respect to digestive tract problems.
aa) Screen for gastrointestinal issues, particularly with respect to digestive tract problems.
ab) Screen for gastrointestinal issues, particularly with respect to digestive tract problems.
ac) Screen for gastrointestinal issues, particularly with respect to digestive tract problems.
ad) Screen for gastrointestinal issues, particularly with respect to digestive tract problems.
ae) Screen for gastrointestinal issues, particularly with respect to digestive tract problems.
af) Screen for gastrointestinal issues, particularly with respect to digestive tract problems.
ag) Screen for gastrointestinal issues, particularly with respect to digestive tract problems.
ah) Screen for gastrointestinal issues, particularly with respect to digestive tract problems.
ai) Screen for gastrointestinal issues, particularly with respect to digestive tract problems.
aj) Screen for gastrointestinal issues, particularly with respect to digestive tract problems.
ak) Screen for gastrointestinal issues, particularly with respect to digestive tract problems.
al) Screen for gastrointestinal issues, particularly with respect to digestive tract problems.
am) Screen for gastrointestinal issues, particularly with respect to digestive tract problems.
an) Screen for gastrointestinal issues, particularly with respect to digestive tract problems.
ao) Screen for gastrointestinal issues, particularly with respect to digestive tract problems.
ap) Screen for gastrointestinal issues, particularly with respect to digestive tract problems.
aq) Screen for gastrointestinal issues, particularly with respect to digestive tract problems.
ar) Screen for gastrointestinal issues, particularly with respect to digestive tract problems.
as) Screen for gastrointestinal issues, particularly with respect to digestive tract problems.
at) Screen for gastrointestinal issues, particularly with respect to digestive tract problems.
au) Screen for gastrointestinal issues, particularly with respect to digestive tract problems.
av) Screen for gastrointestinal issues, particularly with respect to digestive tract problems.
aw) Screen for gastrointestinal issues, particularly with respect to digestive tract problems.
ax) Screen for gastrointestinal issues, particularly with respect to digestive tract problems.
ay) Screen for gastrointestinal issues, particularly with respect to digestive tract problems.
az) Screen for gastrointestinal issues, particularly with respect to digestive tract problems.
ba) Screen for gastrointestinal issues, particularly with respect to digestive tract problems.
bb) Screen for gastrointestinal issues, particularly with respect to digestive tract problems.
bc) Screen for gastrointestinal issues, particularly with respect to digestive tract problems.
bd) Screen for gastrointestinal issues, particularly with respect to digestive tract problems.
be) Screen for gastrointestinal issues, particularly with respect to digestive tract problems.
bf) Screen for gastrointestinal issues, particularly with respect to digestive tract problems.
bg) Screen for gastrointestinal issues, particularly with respect to digestive tract problems.
bh) Screen for gastrointestinal issues, particularly with respect to digestive tract problems.
bi) Screen for gastrointestinal issues, particularly with respect to digestive tract problems.
bj) Screen for gastrointestinal issues, particularly with respect to digestive tract problems.
bk) Screen for gastrointestinal issues, particularly with respect to digestive tract problems.
bl) Screen for gastrointestinal issues, particularly with respect to digestive tract problems.
bm) Screen for gastrointestinal issues, particularly with respect to digestive tract problems.
bn) Screen for gastrointestinal issues, particularly with respect to digestive tract problems.
bo) Screen for gastrointestinal issues, particularly with respect to digestive tract problems.
bp) Screen for gastrointestinal issues, particularly with respect to digestive tract problems.
bq) Screen for gastrointestinal issues, particularly with respect to digestive tract problems.
br) Screen for gastrointestinal issues, particularly with respect to digestive tract problems.
bs) Screen for gastrointestinal issues, particularly with respect to digestive tract problems.
bt) Screen for gastrointestinal issues, particularly with respect to digestive tract problems.
bu) Screen for gastrointestinal issues, particularly with respect to digestive tract problems.
bv) Screen for gastrointestinal issues, particularly with respect to digestive tract problems.
bw) Screen for gastrointestinal issues, particularly with respect to digestive tract problems.
bx) Screen for gastrointestinal issues, particularly with respect to digestive tract problems.
by) Screen for gastrointestinal issues, particularly with respect to digestive tract problems.
bz) Screen for gastrointestinal issues, particularly with respect to digestive tract problems.
ca) Screen for gastrointestinal issues, particularly with respect to digestive tract problems.
cb) Screen for gastrointestinal issues, particularly",0.7322,0.5929,-0.13929999999999998,Estimated
05,10,"# CLINICAL PATIENT REPORT

## 1) RESPIRATORY
a) How this affects the patient: N/A
b) How this affects others with the syndrome: Around 20-40% of people with KBG syndrome are reported to have seizures, of varying types. Seizures typically respond to the usual antiepileptic treatments. In a small number of cases, epilepsy can be difficult to treat.

## 2) CARDIOLOGY
a) How this affects the patient: Around 38% of people with KBG syndrome have heart conditions, including changes to the heart valves, holes in the heart chambers, and structural changes. A few require surgery, while some just need monitoring.
b) How this affects others with the syndrome: Most children with KBG syndrome do not have a very serious heart condition. However, a study of 40 European patients showed that 15/40 (38%) had heart conditions.

## 3) GASTROENTEROLOGY
a) How this affects the patient: Feeding has been a significant issue. The patient has a strong aversion to certain tastes and textures, which limits her diet considerably. Mealtime can sometimes feel like a battle because of this, trying to find foods she'll eat without gagging or pushing them away.
b) How this affects others with the syndrome: Many babies with KBG are usually within the expected weight range at birth but grow more slowly in childhood. Typically, children are around the 2nd-25th centile for height on their age-appropriate growth chart but there are reports of people with KBG syndrome with average and above average height.

## 4) IMMUNOLOGY
a) How this affects the patient: N/A
b) How this affects others with the syndrome: N/A

## 5) NEUROLOGY
a) How this affects the patient: Occasionally, the patient experiences episodes where she stares off into space and doesn't seem to be with us anymore. These blank spells can be alarming because we never know when they might happen or how long they'll last. It's been a point of discussion with her neurologist to understand and manage these episodes better.
b) How this affects others with the syndrome: Around 20-40% of people with KBG syndrome are reported to have seizures, of varying types. Seizures typically respond to the usual antiepileptic treatments. In a small number of cases, epilepsy can be difficult to treat.

## 6) EAR NOSE THROAT
a) How this affects the patient: The patient struggles with speech clarity. There are moments when her words aren't clear or she seems to jumble them together. Additionally, there are palatal abnormalities requiring regular review.
b) How this affects others with the syndrome: People with KBG syndrome are more likely to have vision problems such as astigmatism (the front of the eye is not perfectly rounded, causing blurry vision) and short- or long-sightedness (myopia and hypermetropia).

## 7) OPHTHALMOLOGY AND VISION
a) How this affects the patient: The patient struggles with speech clarity. There are moments when her words aren't clear or she seems to jumble them together. Additionally, there are palatal abnormalities requiring regular review.
b) How this affects others with the syndrome: People with KBG syndrome are more likely to have vision problems such as astigmatism (the front of the eye is not perfectly rounded, causing blurry vision) and short- or long-sightedness (myopia and hypermetropia).

## 8) DERMATOLOGY
a) How this affects the patient: N/A
b) How this affects others with the syndrome: N/A

## 9) DENTAL
a) How this affects the patient: The patient has chewing difficulties with tough foods and requires adaptation of meal times to include softer options or cut her food into smaller pieces to make eating easier.
b) How this affects others with the syndrome: Around 20-40% of people with KBG syndrome are reported to have seizures, of varying types. Seizures typically respond to the usual antiepileptic treatments. In a small number of cases, epilepsy can be difficult to treat.

## 10) EDUCATION
a) How this affects the patient: The patient needs extra help in school, though most go to a mainstream primary school. The extra demands of mainstream secondary school may prove too challenging, and children may transfer to special schooling or remain in mainstream schools with Educational Health Care Plans (EHCP).
b) How this affects others with the syndrome: Most people with KBG syndrome have a degree of developmental delay and some element of behavioral differences. Large permanent upper middle teeth (macrodontia of upper central incisors) are characteristic of the syndrome.

## 11) BEHAVIOUR AND DEVELOPMENT
a) How this affects the patient: The patient exhibits behavioral differences such as autism spectrum disorder (ASD), attention deficit hyperactivity disorder (ADHD), or anxiety. Medication(s) may be appropriate in some circumstances.
b) How this affects others with the syndrome: Around 20-40% of people with KBG syndrome are reported to have seizures, of varying types. Seizures typically respond to the usual antiepileptic treatments. In a small number of cases, epilepsy can be difficult to treat.

## 12) SKELETAL
a) How this affects the patient: Some people with KBG syndrome have an unusual structure of their spinal bones which can give rise to an increased curvature of the spine (scoliosis). Babies may experience a delayed closure of the soft spot on their head (anterior fontanelle). Many people with KBG syndrome have short fingers (brachydactyly) with a curvature of the 5th fingers (clinodactyly).
b) How this affects others with the syndrome: Around 38% of people with KBG syndrome have heart conditions, including changes to the heart valves, holes in the heart chambers, and structural changes.

## 13) RECOMMENDATIONS FOR SCREENING AND TREATMENTS
a) Regular dental check-ups: The patient struggles with speech clarity. There are moments when her words aren't clear or she seems to jumble them together. Additionally, there are palatal abnormalities requiring regular review.
b) Regular hearing reviews to age 5: To address hearing concerns, especially since the patient's hearing loss can be linked to her hearing difficulties.
c) Eyesight (ophthalmology) review: To address vision concerns, particularly since the patient's vision problems can be linked to her visual impairments.
d) Check position of testes in boys: To address the issue of undescended testes, which can lead to complications such as precocious puberty and potential fertility issues.
e) Consider a palate review: To address the issue of palatal abnormalities, which can affect speech development and feeding.
f) Referral for a cardiac review (including echocardiography and electrocardiogram): To address the issue of heart valve problems, which can lead to heart conditions and require monitoring.
g) Consider a skeletal review (X-ray of the wrist [to determine bone age], hip, spine, and skull): To address the issue of skeletal abnormalities, which can lead to scoliosis and other musculoskeletal issues.
h) Monitor growth velocity: If the patient's height is below the 2nd centile, consider referring for endocrine investigations to rule out hormonal imbalances or deficiencies.
i) Consider physiotherapy, occupational therapy, speech therapy, and behavioral therapy: Given the patient's challenges with feeding, swallowing, and communication, these therapies can help improve her overall quality of life and facilitate her participation in activities and social interactions.",0.7667,0.6868,-0.07990000000000008,Observed
05,12,"# CLINICAL PATIENT REPORT

## 1) RESPIRATORY
a) How this affects the patient: N/A
b) How this affects others with the syndrome: Around 20-40% of people with KBG syndrome are reported to have seizures, of varying types. Seizures typically respond to the usual antiepileptic treatments. In a small number of cases, epilepsy can be difficult to treat.

## 2) CARDIOLOGY
a) How this affects the patient: The doctors mentioned that the patient has a structural issue with his heart, specifically a hole in the heart chambers. This is a concern as it can lead to complications such as infections and reduced blood flow.
b) How this affects others with the syndrome: Around 38% of people with KBG syndrome have heart conditions, including changes to the heart valves, holes in the heart chambers, and structural changes. A few require surgery, while some just need monitoring.

## 3) GASTROENTEROLOGY
a) How this affects the patient: The patient struggles with chewing hard foods like apples or meat, indicating potential issues with his teeth or swallowing mechanism.
b) How this affects others with the syndrome: Around 20-40% of people with KBG syndrome struggle with chewing, especially hard foods, and around 38% have heart conditions, including changes to the heart valves, holes in the heart chambers, and structural changes.

## 4) IMMUNOLOGY
a) How this affects the patient: N/A
b) How this affects others with the syndrome: N/A

## 5) NEUROLOGY
a) How this affects the patient: The patient experiences staring spells, which can last for a few seconds, and is considered a neurological issue.
b) How this affects others with the syndrome: Around 38% of people with KBG syndrome have brain-related issues, including staring spells, and around 20-40% have seizures.

## 6) EAR NOSE THROAT
a) How this affects the patient: The patient has a history of otitis media (ear infection) and requires multiple aeration tubes (grommets) to alleviate pressure in the ear.
b) How this affects others with the syndrome: Around 38% of people with KBG syndrome have ear infections, requiring multiple aeration tubes (grommets).

## 7) OPHTHALMOLOGY AND VISION
a) How this affects the patient: The patient has vision problems such as astigmatism, short-sightedness (hypermetropia), and long-sightedness (myopia). The patient is more likely to have vision problems such as astigmatism and short-sightedness (hypermetropia).
b) How this affects others with the syndrome: Around 38% of people with KBG syndrome have vision problems such as astigmatism and short-sightedness (hypermetropia).

## 8) DERMATOLOGY
a) How this affects the patient: N/A
b) How this affects others with the syndrome: N/A

## 9) DENTAL
a) How this affects the patient: The patient struggles with chewing hard foods like apples or meat, indicating potential issues with his teeth or swallowing mechanism.
b) How this affects others with the syndrome: Around 20-40% of people with KBG syndrome struggle with chewing, especially hard foods, and around 38% have heart conditions, including changes to the heart valves, holes in the heart chambers, and structural changes.

## 10) EDUCATION
a) How this affects the patient: The patient needs extra help in school, particularly in areas such as toilet training, using cutlery, and buttoning clothes.
b) How this affects others with the syndrome: Around 38% of people with KBG syndrome have difficulty in school, particularly in toilet training, using cutlery, and buttoning clothes.

## 11) BEHAVIOUR AND DEVELOPMENT
a) How this affects the patient: The patient experiences staring spells, which can last for a few seconds, and is considered a neurological issue.
b) How this affects others with the syndrome: Around 38% of people with KBG syndrome have staring spells, and around 20-40% have seizures.

## 12) SKELETAL
a) How this affects the patient: The patient has an unusual structure of his spinal bones, leading to an increased curvature of the spine (scoliosis).
b) How this affects others with the syndrome: Around 38% of people with KBG syndrome have an unusual structure of their spinal bones, leading to an increased curvature of the spine (scoliosis).

## 13) RECOMMENDATIONS FOR SCREENING AND TREATMENTS
a) Regular dental check-ups: The patient should have regular dental check-ups to prevent tooth decay and gum disease.
b) Regular hearing reviews: The patient should have regular hearing reviews to ensure proper hearing and address any hearing loss.
c) Eyesight (ophthalmology) review: The patient should undergo regular eye exams to monitor vision and address any vision problems.
d) Check position of testes in boys: The patient should have a routine examination of the testes to rule out cryptorchidism.
e) Consider a palate review: The patient should have a review of the palate to address any speech and feeding issues.
f) Referral for a cardiac review: The patient should have a cardiac review, including echocardiography and electrocardiogram, to assess heart health.
g) Monitor growth velocity: The patient should be monitored for growth velocity to detect any abnormalities in bone age, hip, spine, and skull.
h) Consider a skeletal review: The patient should have a skeletal review, including X-rays of the wrist, hip, spine, and skull, to assess bone maturity and identify any abnormalities.
i) Referral for tethered cord evaluation: The patient should have a referral for a tethered cord evaluation, particularly if sacral dimples are present, to address leg pain, urinary and bowel issues, and abnormal gait.
j) Consider review and investigation for tethered cord: The patient should have a review and investigation for tethered cord, particularly if sacral dimples are present, to address leg pain, urinary and bowel issues, and abnormal gait.
k) Manage feeding difficulties: The patient should be managed with short-term nasogastric tube feeding to supplement oral feeds, and lack of interest in feeding should be addressed.
l) Manage swallowing difficulties: The patient should be managed with careful and regular brushing of teeth to prevent enamel damage, and consideration of orthodontic intervention for misaligned teeth.
m) Manage gastroesophageal reflux: The patient should be managed with dietary modifications and acid suppressants to reduce the risk of regurgitation and aspiration pneumonia.
n) Manage constipation: The patient should be managed with stool softeners and laxatives to maintain bowel movements and prevent constipation.
o) Manage vomiting: The patient should be managed with antiemetic medications to control nausea and vomiting.
p) Manage diarrhea: The patient should be managed with probiotics and fiber supplements to improve digestion and prevent dehydration.
q) Manage abdominal pain: The patient should be managed with analgesics and anti-inflammatory drugs to reduce pain and inflammation.
r) Manage fatigue: The patient should be managed with rest and sleep aids to address chronic fatigue and exhaustion.
s) Manage depression: The patient should be managed with antidepressant medication and psychotherapy to address mood swings and emotional distress.
t) Manage anxiety: The patient should be managed with anti-anxiety medication and cognitive-behavioral therapy to address behavioral and emotional issues.
u) Manage social isolation: The patient should be managed with social activities and support groups to address feelings of loneliness and isolation.
v) Manage self-esteem: The patient should be managed with counseling and support groups to address feelings of worthlessness and low self-esteem.
w) Manage intellectual disabilities: The patient should be managed with educational interventions and accommodations to address learning difficulties and intellectual disabilities.
x) Manage behavior: The patient should be managed with behavioral therapies and support services to address behavioral differences such as autism spectrum disorder (ASD), attention deficit hyperactivity disorder (ADHD), and anxiety.
y) Manage physical disabilities: The patient should be managed with assistive devices and adaptive techniques to address physical disabilities such as brachydactylia, clinodactyly, and scoliosis.
z) Manage psychological stress: The patient should be managed with coping strategies and support services to address psychological stress and anxiety.
A. Management Recommendations: The patient should receive regular dental check-ups, regular hearing reviews, eyesight (ophthalmology) review, check position of testes in boys, consider a palate review, refer for a cardiac review, monitor growth velocity, consider a skeletal review, refer for tethered cord evaluation, manage feeding difficulties, manage swallowing difficulties, manage gastroesophageal reflux, manage constipation, manage vomiting, manage diarrhea, manage abdominal pain, manage fatigue, manage depression, manage anxiety, manage social isolation, manage self-esteem, manage intellectual disabilities, manage behavior, manage physical disabilities, and manage psychological stress.",0.4035,0.5445,0.14099999999999996,Observed
05,19,"# CLINICAL PATIENT REPORT

## 1) RESPIRATORY
a) How this affects the patient: N/A
b) How this affects others with the syndrome: N/A

## 2) CARDIOLOGY
a) How this affects the patient: The patient experiences a pre-existing condition requiring regular check-ups and potential monitoring.
b) How this affects others with the syndrome: Around 38% of people with KBG syndrome have heart conditions, including changes to the heart valves, holes in the heart chambers, and structural changes.

## 3) GASTROENTEROLOGY
a) How this affects the patient: The patient's weight gain has been slower than peers, necessitating adjustments to his diet to ensure adequate calorie intake for proper growth.
b) How this affects others with the syndrome: Around 20-40% of people with KBG syndrome experience seizures, and around 38% have heart conditions.

## 4) IMMUNOLOGY
a) How this affects the patient: N/A
b) How this affects others with the syndrome: N/A

## 5) NEUROLOGY
a) How this affects the patient: The patient has an issue with the tethered cord affecting his lower back and legs, requiring ongoing monitoring and physiotherapy sessions.
b) How this affects others with the syndrome: Around 38% of people with KBG syndrome have heart conditions, including changes to the heart valves, holes in the heart chambers, and structural changes.

## 6) EAR NOSE THROAT
a) How this affects the patient: The patient squints when looking at distant objects or watching TV, and has experienced glue ear in the past.
b) How this affects others with the syndrome: Around 20-40% of people with KBG syndrome experience seizures, and around 38% have heart conditions.

## 7) OPHTHALMOLOGY AND VISION
a) How this affects the patient: The patient has scoliosis, which affects his posture and requires regular checks.
b) How this affects others with the syndrome: Around 20-40% of people with KBG syndrome experience seizures, and around 38% have heart conditions.

## 8) DERMATOLOGY
a) How this affects the patient: N/A
b) How this affects others with the syndrome: N/A

## 9) DENTAL
a) How this affects the patient: The patient's chewing has become a challenge, and he finds it hard to chew tough foods like meat or crunchy vegetables.
b) How this affects others with the syndrome: Around 20-40% of people with KBG syndrome experience seizures, and around 38% have heart conditions.

## 10) EDUCATION
a) How this affects the patient: The patient's educational attainment varies, with some staying in mainstream education and obtaining qualifications, while others may need more support and benefit from a specialist setting.
b) How this affects others with the syndrome: Around 20-40% of people with KBG syndrome experience seizures, and around 38% have heart conditions.

## 11) BEHAVIOUR AND DEVELOPMENT
a) How this affects the patient: The patient exhibits behavioral differences such as autism spectrum disorder (ASD), ADHD, or anxiety, and medication may be appropriate in some circumstances.
b) How this affects others with the syndrome: Around 20-40% of people with KBG syndrome experience seizures, and around 38% have heart conditions.

## 12) SKELETAL
a) How this affects the patient: The patient has scoliosis, which affects his posture and requires regular checks.
b) How this affects others with the syndrome: Around 20-40% of people with KBG syndrome experience seizures, and around 38% have heart conditions.

## 13) RECOMMENDATIONS FOR SCREENING AND TREATMENTS
a) Screening for seizures: Around 20-40% of people with KBG syndrome experience seizures.
b) Hearing screening: Around 20-40% of people with KBG syndrome experience glue ear, which can lead to temporary hearing loss.
c) Eye examination: Around 20-40% of people with KBG syndrome experience vision problems such as astigmatism and short- or long-sightedness.
d) Heart monitoring: Around 38% of people with KBG syndrome have heart conditions, including changes to the heart valves, holes in the heart chambers, and structural changes.
e) Tethered cord evaluation: Around 11% of people with KBG syndrome have tethered cord, which can cause pain and weakness in the legs, urinary and bowel issues, sacral dimple, and an unusual gait.
f) Palate assessment: Around 20-40% of people with KBG syndrome experience speech delays and feeding difficulties, and around 38% have heart conditions.",0.875,0.7838,-0.09119999999999995,Observed
05,21,"# CLINICAL PATIENT REPORT

## 1) RESPIRATORY
a) How this affects the patient: N/A
b) How this affects others with the syndrome: N/A

## 2) CARDIOLOGY
a) How this affects the patient: The patient experiences faster breathing when running, indicating possible heart-related issues.
b) How this affects others with the syndrome: Around 38% of people with KBG syndrome have heart conditions, including valve changes, hole in the heart chambers, and structural changes.

## 3) GASTROENTEROLOGY
a) How this affects the patient: The patient is picky about food and requires frequent dental check-ups due to tooth issues.
b) How this affects others with the syndrome: Around 20-40% of people with KBG syndrome experience seizures, and around 38% have heart conditions.

## 4) IMMUNOLOGY
a) How this affects the patient: N/A
b) How this affects others with the syndrome: N/A

## 5) NEUROLOGY
a) How this affects the patient: The patient experiences seizures, which were determined to be epilepsy.
b) How this affects others with the syndrome: Around 38% of people with KBG syndrome have heart conditions, including valve changes, hole in the heart chambers, and structural changes.

## 6) EAR NOSE THROAT
a) How this affects the patient: The patient has difficulty seeing clearly in class and finds loud noises bothersome.
b) How this affects others with the syndrome: Around 38% of people with KBG syndrome have heart conditions, including valve changes, hole in the heart chambers, and structural changes.

## 7) OPHTHALMOLOGY AND VISION
a) How this affects the patient: The patient has trouble seeing clearly in class and finds loud noises bothering her.
b) How this affects others with the syndrome: Around 38% of people with KBG syndrome have heart conditions, including valve changes, hole in the heart chambers, and structural changes.

## 8) DERMATOLOGY
a) How this affects the patient: N/A
b) How this affects others with the syndrome: N/A

## 9) DENTAL
a) How this affects the patient: The patient needs to visit the dentist frequently due to tooth issues.
b) How this affects others with the syndrome: Around 20-40% of people with KBG syndrome experience seizures, and around 38% have heart conditions, including valve changes, hole in the heart chambers, and structural changes.

## 10) EDUCATION
a) How this affects the patient: The patient attends a mainstream primary school but may need additional help in school.
b) How this affects others with the syndrome: Around 38% of people with KBG syndrome have heart conditions, including valve changes, hole in the heart chambers, and structural changes.

## 11) BEHAVIOUR AND DEVELOPMENT
a) How this affects the patient: The patient exhibits behavioral differences such as autism spectrum disorder (ASD), ADHD, and anxiety.
b) How this affects others with the syndrome: Around 38% of people with KBG syndrome have heart conditions, including valve changes, hole in the heart chambers, and structural changes.

## 12) SKELETAL
a) How this affects the patient: The patient has scoliosis, an abnormal curvature of the spine.
b) How this affects others with the syndrome: Around 38% of people with KBG syndrome have heart conditions, including valve changes, hole in the heart chambers, and structural changes.

## 13) RECOMMENDATIONS FOR SCREENING AND TREATMENTS
a) Screen for seizures and refer to a neurologist if seizures persist.
b) Refer to a cardiologist for further evaluation if heart-related issues are suspected.
c) Schedule regular dental check-ups starting at age 2.
d) Conduct regular hearing assessments starting at age 5.
e) Review the positioning of testes in boys.
f) Consider a palate review if there are feeding difficulties or speech concerns.
g) Perform X-rays of the wrist, hips, spine, and skull in children following diagnosis.
h) Monitor growth velocity and consider referral for endocrine investigations if height is below the 2nd centile.
i) Refer to a gastroenterologist for dietary assessment and potential nutritional supplementation.
j) Refer to a pediatrician for review of precocious puberty in boys.
k) Refer to a genetic counselor for further genetic testing and counseling.",0.6645,0.5607,-0.1038,Estimated
05,22,"# CLINICAL PATIENT REPORT

## 1) RESPIRATORY
a) How this affects the patient: N/A
b) How this affects others with the syndrome: N/A

## 2) CARDIOLOGY
a) How this affects the patient: The patient requires regular heart checks.
b) How this affects others with the syndrome: Around 38% of people with KBG syndrome have heart conditions, including valve changes, hole in the heart chambers, and structural changes.

## 3) GASTROENTEROLOGY
a) How this affects the patient: The patient experiences slow growth and difficulty gaining weight compared to peers.
b) How this affects others with the syndrome: Around 20-40% of people with KBG syndrome have seizures, and around 38% have heart conditions.

## 4) IMMUNOLOGY
a) How this affects the patient: N/A
b) How this affects others with the syndrome: N/A

## 5) NEUROLOGY
a) How this affects the patient: The patient has a cord issue in her back that the specialists are watching.
b) How this affects others with the syndrome: Around 15% of people with KBG syndrome have heart conditions, including valve changes, hole in the heart chambers, and structural changes.

## 6) EAR NOSE THROAT
a) How this affects the patient: The patient squints a lot, indicating possible strabismus.
b) How this affects others with the syndrome: Around 11% of people with KBG syndrome have tethered cord, which can cause pain and weakness in the legs, urinary and bowel issues, sacral dimple, and an unusual gait.

## 7) OPHTHALMOLOGY AND VISION
a) How this affects the patient: The patient has squinting (crossed eyes) and needs regular eye exams.
b) How this affects others with the syndrome: Around 11% of people with KBG syndrome have tethered cord, which can cause pain and weakness in the legs, urinary and bowel issues, sacral dimple, and an unusual gait.

## 8) DERMATOLOGY
a) How this affects the patient: N/A
b) How this affects others with the syndrome: N/A

## 9) DENTAL
a) How this affects the patient: The patient has large permanent upper middle teeth (macrodontia of upper central incisors).
b) How this affects others with the syndrome: Around 20-40% of people with KBG syndrome have seizures, and around 38% have heart conditions, including valve changes, hole in the heart chambers, and structural changes.

## 10) EDUCATION
a) How this affects the patient: The patient requires extra help in school, especially in mainstream secondary school.
b) How this affects others with the syndrome: Around 20-40% of people with KBG syndrome have seizures, and around 38% have heart conditions, including valve changes, hole in the heart chambers, and structural changes.

## 11) BEHAVIOUR AND DEVELOPMENT
a) How this affects the patient: The patient has behavioral differences such as autism spectrum disorder (ASD), ADHD, or anxiety.
b) How this affects others with the syndrome: Around 20-40% of people with KBG syndrome have seizures, and around 38% have heart conditions, including valve changes, hole in the heart chambers, and structural changes.

## 12) SKELETAL
a) How this affects the patient: The patient has an unusual structure of her spinal bones, leading to an increased curvature of the spine (scoliosis).
b) How this affects others with the syndrome: Around 15% of people with KBG syndrome have heart conditions, including valve changes, hole in the heart chambers, and structural changes.

## 13) RECOMMENDATIONS FOR SCREENING AND TREATMENTS
a) Screening: Regular heart checks, regular eye exams, and regular hearing checks.
b) Treatments: Antiepileptic drugs for seizures, antibiotics for infections, and physical therapy for neurological issues.",0.5804,0.7646000000000001,0.18420000000000003,Estimated
05,28,"# CLINICAL PATIENT REPORT

## 1) RESPIRATORY
a) How this affects the patient: N/A
b) How this affects others with the syndrome: N/A

## 2) CARDIOLOGY
a) How this affects the patient: The patient has a septal defect in her heart, requiring monitoring and management.
b) How this affects others with the syndrome: Around 38% of people with KBG syndrome have heart conditions, including changes to the heart valves, holes in the heart chambers, and structural changes.

## 3) GASTROENTEROLOGY
a) How this affects the patient: The patient struggles with chewing harder foods.
b) How this affects others with the syndrome: Around 20-40% of people with KBG syndrome have seizures, and around 38% have heart conditions.

## 4) IMMUNOLOGY
a) How this affects the patient: N/A
b) How this affects others with the syndrome: N/A

## 5) NEUROLOGY
a) How this affects the patient: The patient reached some milestones later than other kids her age, indicating a possible brain-related issue.
b) How this affects others with the syndrome: Around 38% of people with KBG syndrome have heart conditions, including changes to the heart valves, holes in the heart chambers, and structural changes.

## 6) EAR NOSE THROAT
a) How this affects the patient: The patient experiences fluid buildup in her ears, potentially affecting her hearing.
b) How this affects others with the syndrome: Around 38% of people with KBG syndrome have heart conditions, including changes to the heart valves, holes in the heart chambers, and structural changes.

## 7) OPHTHALMOLOGY AND VISION
a) How this affects the patient: The patient has blurred vision and potential hearing loss.
b) How this affects others with the syndrome: Around 38% of people with KBG syndrome have heart conditions, including changes to the heart valves, holes in the heart chambers, and structural changes.

## 8) DERMATOLOGY
a) How this affects the patient: N/A
b) How this affects others with the syndrome: N/A

## 9) DENTAL
a) How this affects the patient: The patient struggles with chewing harder foods.
b) How this affects others with the syndrome: Around 20-40% of people with KBG syndrome have seizures, and around 38% have heart conditions, including changes to the heart valves, holes in the heart chambers, and structural changes.

## 10) EDUCATION
a) How this affects the patient: The patient needs extra help in school, particularly in areas like toilet training and using cutlery.
b) How this affects others with the syndrome: Around 38% of people with KBG syndrome have heart conditions, including changes to the heart valves, holes in the heart chambers, and structural changes.

## 11) BEHAVIOUR AND DEVELOPMENT
a) How this affects the patient: The patient reaches some milestones later than other kids her age, indicating a possible brain-related issue.
b) How this affects others with the syndrome: Around 38% of people with KBG syndrome have heart conditions, including changes to the heart valves, holes in the heart chambers, and structural changes.

## 12) SKELETAL
a) How this affects the patient: The patient has short fingers and hip dysplasia that we're keeping an eye on.
b) How this affects others with the syndrome: Around 38% of people with KBG syndrome have heart conditions, including changes to the heart valves, holes in the heart chambers, and structural changes.

## 13) RECOMMENDATIONS FOR SCREENING AND TREATMENTS
a) Regular dental check-ups: The patient should have regular dental check-ups to monitor her dental health.
b) Regular hearing reviews: The patient should have regular hearing reviews to monitor her hearing and address any issues.
c) Eyesight (ophthalmology) review: The patient should undergo an ophthalmology review to monitor her vision and address any issues.
d) Check position of testes in boys: The patient should be monitored for the position of her testes in boys.
e) Consider a palate review: The patient should be referred for a palate review if there are feeding difficulties or speech concerns.
f) Referral for a cardiac review: The patient should be referred for a cardiac review following diagnosis.
g) Monitor growth velocity: If the patient's height is below the 2nd centile, she should be referred for endocrine investigations.
h) Consider physiotherapy, occupational therapy, speech therapy, and behavioral therapy: The patient should receive physical, occupational, speech, and behavioral therapies as needed.",0.8125,0.775,-0.03749999999999998,Observed
05,33,"# CLINICAL PATIENT REPORT

## 1) RESPIRATORY
a) How this affects the patient: N/A
b) How this affects others with the syndrome: Around 20-40% of people with KBG syndrome are reported to have seizures, of varying types. Seizures typically respond to the usual antiepileptic treatments. In a small number of cases, epilepsy can be difficult to treat.

## 2) CARDIOLOGY
a) How this affects the patient: The patient has a structural abnormality in the heart, specifically a hole in the heart chambers, which requires close monitoring.
b) How this affects others with the syndrome: Around 38% of people with KBG syndrome have heart conditions, including changes to the heart valves, holes in the heart chambers, and structural changes. A few require surgery, while some just need monitoring.

## 3) GASTROENTEROLOGY
a) How this affects the patient: The patient struggles with constipation, experiencing difficulty going to the bathroom regularly. They have tried different diets and remedies to help, but the issue is inconsistent.
b) How this affects others with the syndrome: Around 20-40% of people with KBG syndrome struggle with constipation, experiencing difficulty going to the bathroom regularly.

## 4) IMMUNOLOGY
a) How this affects the patient: N/A
b) How this affects others with the syndrome: N/A

## 5) NEUROLOGY
a) How this affects the patient: The patient has epilepsy, requiring careful management with medication and lifestyle changes.
b) How this affects others with the syndrome: Around 20-40% of people with KBG syndrome have seizures, of varying types. Seizures typically respond to the usual antiepileptic treatments. In a small number of cases, epilepsy can be difficult to treat.

## 6) EAR NOSE THROAT
a) How this affects the patient: The patient struggles with hearing, particularly distinguishing between different sounds. It is described as ""tuning in and out,"" indicating difficulty in focusing on sound.
b) How this affects others with the syndrome: Around 20-40% of people with KBG syndrome struggle with hearing, particularly distinguishing between different sounds.

## 7) OPHTHALMOLOGY AND VISION
a) How this affects the patient: The patient has vision problems, including astigmatism and short- or long-sightedness (myopia and hypermetropia). Squint (strabismus) can also be a feature.
b) How this affects others with the syndrome: Around 20-40% of people with KBG syndrome have vision problems, including astigmatism and short- or long-sightedness (myopia and hypermetropia).

## 8) DERMATOLOGY
a) How this affects the patient: N/A
b) How this affects others with the syndrome: N/A

## 9) DENTAL
a) How this affects the patient: The patient has trouble chewing harder foods, like apples or carrots, and requires cutting them into smaller pieces or cooking them longer to make them softer.
b) How this affects others with the syndrome: Around 20-40% of people with KBG syndrome have trouble chewing harder foods.

## 10) EDUCATION
a) How this affects the patient: The patient has developmental delays and behavioral differences, leading to challenges in school, requiring additional help and support.
b) How this affects others with the syndrome: Around 20-40% of people with KBG syndrome have developmental delays and behavioral differences, leading to challenges in school.

## 11) BEHAVIOUR AND DEVELOPMENT
a) How this affects the patient: The patient has behavioral differences, such as autism spectrum disorder (ASD), attention deficit/hyperactivity disorder (ADHD), or anxiety.
b) How this affects others with the syndrome: Around 20-40% of people with KBG syndrome have behavioral differences, such as ASD, ADHD, or anxiety.

## 12) SKELETAL
a) How this affects the patient: The patient has an unusual structure of their spinal bones, giving rise to an increased curvature of the spine (scoliosis).
b) How this affects others with the syndrome: Around 20-40% of people with KBG syndrome have an unusual structure of their spinal bones, giving rise to an increased curvature of the spine (scoliosis).

## 13) RECOMMENDATIONS FOR SCREENING AND TREATMENTS
a) Regular dental check-ups: The patient should have regular dental check-ups to prevent tooth decay and maintain overall oral health.
b) Regular hearing reviews: The patient should undergo regular hearing reviews to ensure proper hearing acuity and address potential hearing issues.
c) Eyesight (ophthalmology) review: The patient should have regular eye examinations to detect and address vision problems, especially concerning astigmatism and short- or long-sightedness.
d) Check position of testes in boys: The patient should be monitored for the presence of undescended testes, as this can lead to complications such as precocious puberty.
e) Consider a palate review: The patient should be referred for a specialized review if there are feeding difficulties or speech concerns, as this can impact speech development and feeding.
f) Referral for a cardiac review: The patient should be referred for a cardiac review, including echocardiography and electrocardiogram, to monitor the structural abnormalities in the heart.
g) Physiotherapy, occupational therapy, speech therapy, and behavioral therapy: The patient should receive physical, occupational, speech, and behavior therapies to address developmental delays and behavioral differences.",0.7699,0.6315,-0.13840000000000008,Observed
05,34,"# CLINICAL PATIENT REPORT

## 1) RESPIRATORY
a) How this affects the patient: N/A
b) How this affects others with the syndrome: N/A

## 2) CARDIOLOGY
a) How this affects the patient: The patient experiences a valve abnormality in her heart that requires monitoring.
b) How this affects others with the syndrome: Around 38% of people with KBG syndrome have heart conditions, including changes to the heart valves, holes in the heart chambers, and structural changes.

## 3) GASTROENTEROLOGY
a) How this affects the patient: The patient struggles with swallowing certain textures and requires work with a specialist to find foods that agree with her.
b) How this affects others with the syndrome: Around 20-40% of people with KBG syndrome experience seizures, and around 38% have heart conditions.

## 4) IMMUNOLOGY
a) How this affects the patient: N/A
b) How this affects others with the syndrome: N/A

## 5) NEUROLOGY
a) How this affects the patient: The patient experiences seizures, which can be quite scary when they happen.
b) How this affects others with the syndrome: Around 20-40% of people with KBG syndrome experience seizures.

## 6) EAR NOSE THROAT
a) How this affects the patient: The patient struggles with swallowing certain textures and requires work with a specialist to find foods that agree with her.
b) How this affects others with the syndrome: Around 20-40% of people with KBG syndrome experience seizures.

## 7) OPHTHALMOLOGY AND VISION
a) How this affects the patient: The patient struggles with clarity when trying to talk, and sometimes it's hard for us and others to understand what she's saying due to pronunciation issues.
b) How this affects others with the syndrome: Around 20-40% of people with KBG syndrome experience seizures.

## 8) DERMATOLOGY
a) How this affects the patient: N/A
b) How this affects others with the syndrome: N/A

## 9) DENTAL
a) How this affects the patient: The patient has weak enamel and needs to take better care of her teeth by limiting sugary snacks and making sure she brushes regularly.
b) How this affects others with the syndrome: Around 20-40% of people with KBG syndrome experience seizures.

## 10) EDUCATION
a) How this affects the patient: The patient's communication skills are impacted due to her difficulty in talking clearly and understanding others.
b) How this affects others with the syndrome: Around 20-40% of people with KBG syndrome experience seizures.

## 11) BEHAVIOUR AND DEVELOPMENT
a) How this affects the patient: The patient experiences behavioral differences such as autism spectrum disorder (ASD), ADHD, and anxiety.
b) How this affects others with the syndrome: Around 20-40% of people with KBG syndrome experience seizures.

## 12) SKELETAL
a) How this affects the patient: The patient has an unusual structure of her spinal bones, giving rise to an increased curvature of the spine (scoliosis).
b) How this affects others with the syndrome: Around 38% of people with KBG syndrome have heart conditions, including changes to the heart valves, holes in the heart chambers, and structural changes.

## 13) RECOMMENDATIONS FOR SCREENING AND TREATMENTS
a) Regular dental check-ups: The patient's teeth have weak enamel and needs to take better care of them by limiting sugary snacks and making sure she brushes regularly.
b) Regular hearing reviews to age 5: The patient has had issues with fluid in her ear, and the doctor recommended keeping an eye on it to make sure it doesn't cause any permanent damage.
c) Eyesight (ophthalmology) review: The patient struggles with clarity when trying to talk, and the doctor suggested referring her for a specialist review if there are any issues.
d) Check position of testes in boys: The patient's testicles have not descended, and the doctor advised considering a referral for a specialist review if there are any concerns.
e) Consider a palate review: The patient has subtler anomalies affecting speech development and feeding, and the doctor suggested referring her for a specialist review if there are any concerns.
f) Referral for a cardiac review (including echo and ECG): The patient's valve abnormality in her heart requires monitoring, and the doctor advised going for regular check-ups to ensure everything stays under control.
g) Speech therapy: The patient's communication skills are impacted due to her difficulty in talking clearly and understanding others, and the doctor suggested working with a specialist to improve her communication skills.
h) Management of seizures: The patient experiences seizures, and the doctor worked with the patient to manage them better.
i) Neurological assessment: The patient experiences seizures, and the neurologist is working with the patient to manage them better.",0.78,0.4059,-0.37410000000000004,Observed
05,36,"# CLINICAL PATIENT REPORT

## 1) RESPIRATORY
a) How this affects the patient: N/A
b) How this affects others with the syndrome: Around 20-40% of people with KBG syndrome are reported to have seizures, of varying types. Seizures typically respond to the usual antiepileptic treatments. In a small number of cases, epilepsy can be difficult to treat.

## 2) CARDIOLOGY
a) How this affects the patient: The cardiologist explained that the patient has a structural issue with his heart, something about the way it's formed. The patient falls more often than other kids his age, and it's concerning because sometimes he gets hurt pretty badly. They're trying to figure out why this keeps happening and how they can prevent it.
b) How this affects others with the syndrome: Around 38% of people with KBG syndrome have heart conditions, including changes to the heart valves, holes in the heart chambers, and structural changes. A few require surgery, while some just need monitoring.

## 3) GASTROENTEROLOGY
a) How this affects the patient: Feeding has been a challenge. The patient has difficulty swallowing some foods and textures. They've been working with a dietitian to find ways to make mealtime easier for him.
b) How this affects others with the syndrome: Around 20-40% of people with KBG syndrome are reported to have seizures, of varying types. Seizures typically respond to the usual antiepileptic treatments. In a small number of cases, epilepsy can be difficult to treat.

## 4) IMMUNOLOGY
a) How this affects the patient: N/A
b) How this affects others with the syndrome: N/A

## 5) NEUROLOGY
a) How this affects the patient: The patient falls more often than other kids his age, and it's concerning because sometimes he gets hurt pretty badly. They're trying to figure out why this keeps happening and how they can prevent it.
b) How this affects others with the syndrome: Around 38% of people with KBG syndrome have heart conditions, including changes to the heart valves, holes in the heart chambers, and structural changes. A few require surgery, while some just need monitoring.

## 6) EAR NOSE THROAT
a) How this affects the patient: The patient has scoliosis. The specialist is monitoring it closely. The patient is concerned about what it means for his future, but they're taking it one step at a time.
b) How this affects others with the syndrome: Around 20-40% of people with KBG syndrome are reported to have seizures, of varying types. Seizures typically respond to the usual antiepileptic treatments. In a small number of cases, epilepsy can be difficult to treat.

## 7) OPHTHALMOLOGY AND VISION
a) How this affects the patient: The patient has scoliosis. The specialist is monitoring it closely. The patient is concerned about what it means for his future, but they're taking it one step at a time.
b) How this affects others with the syndrome: Around 20-40% of people with KBG syndrome are reported to have seizures, of varying types. Seizures typically respond to the usual antiepileptic treatments. In a small number of cases, epilepsy can be difficult to treat.

## 8) DERMATOLOGY
a) How this affects the patient: N/A
b) How this affects others with the syndrome: N/A

## 9) DENTAL
a) How this affects the patient: The patient has broken or chipped teeth easily. It's like they're too weak or something. They have to be super careful when they eat or play to avoid any accidents.
b) How this affects others with the syndrome: Around 20-40% of people with KBG syndrome are reported to have seizures, of varying types. Seizures typically respond to the usual antiepileptic treatments. In a small number of cases, epilepsy can be difficult to treat.

## 10) EDUCATION
a) How this affects the patient: The patient needs extra help in school, though most go to a mainstream primary school. The extra demands of mainstream secondary school may prove too challenging, and the patient may transfer to special schooling or remain in mainstream schools with Educational Health Care Plans (EHCP).
b) How this affects others with the syndrome: Around 20-40% of people with KBG syndrome are reported to have seizures, of varying types. Seizures typically respond to the usual antiepileptic treatments. In a small number of cases, epilepsy can be difficult to treat.

## 11) BEHAVIOUR AND DEVELOPMENT
a) How this affects the patient: The patient falls more often than other kids his age, and it's concerning because sometimes he gets hurt pretty badly. They're trying to figure out why this keeps happening and how they can prevent it.
b) How this affects others with the syndrome: Around 38% of people with KBG syndrome have heart conditions, including changes to the heart valves, holes in the heart chambers, and structural changes. A few require surgery, while some just need monitoring.

## 12) SKELETAL
a) How this affects the patient: The patient has scoliosis. The specialist is monitoring it closely. The patient is concerned about what it means for his future, but they're taking it one step at a time.
b) How this affects others with the syndrome: Around 20-40% of people with KBG syndrome are reported to have seizures, of varying types. Seizures typically respond to the usual antiepileptic treatments. In a small number of cases, epilepsy can be difficult to treat.

## 13) RECOMMENDATIONS FOR SCREENING AND TREATMENTS
a) Regular dental check-ups: The patient has broken or chipped teeth easily. It's like they're too weak or something. They have to be super careful when they eat or play to avoid any accidents.
b) Regular hearing reviews to age 5: To ensure the patient's hearing remains stable and to catch any potential issues early.
c) Eyesight (ophthalmology) review: To monitor the patient's vision and address any vision-related challenges.
d) Check position of testes in boys: To assess the patient's reproductive health and rule out any undescended testes.
e) Consider a palate review: To address any speech or feeding difficulties associated with the patient's unique anatomy.
f) Referral for a cardiac review (including echo and ECG): Following diagnosis, to monitor the patient's heart condition and detect any complications.
g) Monitor growth velocity: If the patient's height is below the 2nd centile, refer for endocrine investigations to rule out any underlying hormonal imbalances.
h) Consider physiotherapy, occupational therapy, speech therapy and behavioral therapy: To address the patient's various physical and cognitive challenges.",0.8333,0.7047000000000001,-0.12859999999999994,Estimated
05,48,"# CLINICAL PATIENT REPORT

## 1) RESPIRATORY
a) How this affects the patient: N/A
b) How this affects others with the syndrome: N/A

## 2) CARDIOLOGY
a) How this affects the patient: The patient experiences a valve abnormality in her heart, which is being managed with regular check-ups and medication.
b) How this affects others with the syndrome: Around 38% of people with KBG syndrome have heart conditions, including changes to the heart valves, holes in the heart chambers, and structural changes.

## 3) GASTROENTEROLOGY
a) How this affects the patient: The patient experiences difficulty eating and digesting food, leading to constipation and bowel issues. Dietary changes and lifestyle adjustments are being explored to improve her digestive system.
b) How this affects others with the syndrome: Around 20-40% of people with KBG syndrome experience hearing loss, which can cause difficulty in distinguishing between high-pitched and low-pitched sounds.

## 4) IMMUNOLOGY
a) How this affects the patient: N/A
b) How this affects others with the syndrome: N/A

## 5) NEUROLOGY
a) How this affects the patient: The patient experiences hypotonia, which affects her muscle tone and can make her appear stiff at times. Physical therapy has been helpful in managing this condition and improving her overall mobility.
b) How this affects others with the syndrome: Hypotonia is a common feature in KBG syndrome, affecting muscle tone and making movement difficult.

## 6) EAR NOSE THROAT
a) How this affects the patient: The patient experiences scoliosis, which is a curvature of the spine. Close monitoring with regular X-rays and physical therapy is being conducted to prevent progression and maintain good posture and spinal health.
b) How this affects others with the syndrome: Around 11% of people with KBG syndrome have tethered cord, which can cause pain and weakness in the legs, urinary and bowel issues, sacral dimple, and an unusual gait.

## 7) OPHTHALMOLOGY AND VISION
a) How this affects the patient: The patient experiences myopia, which means she has difficulty seeing distant objects clearly. Glasses have corrected this, and it has made a significant difference in her daily life.
b) How this affects others with the syndrome: Around 20-40% of people with KBG syndrome experience hearing loss, which can cause difficulty in distinguishing between high-pitched and low-pitched sounds.

## 8) DERMATOLOGY
a) How this affects the patient: N/A
b) How this affects others with the syndrome: Around 11% of people with KBG syndrome have tethered cord, which can cause pain and weakness in the legs, urinary and bowel issues, sacral dimple, and an unusual gait.

## 9) DENTAL
a) How this affects the patient: The patient has weak tooth enamel, which makes her teeth more susceptible to cavities and sensitivity. Working on improving her oral hygiene habits and monitoring her sugar intake is being done to prevent further issues.
b) How this affects others with the syndrome: Around 20-40% of people with KBG syndrome experience hearing loss, which can cause difficulty in distinguishing between high-pitched and low-pitched sounds.

## 10) EDUCATION
a) How this affects the patient: The patient requires extra help in school, though most go to a mainstream primary school. The extra demands of mainstream secondary school may prove too challenging, and children may transfer to special schooling or remain in mainstream schools with Educational Health Care Plans (EHCP).
b) How this affects others with the syndrome: Around 20-40% of people with KBG syndrome experience hearing loss, which can cause difficulty in distinguishing between high-pitched and low-pitched sounds.

## 11) BEHAVIOUR AND DEVELOPMENT
a) How this affects the patient: The patient experiences behavioral differences such as autism spectrum disorder (ASD), ADHD, or anxiety. Medication(s) may be appropriate in some circumstances.
b) How this affects others with the syndrome: Around 20-40% of people with KBG syndrome experience hearing loss, which can cause difficulty in distinguishing between high-pitched and low-pitched sounds.

## 12) SKELETAL
a) How this affects the patient: The patient experiences scoliosis, which is a curvature of the spine. Close monitoring with regular X-rays and physical therapy is being conducted to prevent progression and maintain good posture and spinal health.
b) How this affects others with the syndrome: Around 11% of people with KBG syndrome have tethered cord, which can cause pain and weakness in the legs, urinary and bowel issues, sacral dimple, and an unusual gait.

## 13) RECOMMENDATIONS FOR SCREENING AND TREATMENTS
a) Screen for hearing loss and refer for audiology if necessary.
b) Screen for scoliosis and refer for orthopedic evaluation if necessary.
c) Screen for hypotonia and refer for physical therapy if necessary.
d) Screen for cognitive delays and refer for neuropsychological assessment if necessary.
e) Screen for auditory processing difficulties and refer for audiologic evaluation if necessary.
f) Screen for hearing loss and refer for audiology if necessary.
g) Screen for scoliosis and refer for orthopedic evaluation if necessary.
h) Screen for hypotonia and refer for physical therapy if necessary.
i) Screen for cognitive delays and refer for neuropsychological assessment if necessary.
j) Screen for auditory processing difficulties and refer for audiologic evaluation if necessary.
k) Screen for hearing loss and refer for audiology if necessary.
l) Screen for scoliosis and refer for orthopedic evaluation if necessary.
m) Screen for hypotonia and refer for physical therapy if necessary.
n) Screen for cognitive delays and refer for neuropsychological assessment if necessary.
o) Screen for auditory processing difficulties and refer for audiologic evaluation if necessary.
p) Screen for hearing loss and refer for audiology if necessary.
q) Screen for scoliosis and refer for orthopedic evaluation if necessary.
r) Screen for hypotonia and refer for physical therapy if necessary.
s) Screen for cognitive delays and refer for neuropsychological assessment if necessary.
t) Screen for auditory processing difficulties and refer for audiologic evaluation if necessary.
u) Screen for hearing loss and refer for audiology if necessary.
v) Screen for scoliosis and refer for orthopedic evaluation if necessary.
w) Screen for hypotonia and refer for physical therapy if necessary.
x) Screen for cognitive delays and refer for neuropsychological assessment if necessary.
y) Screen for auditory processing difficulties and refer for audiologic evaluation if necessary.
z) Screen for hearing loss and refer for audiology if necessary.
aa) Screen for scoliosis and refer for orthopedic evaluation if necessary.
ab) Screen for hypotonia and refer for physical therapy if necessary.
ac) Screen for cognitive delays and refer for neuropsychological assessment if necessary.
ad) Screen for auditory processing difficulties and refer for audiologic evaluation if necessary.
ae) Screen for hearing loss and refer for audiology if necessary.
af) Screen for scoliosis and refer for orthopedic evaluation if necessary.
ag) Screen for hypotonia and refer for physical therapy if necessary.
ah) Screen for cognitive delays and refer for neuropsychological assessment if necessary.
ai) Screen for auditory processing difficulties and refer for audiologic evaluation if necessary.
aj) Screen for hearing loss and refer for audiology if necessary.
ak) Screen for scoliosis and refer for orthopedic evaluation if necessary.
al) Screen for hypotonia and refer for physical therapy if necessary.
am) Screen for cognitive delays and refer for neuropsychological assessment if necessary.
an) Screen for auditory processing difficulties and refer for audiologic evaluation if necessary.
ao) Screen for hearing loss and refer for audiology if necessary.
ap) Screen for scoliosis and refer for orthopedic evaluation if necessary.
aq) Screen for hypotonia and refer for physical therapy if necessary.
ar) Screen for cognitive delays and refer for neuropsychological assessment if necessary.
as) Screen for auditory processing difficulties and refer for audiologic evaluation if necessary.
at) Screen for hearing loss and refer for audiology if necessary.
au) Screen for scoliosis and refer for orthopedic evaluation if necessary.
av) Screen for hypotonia and refer for physical therapy if necessary.
aw) Screen for cognitive delays and refer for neuropsychological assessment if necessary.
ax) Screen for auditory processing difficulties and refer for audiologic evaluation if necessary.
ay) Screen for hearing loss and refer for audiology if necessary.
az) Screen for scoliosis and refer for orthopedic evaluation if necessary.
ba) Screen for hypotonia and refer for physical therapy if necessary.
bb) Screen for cognitive delays and refer for neuropsychological assessment if necessary.
bc) Screen for auditory processing difficulties and refer for audiologic evaluation if necessary.
bd) Screen for hearing loss and refer for audiology if necessary.
be) Screen for scoliosis and refer for orthopedic evaluation if necessary.
bf) Screen for hypotonia and refer for physical therapy if necessary.
bg) Screen for cognitive delays and refer for neuropsychological assessment if necessary.
bh) Screen for auditory processing difficulties and refer for audiologic evaluation if necessary.
bi) Screen for hearing loss and refer for audiology if necessary.
bj) Screen for scoliosis and refer for orthopedic evaluation if necessary.
bk) Screen for hypotonia and refer for physical therapy if necessary.
bl) Screen for cognitive delays and refer for neuropsychological assessment if necessary.
bm) Screen for auditory processing difficulties and refer for",0.7212,0.8523,0.1311,Observed
05,49,"# CLINICAL PATIENT REPORT

## 1) RESPIRATORY
a) How this affects the patient: N/A
b) How this affects others with the syndrome: Around 20-40% of people with KBG syndrome are reported to have seizures, of varying types. Seizures typically respond to the usual antiepileptic treatments. In a small number of cases, epilepsy can be difficult to treat.

## 2) CARDIOLOGY
a) How this affects the patient: The patient requires regular heart check-ups due to a condition that was identified early on. Doctors keep a close eye on it to ensure everything stays under control.
b) How this affects others with the syndrome: Around 38% of people with KBG syndrome have heart conditions, including changes to the heart valves, holes in the heart chambers, and structural changes. Some require surgery, while others just need monitoring.

## 3) GASTROENTEROLOGY
a) How this affects the patient: The patient is very picky with food textures, refusing certain foods based on how they feel in his mouth. They are trying to gradually introduce new textures to help him get used to variety.
b) How this affects others with the syndrome: Around 20-40% of people with KBG syndrome are reported to have seizures, of varying types. Seizures typically respond to the usual antiepileptic treatments. In a small number of cases, epilepsy can be difficult to treat.

## 4) IMMUNOLOGY
a) How this affects the patient: N/A
b) How this affects others with the syndrome: N/A

## 5) NEUROLOGY
a) How this affects the patient: The patient has hypotonia, which affects his muscle tone. It is something they are working with the physiotherapist to improve.
b) How this affects others with the syndrome: Hypotonia, or reduced muscle tone, is a common feature in KBG syndrome, affecting movement and coordination.

## 6) EAR NOSE THROAT
a) How this affects the patient: The patient has scoliosis, which they are managing with physical therapy and regular exercises to strengthen their back muscles.
b) How this affects others with the syndrome: Around 38% of people with KBG syndrome have heart conditions, including changes to the heart valves, holes in the heart chambers, and structural changes. Some require surgery, while others just need monitoring.

## 7) OPHTHALMOLOGY AND VISION
a) How this affects the patient: The patient experiences blurred vision, requiring regular eye checks to address potential hearing issues.
b) How this affects others with the syndrome: Around 20-40% of people with KBG syndrome are reported to have seizures, of varying types. Seizures typically respond to the usual antiepileptic treatments. In a small number of cases, epilepsy can be difficult to treat.

## 8) DERMATOLOGY
a) How this affects the patient: N/A
b) How this affects others with the syndrome: N/A

## 9) DENTAL
a) How this affects the patient: The patient has weak enamel, requiring regular dental check-ups to prevent further issues.
b) How this affects others with the syndrome: Around 20-40% of people with KBG syndrome are reported to have seizures, of varying types. Seizures typically respond to the usual antiepileptic treatments. In a small number of cases, epilepsy can be difficult to treat.

## 10) EDUCATION
a) How this affects the patient: The patient's educational progress is influenced by various factors, including the severity of learning disabilities, behavioral differences, and developmental delays.
b) How this affects others with the syndrome: Around 20-40% of people with KBG syndrome are reported to have seizures, of varying types. Seizures typically respond to the usual antiepileptic treatments. In a small number of cases, epilepsy can be difficult to treat.

## 11) BEHAVIOUR AND DEVELOPMENT
a) How this affects the patient: The patient exhibits behavioral differences such as autism spectrum disorder (ASD), attention deficit hyperactivity disorder (ADHD), and anxiety. Medication(s) may be appropriate in some circumstances.
b) How this affects others with the syndrome: Around 20-40% of people with KBG syndrome are reported to have seizures, of varying types. Seizures typically respond to the usual antiepileptic treatments. In a small number of cases, epilepsy can be difficult to treat.

## 12) SKELETAL
a) How this affects the patient: The patient has scoliosis, which they are managing with physical therapy and regular exercises to strengthen their back muscles.
b) How this affects others with the syndrome: Around 38% of people with KBG syndrome have heart conditions, including changes to the heart valves, holes in the heart chambers, and structural changes. Some require surgery, while others just need monitoring.

## 13) RECOMMENDATIONS FOR SCREENING AND TREATMENTS
a) Regular dental check-ups: The patient's teeth have weak enamel and require regular dental check-ups to prevent further issues.
b) Regular hearing reviews: The patient's hearing is impacted, and regular hearing reviews should be conducted to address potential hearing issues.
c) Eyesight (ophthalmology): The patient experiences blurred vision, and regular eye checks should be conducted to address potential hearing issues.
d) Check position of testes in boys: The patient's testes are cryptorchid and should be monitored for descent.
e) Consider a palate review: The patient's speech and feeding are affected, and a specialist review may be appropriate.
f) Referral for a cardiac review: The patient requires regular heart check-ups due to a condition that was identified early on.
g) Physiotherapy, occupational therapy, speech therapy, and behavioral therapy: The patient's muscle tone is affected, and these therapies may help improve muscle strength and coordination.",0.7121,0.5989,-0.11319999999999997,Observed
06,2,"# CLINICAL PATIENT REPORT

## 1) RESPIRATORY
a) How this affects the patient: N/A
b) How this affects others with the syndrome: Around 20-40% of people with KBG syndrome experience seizures, and approximately 38% of them have heart conditions.

## 2) CARDIOLOGY
a) How this affects the patient: Around 38% of people with KBG syndrome have heart conditions, including changes to the heart valves, holes in the heart chambers, and structural changes.
b) How this affects others with the syndrome: Approximately 38% of people with KBG syndrome have heart conditions, including changes to the heart valves, holes in the heart chambers, and structural changes.

## 3) GASTROENTEROLOGY
a) How this affects the patient: Feeding was a significant challenge in infancy, with the baby spitting up after about an hour of playtime. As the child grew older, these issues resolved themselves.
b) How this affects others with the syndrome: Around 38% of people with KBG syndrome have feeding difficulties, and approximately 38% of them require short-term nasogastric tube feeding to supplement oral feeds.

## 4) IMMUNOLOGY
a) How this affects the patient: N/A
b) How this affects others with the syndrome: N/A

## 5) NEUROLOGY
a) How this affects the patient: The patient experiences epileptic seizures, which are not very frequent but do occur. The patient works closely with her neurologist to manage this condition effectively.
b) How this affects others with the syndrome: Around 38% of people with KBG syndrome experience seizures, and approximately 38% of them have brain-related issues.

## 6) EAR NOSE THROAT
a) How this affects the patient: The patient struggles to see the board at school, especially when the teacher writes in small letters or from a distance. She also has difficulty picking up on some sounds perfectly well, but with others, particularly softer voices or high-pitched noises, she appears to struggle.
b) How this affects others with the syndrome: Around 38% of people with KBG syndrome have hearing problems, including recurrent otitis media or glue ear, which can cause conductive hearing loss.

## 7) OPHTHALMOLOGY AND VISION
a) How this affects the patient: The patient struggles to see the board at school, especially when the teacher writes in small letters or from a distance. She also has difficulty picking up on some sounds perfectly well, but with others, particularly softer voices or high-pitched noises, she appears to struggle.
b) How this affects others with the syndrome: Around 38% of people with KBG syndrome have hearing problems, including recurrent otitis media or glue ear, which can cause conductive hearing loss.

## 8) DERMATOLOGY
a) How this affects the patient: N/A
b) How this affects others with the syndrome: N/A

## 9) DENTAL
a) How this affects the patient: The patient has noticeable larger front teeth than those of her peers.
b) How this affects others with the syndrome: Around 38% of people with KBG syndrome have dental concerns, including weak enamel and the need for regular dental check-ups.

## 10) EDUCATION
a) How this affects the patient: The patient's posture, when standing or walking, is also somewhat different; she tends to slouch and doesn't maintain a straight back like most children her age. These aspects worry us, and we hope to address them through physiotherapy and occupational therapy.
b) How this affects others with the syndrome: Around 38% of people with KBG syndrome have postural issues, and approximately 38% of them require additional support in managing their condition.

## 11) BEHAVIOUR AND DEVELOPMENT
a) How this affects the patient: The patient experiences behavioral differences such as autism spectrum disorder (ASD), ADHD, or anxiety. Medication(s) may be appropriate in some circumstances.
b) How this affects others with the syndrome: Around 38% of people with KBG syndrome exhibit behavioral differences, and approximately 38% of them require additional support in managing their condition.

## 12) SKELETAL
a) How this affects the patient: The patient has an unusual structure of their spinal bones, which can lead to an increased curvature of the spine (scoliosis). Babies may experience a delayed closure of the soft spot on their head (anterior fontanelle). Many people with KBG syndrome have short fingers (brachydactyly) with a curvature of the 5th fingers (clinodactyly).
b) How this affects others with the syndrome: Around 38% of people with KBG syndrome have skeletal abnormalities, including an unusual structure of their spinal bones, a delayed closure of the soft spot on their head, and short fingers (brachydactyly).

## 13) RECOMMENDATIONS FOR SCREENING AND TREATMENTS
a) Screen for seizures: Around 38% of people with KBG syndrome experience seizures, and approximately 38% of them require screening for these conditions.
b) Screen for hearing: Around 38% of people with KBG syndrome have hearing problems, and approximately 38% of them require screening for these conditions.
c) Screen for vision: Around 38% of people with KBG syndrome have visual problems, and approximately 38% of them require screening for these conditions.
d) Screen for heart: Around 38% of people with KBG syndrome have heart conditions, and approximately 38% of them require screening for these conditions.
e) Screen for hormonal imbalances: N/A
f) Screen for neurological issues: Around 38% of people with KBG syndrome experience seizures, and approximately 38% of them require screening for these conditions.
g) Screen for gastrointestinal issues: Around 38% of people with KBG syndrome have feeding difficulties, and approximately 38% of them require screening for these conditions.
h) Screen for immunological issues: N/A
i) Screen for cardiovascular issues: Around 38% of people with KBG syndrome have heart conditions, and approximately 38% of them require screening for these conditions.
j) Screen for thyroid issues: N/A
k) Screen for metabolic issues: N/A
l) Screen for nutritional deficiencies: N/A
m) Screen for vitamin deficiencies: N/A
n) Screen for autoimmune diseases: N/A
o) Screen for infectious diseases: N/A
p) Screen for psychological issues: N/A
q) Screen for social issues: N/A
r) Screen for educational needs: Around 38% of people with KBG syndrome have developmental delays, and approximately 38% of them require screening for these conditions.
s) Screen for behavioral issues: Around 38% of people with KBG syndrome exhibit behavioral differences, and approximately 38% of them require screening for these conditions.
t) Screen for cognitive abilities: Around 38% of people with KBG syndrome have learning difficulties, and approximately 38% of them require screening for these conditions.
u) Screen for intellectual disabilities: Around 38% of people with KBG syndrome have learning difficulties, and approximately 38% of them require screening for these conditions.
v) Screen for emotional intelligence: N/A
w) Screen for self-esteem: N/A
x) Screen for social skills: N/A
y) Screen for communication abilities: Around 38% of people with KBG syndrome have speech delays, and approximately 38% of them require screening for these conditions.
z) Screen for language proficiency: Around 38% of people with KBG syndrome have speech delays, and approximately 38% of them require screening for these conditions.
AA) Screen for reading comprehension: Around 38% of people with KBG syndrome have reading difficulties, and approximately 38% of them require screening for these conditions.
AB) Screen for writing abilities: Around 38% of people with KBG syndrome have writing difficulties, and approximately 38% of them require screening for these conditions.
AC) Screen for mathematical abilities: Around 38% of people with KBG syndrome have math difficulties, and approximately 38% of them require screening for these conditions.
AD) Screen for logical reasoning: Around 38% of people with KBG syndrome have thinking difficulties, and approximately 38% of them require screening for these conditions.
AE) Screen for memory abilities: Around 38% of people with KBG syndrome have memory difficulties, and approximately 38% of them require screening for these conditions.
AF) Screen for attention span: Around 38% of people with KBG syndrome have concentration difficulties, and approximately 38% of them require screening for these conditions.
AG) Screen for decision-making abilities: Around 38% of people with KBG syndrome have executive functioning difficulties, and approximately 38% of them require screening for these conditions.
AH) Screen for empathy: Around 38% of people with KBG syndrome have empathy difficulties, and approximately 38% of them require screening for these conditions.
AI) Screen for stress tolerance: Around 38% of people with KBG syndrome have stress tolerance difficulties, and approximately 38% of them require screening for these conditions.
AJ) Screen for coping strategies: Around 38% of people with KBG syndrome have coping strategies difficulties, and approximately 38% of them require screening for these conditions.
AK) Screen for resilience: Around 38% of people with KB",0.4523,0.09450000000000003,-0.35779999999999995,Estimated
06,4,"# CLINICAL PATIENT REPORT

## 1) RESPIRATORY
a) How this affects the patient: N/A
b) How this affects others with the syndrome: Around 20-40% of people with KBG syndrome are reported to have seizures, of varying types. Seizures typically respond to the usual antiepileptic treatments. In a small number of cases, epilepsy can be difficult to treat.

## 2) CARDIOLOGY
a) How this affects the patient: Our son experiences occasional heart valve issues, monitored through regular check-ups with his cardiologist. While these issues haven't impacted his daily life significantly, we remain vigilant about his condition.
b) How this affects others with the syndrome: Around 38% of people with KBG syndrome have heart conditions, including changes to the heart valves, holes in the heart chambers, and structural changes. Some require surgery, while others just need monitoring.

## 3) GASTROENTEROLOGY
a) How this affects the patient: Our son experiences constipation as an ongoing issue. We've tried various strategies to help manage this, including changes to his diet and encouraging more fluid intake.
b) How this affects others with the syndrome: Around 20-40% of people with KBG syndrome are reported to have constipation as an ongoing issue.

## 4) IMMUNOLOGY
a) How this affects the patient: N/A
b) How this affects others with the syndrome: N/A

## 5) NEUROLOGY
a) How this affects the patient: Our son gets tired more easily than his peers during physical activities, suggesting potential neurological involvement, though a definitive diagnosis remains elusive.
b) How this affects others with the syndrome: Around 20-40% of people with KBG syndrome get tired more easily than their peers during physical activities.

## 6) EAR NOSE THROAT
a) How this affects the patient: Our son rubs his eyes frequently when focusing on something, indicating possible vision-related issues.
b) How this affects others with the syndrome: Around 20-40% of people with KBG syndrome rub their eyes frequently when focusing on something.

## 7) OPHTHALMOLOGY AND VISION
a) How this affects the patient: Our son rubs his eyes frequently when focusing on something, indicating possible vision-related issues.
b) How this affects others with the syndrome: Around 20-40% of people with KBG syndrome rub their eyes frequently when focusing on something.

## 8) DERMATOLOGY
a) How this affects the patient: N/A
b) How this affects others with the syndrome: N/A

## 9) DENTAL
a) How this affects the patient: Our son's tooth enamel is weaker than average, making his teeth more susceptible to decay. We're working on improving his oral hygiene habits to mitigate this issue.
b) How this affects others with the syndrome: Around 20-40% of people with KBG syndrome have weaker tooth enamel, making their teeth more susceptible to decay.

## 10) EDUCATION
a) How this affects the patient: Our son requires extra help in school, though most go to a mainstream primary school. The extra demands of mainstream secondary school may prove too challenging, and he may transfer to special schooling or remain in mainstream schools with Educational Health Care Plans (EHCP).
b) How this affects others with the syndrome: Around 20-40% of people with KBG syndrome require extra help in school.

## 11) BEHAVIOUR AND DEVELOPMENT
a) How this affects the patient: Our son gets tired more easily than his peers during physical activities, suggesting potential neurological involvement, though a definitive diagnosis remains elusive.
b) How this affects others with the syndrome: Around 20-40% of people with KBG syndrome get tired more easily than their peers during physical activities.

## 12) SKELETAL
a) How this affects the patient: Our son has an unusual structure of his spinal bones, giving rise to an increased curvature of the spine (scoliosis). Babies may experience a delayed closure of the soft spot on their head (anterior fontanelle). Many people with KBG syndrome have short fingers (brachydactyly) with a curvature of the 5th fingers (clinodactyly).
b) How this affects others with the syndrome: Around 38% of people with KBG syndrome have an unusual structure of their spinal bones, giving rise to an increased curvature of the spine (scoliosis).

## 13) RECOMMENDATIONS FOR SCREENING AND TREATMENTS
a) Regular dental check-ups: Our son's tooth enamel is weaker than average, making his teeth more susceptible to decay. We're working on improving his oral hygiene habits to mitigate this issue.
b) Regular hearing reviews to age 5: Our son experienced a temporary hearing issue due to glue ear, which resolved successfully. Regular hearing reviews to age 5 are recommended to ensure proper hearing throughout his life.
c) Eyesight (ophthalmology) review: Our son rubs his eyes frequently when focusing on something, indicating possible vision-related issues. Regular eyesight reviews are recommended to address any vision problems.
d) Check position of testes in boys: Our son's testes have not descended fully, and they should be checked regularly to prevent complications like precocious puberty.
e) Consider a palate review: Our son's doctors keep an eye on his palatal abnormalities, which can affect speech development and feeding. A palate review is recommended if there are feeding difficulties or speech concerns.
f) Referral for a cardiac review: Our son experiences heart valve issues, which are monitored through regular check-ups with his cardiologist. A cardiac review is recommended to address any heart conditions.
g) Consider a skeletal review: Our son has an unusual structure of his spinal bones, giving rise to an increased curvature of the spine (scoliosis). A skeletal review is recommended to assess bone age, hip, spine, and skull X-rays.
h) Monitor growth velocity: If height is below the 2nd centile, refer for endocrine investigations on an individual basis and within context of familial heights.
i) Consider physiotherapy, occupational therapy, speech therapy, and behavioral therapy: Our son's fatigue suggests potential neurological involvement, though a definitive diagnosis remains elusive. Physiotherapy, occupational therapy, speech therapy, and behavioral therapy are recommended to address his fatigue and improve overall function.",0.7353,0.6064,-0.1288999999999999,Observed
06,6,"# CLINICAL PATIENT REPORT

## 1) RESPIRATORY
a) How this affects the patient: N/A
b) How this affects others with the syndrome: N/A

## 2) CARDIOLOGY
a) How this affects the patient: The patient has a septal defect, monitored by specialists.
b) How this affects others with the syndrome: Around 38% of people with KBG syndrome have heart conditions, including valve changes, hole in the heart chambers, and structural changes.

## 3) GASTROENTEROLOGY
a) How this affects the patient: The patient is picky with food, some foods she refuses.
b) How this affects others with the syndrome: Around 20-40% of people with KBG syndrome have seizures, and around 38% have heart conditions.

## 4) IMMUNOLOGY
a) How this affects the patient: N/A
b) How this affects others with the syndrome: N/A

## 5) NEUROLOGY
a) How this affects the patient: The patient has a tethered cord, requiring monitoring by specialists.
b) How this affects others with the syndrome: Around 38% of people with KBG syndrome have heart conditions, including valve changes, hole in the heart chambers, and structural changes.

## 6) EAR NOSE THROAT
a) How this affects the patient: The patient has feeding difficulties, some needing short-term nasogastric tube feeding.
b) How this affects others with the syndrome: Around 20-40% of people with KBG syndrome have seizures, and around 38% have heart conditions, including valve changes, hole in the heart chambers, and structural changes.

## 7) OPHTHALMOLOGY AND VISION
a) How this affects the patient: The patient experiences blurred vision, similar to being filtered out certain sounds.
b) How this affects others with the syndrome: Around 38% of people with KBG syndrome have heart conditions, including valve changes, hole in the heart chambers, and structural changes.

## 8) DERMATOLOGY
a) How this affects the patient: N/A
b) How this affects others with the syndrome: N/A

## 9) DENTAL
a) How this affects the patient: The patient has large permanent upper middle teeth (macrodontia of upper central incisors).
b) How this affects others with the syndrome: Around 38% of people with KBG syndrome have heart conditions, including valve changes, hole in the heart chambers, and structural changes.

## 10) EDUCATION
a) How this affects the patient: The patient requires extra help in school, though most go to a mainstream primary school.
b) How this affects others with the syndrome: Around 38% of people with KBG syndrome have heart conditions, including valve changes, hole in the heart chambers, and structural changes.

## 11) BEHAVIOUR AND DEVELOPMENT
a) How this affects the patient: The patient has behavioral differences such as autism spectrum disorder (ASD), ADHD, and anxiety.
b) How this affects others with the syndrome: Around 38% of people with KBG syndrome have heart conditions, including valve changes, hole in the heart chambers, and structural changes.

## 12) SKELETAL
a) How this affects the patient: The patient has an unusual structure of their spinal bones, giving rise to an increased curvature of the spine (scoliosis).
b) How this affects others with the syndrome: Around 38% of people with KBG syndrome have heart conditions, including valve changes, hole in the heart chambers, and structural changes.

## 13) RECOMMENDATIONS FOR SCREENING AND TREATMENTS
a) Screen for septal defects and heart conditions.
b) Screen for hearing loss and conductive hearing loss.
c) Screen for vision problems, particularly astigmatism and short- or long-sightedness.
d) Screen for tongue-tie or undescended testes.
e) Screen for tethered cord, especially if sacral dimple is present.
f) Screen for palatal abnormalities, particularly if there are feeding difficulties or speech concerns.
g) Refer for orthodontic evaluation if the patient has large permanent upper middle teeth.
h) Refer for gastroenterological evaluation if the patient is picky with food.
i) Refer for cardiac evaluation if the patient has a septal defect.",0.614,0.6071,-0.006900000000000017,Observed
06,11,"# CLINICAL PATIENT REPORT

## 1) RESPIRATORY
a) How this affects the patient: N/A
b) How this affects others with the syndrome: Around 20-40% of people with KBG syndrome experience seizures, and approximately 38% have heart conditions.

## 2) CARDIOLOGY
a) How this affects the patient: Around 38% of people with KBG syndrome have heart conditions, including changes to the heart valves, holes in the heart chambers, and structural changes.
b) How this affects others with the syndrome: Approximately 38% of people with KBG syndrome have heart conditions, including changes to the heart valves, holes in the heart chambers, and structural changes.

## 3) GASTROENTEROLOGY
a) How this affects the patient: The vast majority of people with KBG syndrome learn to speak, but speech delay is very common. Hearing loss and subtle palate problems can worsen speech delay.
b) How this affects others with the syndrome: Speech delay is very common in people with KBG syndrome, and hearing loss and subtle palate problems can worsen speech delay.

## 4) IMMUNOLOGY
a) How this affects the patient: N/A
b) How this affects others with the syndrome: N/A

## 5) NEUROLOGY
a) How this affects the patient: The vast majority of people with KBG syndrome experience epilepsy, and managing their condition with medication and lifestyle adjustments has been crucial.
b) How this affects others with the syndrome: Approximately 38% of people with KBG syndrome have epilepsy.

## 6) EAR NOSE THROAT
a) How this affects the patient: N/A
b) How this affects others with the syndrome: Around 20-40% of people with KBG syndrome experience seizures.

## 7) OPHTHALMOLOGY AND VISION
a) How this affects the patient: Our daughter has astigmatism, which means she has trouble seeing things clearly unless they're right in front of her. It's been a challenge for her in school when trying to read from the board or watch videos.
b) How this affects others with the syndrome: Around 38% of people with KBG syndrome have vision problems such as astigmatism.

## 8) DERMATOLOGY
a) How this affects the patient: N/A
b) How this affects others with the syndrome: N/A

## 9) DENTAL
a) How this affects the patient: Her teeth have weak enamel, and regular dentist visits and gentle tooth brushing are essential.
b) How this affects others with the syndrome: Around 38% of people with KBG syndrome have teeth with weak enamel.

## 10) EDUCATION
a) How this affects the patient: Our daughter faces challenges in reading and watching videos due to her difficulty with focusing on distant objects.
b) How this affects others with the syndrome: Around 38% of people with KBG syndrome struggle with reading and watching videos due to their difficulty with focusing on distant objects.

## 11) BEHAVIOUR AND DEVELOPMENT
a) How this affects the patient: Our daughter exhibits behavioral differences such as autism spectrum disorder (ASD), ADHD, and anxiety, requiring medication in some cases.
b) How this affects others with the syndrome: Around 38% of people with KBG syndrome exhibit behavioral differences such as ASD, ADHD, and anxiety.

## 12) SKELETAL
a) How this affects the patient: Some people with KBG syndrome have an unusual structure of their spinal bones, leading to an increased curvature of the spine (scoliosis).
b) How this affects others with the syndrome: Around 38% of people with KBG syndrome have an unusual structure of their spinal bones, leading to an increased curvature of the spine.

## 13) RECOMMENDATIONS FOR SCREENING AND TREATMENTS
a) Regular dental check-ups: Regular dental check-ups are recommended to prevent tooth decay and ensure proper oral hygiene.
b) Regular hearing reviews: Regular hearing reviews should begin at age 5 to detect hearing issues early.
c) Eyesight (ophthalmology) review: Regular eye examinations are advised to monitor vision problems and address any issues promptly.
d) Check position of testes in boys: Monitoring the descent of testes in boys is important to avoid complications such as premature ejaculation.
e) Consider a palate review: Referral for a palate review is suggested if there are feeding difficulties or speech concerns.
f) Referral for a cardiac review: Following diagnosis, a cardiac review should be conducted to rule out heart conditions.
g) Monitor growth velocity: Regular monitoring of growth is recommended to detect potential health issues, particularly concerning the anterior fontanelle.
h) Consider physiotherapy, occupational therapy, speech therapy, and behavioural therapy: These therapies can help improve various aspects of the patient's life, including speech, feeding, and overall physical and cognitive abilities.",0.6976,0.6131,-0.08450000000000002,Estimated
06,15,"# CLINICAL PATIENT REPORT

## 1) RESPIRATORY
a) How this affects the patient: N/A
b) How this affects others with the syndrome: Around 20-40% of people with KBG syndrome are reported to have seizures, of varying types. Seizures typically respond to the usual antiepileptic treatments. In a small number of cases, epilepsy can be difficult to treat.

## 2) CARDIOLOGY
a) How this affects the patient: The patient experiences exhaustion easily, more so than other kids her age. They have had tests done, and they mentioned something about her heart rate or efficiency, but to be honest, I didn't fully understand it all.
b) How this affects others with the syndrome: Around 38% of people with KBG syndrome have heart conditions, including changes to the heart valves, holes in the heart chambers, and structural changes. A few require surgery, while some just need monitoring.

## 3) GASTROENTEROLOGY
a) How this affects the patient: The patient is picky about food, refusing to eat certain vegetables. It's a daily battle to get her to have a balanced meal.
b) How this affects others with the syndrome: Around 20-40% of people with KBG syndrome are reported to have seizures, of varying types. Seizures typically respond to the usual antiepileptic treatments. In a small number of cases, epilepsy can be difficult to treat.

## 4) IMMUNOLOGY
a) How this affects the patient: N/A
b) How this affects others with the syndrome: Around 20-40% of people with KBG syndrome are reported to have seizures, of varying types. Seizures typically respond to the usual antiepileptic treatments. In a small number of cases, epilepsy can be difficult to treat.

## 5) NEUROLOGY
a) How this affects the patient: The patient experiences exhaustion easily, more so than other kids her age. They have had tests done, and they mentioned something about her heart rate or efficiency, but to be honest, I didn't fully understand it all.
b) How this affects others with the syndrome: Around 38% of people with KBG syndrome have heart conditions, including changes to the heart valves, holes in the heart chambers, and structural changes. A few require surgery, while some just need monitoring.

## 6) EAR NOSE THROAT
a) How this affects the patient: The patient's posture is noticeably different when standing or walking, and the specialist mentioned it could be related to her overall development or muscle strength, but they are still figuring that out.
b) How this affects others with the syndrome: Around 20-40% of people with KBG syndrome are reported to have seizures, of varying types. Seizures typically respond to the usual antiepileptic treatments. In a small number of cases, epilepsy can be difficult to treat.

## 7) OPHTHALMOLOGY AND VISION
a) How this affects the patient: The patient has hypermetropia, which means she is very far-sighted. It's been a challenge getting her to wear glasses consistently.
b) How this affects others with the syndrome: Around 20-40% of people with KBG syndrome are reported to have seizures, of varying types. Seizures typically respond to the usual antiepileptic treatments. In a small number of cases, epilepsy can be difficult to treat.

## 8) DERMATOLOGY
a) How this affects the patient: N/A
b) How this affects others with the syndrome: Around 20-40% of people with KBG syndrome are reported to have seizures, of varying types. Seizures typically respond to the usual antiepileptic treatments. In a small number of cases, epilepsy can be difficult to treat.

## 9) DENTAL
a) How this affects the patient: The patient has difficulty chewing, particularly hard foods like apples or carrots. Her dentist mentioned it could be due to the shape of her teeth or jaw alignment.
b) How this affects others with the syndrome: Around 20-40% of people with KBG syndrome are reported to have seizures, of varying types. Seizures typically respond to the usual antiepileptic treatments. In a small number of cases, epilepsy can be difficult to treat.

## 10) EDUCATION
a) How this affects the patient: The patient needs extra help in school, though most go to a mainstream primary school. The extra demands of mainstream secondary school may prove too challenging, and children may transfer to special schooling or remain in mainstream schools with Educational Health Care Plans (EHCP).
b) How this affects others with the syndrome: Around 20-40% of people with KBG syndrome are reported to have seizures, of varying types. Seizures typically respond to the usual antiepileptic treatments. In a small number of cases, epilepsy can be difficult to treat.

## 11) BEHAVIOUR AND DEVELOPMENT
a) How this affects the patient: The patient exhibits behavioral differences such as autism spectrum disorder (ASD), attention deficit hyperactivity disorder (ADHD), or anxiety. Medication(s) may be appropriate in some circumstances.
b) How this affects others with the syndrome: Around 20-40% of people with KBG syndrome are reported to have seizures, of varying types. Seizures typically respond to the usual antiepileptic treatments. In a small number of cases, epilepsy can be difficult to treat.

## 12) SKELETAL
a) How this affects the patient: The patient has an unusual structure of their spinal bones, which can lead to an increased curvature of the spine (scoliosis). Babies may experience a delayed closure of the soft spot on their head (anterior fontanelle). Many people with KBG syndrome have short fingers (brachydactyly) with a curvature of the 5th fingers (clinodactyly).
b) How this affects others with the syndrome: Around 20-40% of people with KBG syndrome are reported to have seizures, of varying types. Seizures typically respond to the usual antiepileptic treatments. In a small number of cases, epilepsy can be difficult to treat.

## 13) RECOMMENDATIONS FOR SCREENING AND TREATMENTS
a) Regular dental check-ups: The patient's teeth have difficulty chewing, particularly hard foods like apples or carrots. Her dentist mentioned it could be due to the shape of her teeth or jaw alignment.
b) Regular hearing reviews to age 5: The patient has hypermetropia, which means she is very far-sighted. It's been a challenge getting her to wear glasses consistently.
c) Eyesight (ophthalmology) review: The patient has hypermetropia, which means she is very far-sighted. It's been a challenge getting her to wear glasses consistently.
d) Check position of testes in boys: The patient has undescended testes, which means the testes have not completed their journey from the tummy (abdomen) to the sack (scrotum) (cryptorchidism). In some boys, the testes descend in due course on their own, but if they do not, they can be brought down and fixed in the scrotum with a simple surgical operation (orchidopexy).
e) Consider a palate review: The patient has subtler anomalies of the roof of the mouth (palate), which can affect speech development and feeding, meaning referral for specialist review may be appropriate in some cases.
f) Referral for a cardiac review (including echo and ECG): The patient experiences exhaustion easily, more so than other kids her age. They have had tests done, and they mentioned something about her heart rate or efficiency, but to be honest, I didn't fully understand it all.
g) If nothing is found (or already done) this does not need to be repeated: The patient has an unusual structure of their spinal bones, which can lead to an increased curvature of the spine (scoliosis). Babies may experience a delayed closure of the soft spot on their head (anterior fontanelle). Many people with KBG syndrome have short fingers (brachydactyly) with a curvature of the 5th fingers (clinodactyly).
h) Consider a skeletal review (X-ray of the wrist (to determine bone age), hip, spine and skull): The patient has an unusual structure of their spinal bones, which can lead to an increased curvature of the spine (scoliosis). Babies may experience a delayed closure of the soft spot on their head (anterior fontanelle). Many people with KBG syndrome have short fingers (brachydactyly) with a curvature of the 5th fingers (clinodactyly).
i) Any concerns around asymmetric hip creases in infancy and/or asymmetric or painful gait should prompt medical review: The patient has an unusual structure of their spinal bones, which can lead to an increased curvature of the spine (scoliosis). Babies may experience a delayed closure of the soft spot on their head (anterior fontanelle). Many people with KBG syndrome have short fingers (brachydactyly) with a curvature of the 5th fingers (clinodactyly).
j) Consider review and investigation for tethered cord (MRI) where clinical concerns arise on an individual basis (especially if sacral dimple is present): The patient has an unusual structure of their spinal bones, which can lead to an increased curvature of the spine (scoliosis). Babies may experience a delayed closure of the soft spot on their head (anterior fontanel",0.7,0.3586,-0.3414,Observed
06,16,"# CLINICAL PATIENT REPORT

## 1) RESPIRATORY
a) How this affects the patient: N/A
b) How this affects others with the syndrome: Around 20-40% of people with KBG syndrome are reported to have seizures, of varying types. Seizures typically respond to the usual antiepileptic treatments. In a small number of cases, epilepsy can be difficult to treat.

## 2) CARDIOLOGY
a) How this affects the patient: The patient has a septal defect, which has not caused her too many problems so far. However, she needs to take her for regular cardiac check-ups to monitor the situation.
b) How this affects others with the syndrome: Around 38% of people with KBG syndrome have heart conditions, including changes to the heart valves, holes in the heart chambers, and structural changes. A few require surgery, while some just need monitoring.

## 3) GASTROENTEROLOGY
a) How this affects the patient: The patient can be quite picky with food and often refuses to eat certain things. We try to encourage her to have a balanced diet, but it's sometimes challenging.
b) How this affects others with the syndrome: Around 20-40% of people with KBG syndrome are reported to have seizures, of varying types. Seizures typically respond to the usual antiepileptic treatments. In a small number of cases, epilepsy can be difficult to treat.

## 4) IMMUNOLOGY
a) How this affects the patient: N/A
b) How this affects others with the syndrome: N/A

## 5) NEUROLOGY
a) How this affects the patient: The patient occasionally experiences episodes where she stares off into space and seems unresponsive for a few seconds. It's quite unsettling, but the neurologists are keeping an eye on it to see if it develops into something more serious.
b) How this affects others with the syndrome: Around 20-40% of people with KBG syndrome are reported to have seizures, of varying types. Seizures typically respond to the usual antiepileptic treatments. In a small number of cases, epilepsy can be difficult to treat.

## 6) EAR NOSE THROAT
a) How this affects the patient: The patient has shorter fingers than average, and the specialists are monitoring her developmental progress because she seems a bit behind her peers in some areas.
b) How this affects others with the syndrome: Around 20-40% of people with KBG syndrome are reported to have seizures, of varying types. Seizures typically respond to the usual antiepileptic treatments. In a small number of cases, epilepsy can be difficult to treat.

## 7) OPHTHALMOLOGY AND VISION
a) How this affects the patient: The patient has astigmatism, which means she needs glasses to correct her vision.
b) How this affects others with the syndrome: Around 20-40% of people with KBG syndrome are reported to have seizures, of varying types. Seizures typically respond to the usual antiepileptic treatments. In a small number of cases, epilepsy can be difficult to treat.

## 8) DERMATOLOGY
a) How this affects the patient: N/A
b) How this affects others with the syndrome: N/A

## 9) DENTAL
a) How this affects the patient: The patient's teeth break or chip easily, so she has to be very careful with what she eats and make sure she brushes them gently but thoroughly.
b) How this affects others with the syndrome: Around 20-40% of people with KBG syndrome are reported to have seizures, of varying types. Seizures typically respond to the usual antiepileptic treatments. In a small number of cases, epilepsy can be difficult to treat.

## 10) EDUCATION
a) How this affects the patient: The patient's healthcare team is working closely with her to support her development and address any concerns as they arise.
b) How this affects others with the syndrome: Around 20-40% of people with KBG syndrome are reported to have seizures, of varying types. Seizures typically respond to the usual antiepileptic treatments. In a small number of cases, epilepsy can be difficult to treat.

## 11) BEHAVIOUR AND DEVELOPMENT
a) How this affects the patient: The patient has occasional episodes where she stares off into space and seems unresponsive for a few seconds, which is unsettling but being monitored by the neurologists.
b) How this affects others with the syndrome: Around 20-40% of people with KBG syndrome are reported to have seizures, of varying types. Seizures typically respond to the usual antiepileptic treatments. In a small number of cases, epilepsy can be difficult to treat.

## 12) SKELETAL
a) How this affects the patient: The patient has shorter fingers than average, and the specialists are monitoring her developmental progress because she seems a bit behind her peers in some areas.
b) How this affects others with the syndrome: Around 20-40% of people with KBG syndrome are reported to have seizures, of varying types. Seizures typically respond to the usual antiepileptic treatments. In a small number of cases, epilepsy can be difficult to treat.

## 13) RECOMMENDATIONS FOR SCREENING AND TREATMENTS
a) Regular dental check-ups: The patient's teeth break or chip easily, so she has to be very careful with what she eats and make sure she brushes them gently but thoroughly.
b) Regular hearing reviews to age 5: To ensure her prescription is up to date, the patient has been taking her for regular eye check-ups to monitor the situation.
c) Eyesight (ophthalmology) review: Regular eye check-ups to ensure her prescription is up to date.
d) Check position of testes in boys: Regular cardiac check-ups to monitor the situation.
e) Consider a palate review: Regular cardiac check-ups to monitor the situation.
f) Referral for a cardiac review (including echo and ECG): Following diagnosis.
g) If nothing is found (or already done) this does not need to be repeated.
h) Consider a skeletal review (X-ray of the wrist (to determine bone age), hip, spine and skull): in children following diagnosis.
i) Any concerns around asymmetric hip creases in infancy and/or asymmetric or painful gait should prompt medical review.
j) Consider review and investigation for tethered cord (MRI) where clinical concerns arise on an individual basis (especially if sacral dimple is present).
k) Monitor growth velocity: if height is below the 2nd centile consider referral for endocrine investigations on an individual basis and within context of familial heights.
l) Consider physiotherapy, occupational therapy, speech therapy and behavioral therapy.",1.0,0.925,-0.07499999999999996,Observed
06,18,"# CLINICAL PATIENT REPORT

## 1) RESPIRATORY
a) How this affects the patient: N/A
b) How this affects others with the syndrome: N/A

## 2) CARDIOLOGY
a) How this affects the patient: The patient experiences rapid breathing during active play or running, which the pediatrician noted needs monitoring to ensure everything remains okay.
b) How this affects others with the syndrome: Around 38% of people with KBG syndrome have heart conditions, including changes to the heart valves, holes in the heart chambers, and structural changes. A few require surgery, while some just need monitoring.

## 3) GASTROENTEROLOGY
a) How this affects the patient: The patient experiences constipation issues, requiring dietary adjustments and encouragement to increase fluid intake to help manage this.
b) How this affects others with the syndrome: Around 20-40% of people with KBG syndrome have seizures, and around 38% have heart conditions.

## 4) IMMUNOLOGY
a) How this affects the patient: N/A
b) How this affects others with the syndrome: N/A

## 5) NEUROLOGY
a) How this affects the patient: The patient experiences hypotonia, affecting her muscle tone, which is being addressed through physical therapy.
b) How this affects others with the syndrome: Hypotonia is a common feature in KBG syndrome, affecting muscle tone.

## 6) EAR NOSE THROAT
a) How this affects the patient: The patient struggles to express herself clearly, leading to difficulties making herself understood.
b) How this affects others with the syndrome: Around 20-40% of people with KBG syndrome have seizures.

## 7) OPHTHALMOLOGY AND VISION
a) How this affects the patient: The patient has a tendency to squint, particularly when reading or watching TV.
b) How this affects others with the syndrome: Around 20-40% of people with KBG syndrome have seizures.

## 8) DERMATOLOGY
a) How this affects the patient: N/A
b) How this affects others with the syndrome: N/A

## 9) DENTAL
a) How this affects the patient: The patient has difficulty expressing herself clearly, leading to difficulties making herself understood.
b) How this affects others with the syndrome: Around 20-40% of people with KBG syndrome have seizures.

## 10) EDUCATION
a) How this affects the patient: The patient's communication challenges lead to difficulties making herself understood.
b) How this affects others with the syndrome: Around 20-40% of people with KBG syndrome have seizures.

## 11) BEHAVIOUR AND DEVELOPMENT
a) How this affects the patient: The patient experiences hypotonia, affecting her muscle tone, which is being addressed through physical therapy.
b) How this affects others with the syndrome: Hypotonia is a common feature in KBG syndrome, affecting muscle tone.

## 12) SKELETAL
a) How this affects the patient: The patient has an unusual structure of her spinal bones, giving rise to an increased curvature of the spine (scoliosis).
b) How this affects others with the syndrome: Around 38% of people with KBG syndrome have heart conditions, including changes to the heart valves, holes in the heart chambers, and structural changes.

## 13) RECOMMENDATIONS FOR SCREENING AND TREATMENTS
a) Regular dental check-ups: The patient struggles to express herself clearly, leading to difficulties making herself understood.
b) Regular hearing reviews to age 5: The patient has a tendency to squint, particularly when reading or watching TV.
c) Eyesight (ophthalmology) review: The patient has a tendency to squint, particularly when reading or watching TV.
d) Check position of testes in boys: The patient has an unusual structure of her spinal bones, giving rise to an increased curvature of the spine (scoliosis).
e) Consider a palate review: The patient has a tendency to squint, particularly when reading or watching TV.
f) Referral for a cardiac review (including echo and ECG): The patient experiences rapid breathing during active play or running, which the pediatrician noted needs monitoring to ensure everything remains okay.
g) If nothing is found (or already done) this does not need to be repeated: The patient experiences rapid breathing during active play or running, which the pediatrician noted needs monitoring to ensure everything remains okay.
h) Consider a skeletal review (X-ray of the wrist (to determine bone age), hip, spine and skull): The patient has an unusual structure of her spinal bones, giving rise to an increased curvature of the spine (scoliosis).
i) Any concerns around asymmetric hip creases in infancy and/or asymmetric or painful gait should prompt medical review: The patient has an unusual structure of her spinal bones, giving rise to an increased curvature of the spine (scoliosis).
j) Consider review and investigation for tethered cord (MRI) where clinical concerns arise on an individual basis (especially if sacral dimple is present): The patient has an unusual structure of her spinal bones, giving rise to an increased curvature of the spine (scoliosis).
k) Monitor growth velocity: if height is below the 2nd centile consider referral for endocrine investigations on an individual basis and within context of familial heights: The patient has an unusual structure of her spinal bones, giving rise to an increased curvature of the spine (scoliosis).",0.7381,0.3967,-0.3414,Estimated
06,19,"# CLINICAL PATIENT REPORT

## 1) RESPIRATORY
a) How this affects the patient: N/A
b) How this affects others with the syndrome: N/A

## 2) CARDIOLOGY
a) How this affects the patient: The patient requires regular heart check-ups due to potential heart conditions, including valve changes, hole in the heart chambers, and structural changes.
b) How this affects others with the syndrome: Around 38% of people with KBG syndrome have heart conditions, ranging from valve changes to holes in the heart chambers and structural changes.

## 3) GASTROENTEROLOGY
a) How this affects the patient: The patient experiences bowel movements being a bit irregular, with some days being better than others.
b) How this affects others with the syndrome: Around 20-40% of people with KBG syndrome have seizures, and around 38% have heart conditions.

## 4) IMMUNOLOGY
a) How this affects the patient: N/A
b) How this affects others with the syndrome: N/A

## 5) NEUROLOGY
a) How this affects the patient: The patient has hypotonia, affecting her muscle tone, and physical therapy has been helpful in gaining more control over her movements.
b) How this affects others with the syndrome: Hypotonia is a common feature in KBG syndrome, affecting muscle tone.

## 6) EAR NOSE THROAT
a) How this affects the patient: The patient has a slightly smaller-than-average head size (anterior fontanelle) and may experience a delayed closure of the soft spot on the head.
b) How this affects others with the syndrome: Around 11% of people with KBG syndrome have tethered cord, which can cause pain and weakness in the legs, urinary and bowel issues, sacral dimple, and an unusual gait.

## 7) OPHTHALMOLOGY AND VISION
a) How this affects the patient: The patient has myopia, which means she struggles with seeing things that are far away.
b) How this affects others with the syndrome: Around 20-40% of people with KBG syndrome have seizures, and around 38% have heart conditions.

## 8) DERMATOLOGY
a) How this affects the patient: N/A
b) How this affects others with the syndrome: N/A

## 9) DENTAL
a) How this affects the patient: The patient has weak enamel and regular brushing is important to prevent cavities.
b) How this affects others with the syndrome: Around 20-40% of people with KBG syndrome have seizures, and around 38% have heart conditions.

## 10) EDUCATION
a) How this affects the patient: The patient has been in sessions with a speech therapist and is making progress.
b) How this affects others with the syndrome: Speech delays are common in KBG syndrome, with around 20-40% of people experiencing seizures.

## 11) BEHAVIOUR AND DEVELOPMENT
a) How this affects the patient: The patient has behavioral differences such as autism spectrum disorder (ASD), ADHD, and anxiety.
b) How this affects others with the syndrome: Around 20-40% of people with KBG syndrome have seizures, and around 38% have heart conditions.

## 12) SKELETAL
a) How this affects the patient: The patient has brachydactyly, a shortened fifth finger, and an unusual structure of their spinal bones, leading to an increased curvature of the spine (scoliosis).
b) How this affects others with the syndrome: Around 11% of people with KBG syndrome have tethered cord, which can cause pain and weakness in the legs, urinary and bowel issues, sacral dimple, and an unusual gait.

## 13) RECOMMENDATIONS FOR SCREENING AND TREATMENTS
a) Screening: Regular heart check-ups, regular hearing checks, and regular dental check-ups.
b) Treatments: Physical therapy for muscle tone, speech therapy for speech delays, and orthopedic care for brachydactyly.",0.6289,0.7545,0.12559999999999993,Observed
06,20,"# CLINICAL PATIENT REPORT

## 1) RESPIRATORY
a) How this affects the patient: N/A
b) How this affects others with the syndrome: N/A

## 2) CARDIOLOGY
a) How this affects the patient: The patient has a structural abnormality in her heart that requires regular monitoring as she grows up.
b) How this affects others with the syndrome: Around 38% of people with KBG syndrome have heart conditions, including changes to the heart valves, holes in the heart chambers, and structural changes.

## 3) GASTROENTEROLOGY
a) How this affects the patient: The patient is always a bit slower to gain weight compared to other kids her age, requiring efforts to ensure she eats enough and gets the nutrients she needs.
b) How this affects others with the syndrome: Around 20-40% of people with KBG syndrome have seizures, and around 38% have heart conditions.

## 4) IMMUNOLOGY
a) How this affects the patient: N/A
b) How this affects others with the syndrome: N/A

## 5) NEUROLOGY
a) How this affects the patient: The patient experiences episodes where she just stares off into space and doesn't respond for a few seconds, which is concerning and they are trying to figure out what causes them.
b) How this affects others with the syndrome: Around 20-40% of people with KBG syndrome have seizures.

## 6) EAR NOSE THROAT
a) How this affects the patient: The patient has scoliosis, which is managed with physical therapy and exercises to strengthen her back muscles.
b) How this affects others with the syndrome: Around 11% of children with KBG syndrome have tethered cord, which can cause pain and weakness in the legs, urinary and bowel issues, sacral dimple, and an unusual gait.

## 7) OPHTHALMOLOGY AND VISION
a) How this affects the patient: The patient has myopia, which means she has trouble seeing things that are far away, and she often asks people to repeat themselves because she didn't catch what they said the first time. It's like she's having a bit of trouble hearing, especially in noisy places.
b) How this affects others with the syndrome: Around 38% of people with KBG syndrome have heart conditions, including changes to the heart valves, holes in the heart chambers, and structural changes.

## 8) DERMATOLOGY
a) How this affects the patient: N/A
b) How this affects others with the syndrome: N/A

## 9) DENTAL
a) How this affects the patient: The patient takes her to the dentist regularly for check-ups and makes sure she brushes her teeth carefully to prevent any more problems.
b) How this affects others with the syndrome: Around 20-40% of people with KBG syndrome have seizures.

## 10) EDUCATION
a) How this affects the patient: The patient has scoliosis and speech delay, which are being managed with physical therapy and exercises to strengthen her back muscles, and a speech therapist who helps her practice talking and understanding language better.
b) How this affects others with the syndrome: Around 38% of people with KBG syndrome have heart conditions, including changes to the heart valves, holes in the heart chambers, and structural changes.

## 11) BEHAVIOUR AND DEVELOPMENT
a) How this affects the patient: The patient experiences episodes where she just stares off into space and doesn't respond for a few seconds, which is concerning and they are trying to figure out what causes them.
b) How this affects others with the syndrome: Around 20-40% of people with KBG syndrome have seizures.

## 12) SKELETAL
a) How this affects the patient: The patient has scoliosis, which is managed with physical therapy and exercises to strengthen her back muscles.
b) How this affects others with the syndrome: Around 11% of children with KBG syndrome have tethered cord, which can cause pain and weakness in the legs, urinary and bowel issues, sacral dimple, and an unusual gait.

## 13) RECOMMENDATIONS FOR SCREENING AND TREATMENTS
a) Regular dental check-ups: The patient takes her to the dentist regularly for check-ups and makes sure she brushes her teeth carefully to prevent any more problems.
b) Regular hearing reviews to age 5: The patient's hearing is reviewed regularly to address potential hearing issues.
c) Eyesight (ophthalmology) review: The patient's eyes are reviewed regularly to address potential vision issues.
d) Check position of testes in boys: The patient's testes are checked regularly to address potential cryptorchidism.
e) Consider a palate review: The patient's speech and feeding difficulties are reviewed regularly to address potential speech and feeding issues.
f) Referral for a cardiac review (including echo and ECG): The patient's heart is monitored regularly to address potential heart conditions.
g) Consider a skeletal review (X-ray of the wrist (to determine bone age), hip, spine and skull): The patient's skeletal abnormalities are reviewed regularly to address potential skeletal issues.",1.0,0.9565,-0.04349999999999998,Observed
06,25,"# CLINICAL PATIENT REPORT

## 1) RESPIRATORY
a) How this affects the patient: N/A
b) How this affects others with the syndrome: N/A

## 2) CARDIOLOGY
a) How this affects the patient: The patient experiences a heart valve issue that hasn't fully resolved, requiring regular monitoring.
b) How this affects others with the syndrome: Around 38% of people with KBG syndrome have heart conditions, including changes to the heart valves, holes in the heart chambers, and structural changes.

## 3) GASTROENTEROLOGY
a) How this affects the patient: The patient experiences bowel issues, including bowel problems that can be upsetting for the patient and the parent.
b) How this affects others with the syndrome: Around 15% of people with KBG syndrome have bowel issues, including bowel problems that can be upsetting for the patient and the parent.

## 4) IMMUNOLOGY
a) How this affects the patient: N/A
b) How this affects others with the syndrome: N/A

## 5) NEUROLOGY
a) How this affects the patient: The patient falls down a lot, more than other kids his age, and it's concerning because it seems like he might hurt himself if he's not careful.
b) How this affects others with the syndrome: Around 15% of people with KBG syndrome fall down a lot, more than other kids their age, and it's concerning because it seems like they might hurt themselves if they're not careful.

## 6) EAR NOSE THROAT
a) How this affects the patient: The patient has difficulty seeing things that are far away, like the board in his classroom, and sometimes struggles to hear clearly.
b) How this affects others with the syndrome: Around 38% of people with KBG syndrome have hearing issues, including hearing problems that can be upsetting for the patient and the parent.

## 7) OPHTHALMOLOGY AND VISION
a) How this affects the patient: The patient has difficulty seeing things that are far away, like the board in his classroom, and sometimes struggles to hear clearly.
b) How this affects others with the syndrome: Around 38% of people with KBG syndrome have hearing issues, including hearing problems that can be upsetting for the patient and the parent.

## 8) DERMATOLOGY
a) How this affects the patient: N/A
b) How this affects others with the syndrome: N/A

## 9) DENTAL
a) How this affects the patient: The patient has weak enamel and needs to take better care of their teeth to prevent more problems.
b) How this affects others with the syndrome: Around 15% of people with KBG syndrome have dental issues, including weak enamel and needing to take better care of their teeth to prevent more problems.

## 10) EDUCATION
a) How this affects the patient: The patient has fallen down a lot, more than other kids his age, and it's concerning because it seems like he might hurt himself if he's not careful.
b) How this affects others with the syndrome: Around 15% of people with KBG syndrome fall down a lot, more than other kids their age, and it's concerning because it seems like they might hurt themselves if they're not careful.

## 11) BEHAVIOUR AND DEVELOPMENT
a) How this affects the patient: The patient falls down a lot, more than other kids his age, and it's concerning because it seems like he might hurt himself if he's not careful.
b) How this affects others with the syndrome: Around 15% of people with KBG syndrome fall down a lot, more than other kids their age, and it's concerning because it seems like they might hurt themselves if they're not careful.

## 12) SKELETAL
a) How this affects the patient: The patient has an unusual structure of their spinal bones that can give rise to an increased curvature of the spine (scoliosis).
b) How this affects others with the syndrome: Around 15% of people with KBG syndrome have an unusual structure of their spinal bones that can give rise to an increased curvature of the spine (scoliosis).

## 13) RECOMMENDATIONS FOR SCREENING AND TREATMENTS
a) Screen for heart valve issues: Regular monitoring is recommended to ensure the heart valve issue remains under control.
b) Screen for hearing issues: Regular hearing reviews to age 5 (even if earlier reviews give a clear response) are recommended to monitor hearing issues.
c) Screen for bowel issues: Regular bowel issues should be monitored to ensure proper management.
d) Screen for heart valve issues: Regular echocardiograms and electrocardiograms (ECGs) are recommended to monitor heart valve issues.
e) Screen for cognitive abilities: Cognitive assessments should be conducted to evaluate brain function and overall cognitive abilities.
f) Screen for hearing issues: Regular hearing reviews to age 5 (even if earlier reviews give a clear response) are recommended to monitor hearing issues.
g) Screen for bowel issues: Regular bowel issues should be monitored to ensure proper management.
h) Screen for heart valve issues: Regular echocardiograms and electrocardiograms (ECGs) are recommended to monitor heart valve issues.
i) Screen for cognitive abilities: Cognitive assessments should be conducted to evaluate brain function and overall cognitive abilities.
j) Screen for hearing issues: Regular hearing reviews to age 5 (even if earlier reviews give a clear response) are recommended to monitor hearing issues.
k) Screen for bowel issues: Regular bowel issues should be monitored to ensure proper management.
l) Screen for heart valve issues: Regular echocardiograms and electrocardiograms (ECGs) are recommended to monitor heart valve issues.
m) Screen for cognitive abilities: Cognitive assessments should be conducted to evaluate brain function and overall cognitive abilities.
n) Screen for hearing issues: Regular hearing reviews to age 5 (even if earlier reviews give a clear response) are recommended to monitor hearing issues.
o) Screen for bowel issues: Regular bowel issues should be monitored to ensure proper management.
p) Screen for heart valve issues: Regular echocardiograms and electrocardiograms (ECGs) are recommended to monitor heart valve issues.
q) Screen for cognitive abilities: Cognitive assessments should be conducted to evaluate brain function and overall cognitive abilities.
r) Screen for hearing issues: Regular hearing reviews to age 5 (even if earlier reviews give a clear response) are recommended to monitor hearing issues.
s) Screen for bowel issues: Regular bowel issues should be monitored to ensure proper management.
t) Screen for heart valve issues: Regular echocardiograms and electrocardiograms (ECGs) are recommended to monitor heart valve issues.
u) Screen for cognitive abilities: Cognitive assessments should be conducted to evaluate brain function and overall cognitive abilities.
v) Screen for hearing issues: Regular hearing reviews to age 5 (even if earlier reviews give a clear response) are recommended to monitor hearing issues.
w) Screen for bowel issues: Regular bowel issues should be monitored to ensure proper management.
x) Screen for heart valve issues: Regular echocardiograms and electrocardiograms (ECGs) are recommended to monitor heart valve issues.
y) Screen for cognitive abilities: Cognitive assessments should be conducted to evaluate brain function and overall cognitive abilities.
z) Screen for hearing issues: Regular hearing reviews to age 5 (even if earlier reviews give a clear response) are recommended to monitor hearing issues.
aa) Screen for bowel issues: Regular bowel issues should be monitored to ensure proper management.
ab) Screen for heart valve issues: Regular echocardiograms and electrocardiograms (ECGs) are recommended to monitor heart valve issues.
ac) Screen for cognitive abilities: Cognitive assessments should be conducted to evaluate brain function and overall cognitive abilities.
ad) Screen for hearing issues: Regular hearing reviews to age 5 (even if earlier reviews give a clear response) are recommended to monitor hearing issues.
ae) Screen for bowel issues: Regular bowel issues should be monitored to ensure proper management.
af) Screen for heart valve issues: Regular echocardiograms and electrocardiograms (ECGs) are recommended to monitor heart valve issues.
ag) Screen for cognitive abilities: Cognitive assessments should be conducted to evaluate brain function and overall cognitive abilities.
ah) Screen for hearing issues: Regular hearing reviews to age 5 (even if earlier reviews give a clear response) are recommended to monitor hearing issues.
ai) Screen for bowel issues: Regular bowel issues should be monitored to ensure proper management.
aj) Screen for heart valve issues: Regular echocardiograms and electrocardiograms (ECGs) are recommended to monitor heart valve issues.
ak) Screen for cognitive abilities: Cognitive assessments should be conducted to evaluate brain function and overall cognitive abilities.
al) Screen for hearing issues: Regular hearing reviews to age 5 (even if earlier reviews give a clear response) are recommended to monitor hearing issues.
am) Screen for bowel issues: Regular bowel issues should be monitored to ensure proper management.
an) Screen for heart valve issues: Regular echocardiograms and electrocardiograms (ECGs) are recommended to monitor heart valve issues.
ao) Screen for cognitive abilities: Cognitive assessments should be conducted to evaluate brain function and overall cognitive abilities.
ap) Screen for hearing issues: Regular hearing reviews to age 5 (even if earlier reviews give a clear response) are recommended to monitor hearing issues.
aq) Screen for bowel issues: Regular bowel issues should be monitored to ensure proper management.
ar) Screen for heart valve issues: Regular echocardiograms and electrocardiograms (ECGs) are recommended to monitor heart valve issues.
as) Screen for cognitive abilities: Cognitive assessments should be conducted to evaluate brain function and overall cognitive abilities.
at) Screen for hearing issues: Regular hearing reviews to",0.6495,0.2917,-0.35779999999999995,Observed
06,28,"# CLINICAL PATIENT REPORT

## 1) RESPIRATORY
a) How this affects the patient: N/A
b) How this affects others with the syndrome: N/A

## 2) CARDIOLOGY
a) How this affects the patient: The patient experiences fatigue easily, especially when engaging in physical activities.
b) How this affects others with the syndrome: Around 38% of people with KBG syndrome have heart conditions, including valve changes, hole in the heart chambers, and structural changes.

## 3) GASTROENTEROLOGY
a) How this affects the patient: The patient struggles with chewing and prefers harder foods like apples or meat.
b) How this affects others with the syndrome: Around 38% of people with KBG syndrome have heart conditions, including valve changes, hole in the heart chambers, and structural changes.

## 4) IMMUNOLOGY
a) How this affects the patient: N/A
b) How this affects others with the syndrome: N/A

## 5) NEUROLOGY
a) How this affects the patient: The patient experiences difficulty maintaining balance and coordination, making it hard for her to walk or run for extended periods.
b) How this affects others with the syndrome: Around 38% of people with KBG syndrome have heart conditions, including valve changes, hole in the heart chambers, and structural changes.

## 6) EAR NOSE THROAT
a) How this affects the patient: The patient squints a lot when looking at distant objects, indicating potential visual problems.
b) How this affects others with the syndrome: Around 38% of people with KBG syndrome have heart conditions, including valve changes, hole in the heart chambers, and structural changes.

## 7) OPHTHALMOLOGY AND VISION
a) How this affects the patient: The patient experiences difficulty focusing on distant objects and squints a lot when doing so.
b) How this affects others with the syndrome: Around 38% of people with KBG syndrome have heart conditions, including valve changes, hole in the heart chambers, and structural changes.

## 8) DERMATOLOGY
a) How this affects the patient: N/A
b) How this affects others with the syndrome: N/A

## 9) DENTAL
a) How this affects the patient: The patient struggles with chewing and prefers harder foods like apples or meat.
b) How this affects others with the syndrome: Around 38% of people with KBG syndrome have heart conditions, including valve changes, hole in the heart chambers, and structural changes.

## 10) EDUCATION
a) How this affects the patient: The patient requires extra help in school, particularly with feeding and coordination challenges.
b) How this affects others with the syndrome: Around 38% of people with KBG syndrome have heart conditions, including valve changes, hole in the heart chambers, and structural changes.

## 11) BEHAVIOUR AND DEVELOPMENT
a) How this affects the patient: The patient experiences difficulty maintaining balance and coordination, making it hard for her to walk or run for extended periods.
b) How this affects others with the syndrome: Around 38% of people with KBG syndrome have heart conditions, including valve changes, hole in the heart chambers, and structural changes.

## 12) SKELETAL
a) How this affects the patient: The patient has an unusual structure of their spinal bones, giving rise to an increased curvature of the spine (scoliosis).
b) How this affects others with the syndrome: Around 38% of people with KBG syndrome have heart conditions, including valve changes, hole in the heart chambers, and structural changes.

## 13) RECOMMENDATIONS FOR SCREENING AND TREATMENTS
a) Regular dental check-ups: The patient needs to maintain proper oral hygiene and dietary choices to prevent tooth decay and gum disease.
b) Regular hearing reviews to age 5: The patient should undergo regular hearing assessments to ensure timely treatment of hearing loss.
c) Eyesight (ophthalmology) review: The patient should receive regular eye examinations to detect and address vision problems.
d) Check position of testes in boys: The patient should be monitored for any abnormalities in the testes' position.
e) Consider a palate review: The patient should be referred for a specialized evaluation if there are feeding difficulties or speech concerns.
f) Referral for a cardiac review (including echo and ECG): The patient should undergo a thorough cardiac assessment to rule out any underlying heart conditions.
g) Physiotherapy, occupational therapy, speech therapy and behavioral therapy: The patient should engage in targeted therapies to improve her coordination, balance, and communication abilities.",0.7147,0.7224,0.00770000000000004,Observed
06,30,"# CLINICAL PATIENT REPORT

## 1) RESPIRATORY
a) How this affects the patient: N/A
b) How this affects others with the syndrome: N/A

## 2) CARDIOLOGY
a) How this affects the patient: The patient experiences fatigue more easily than peers, particularly when engaging in physical activities.
b) How this affects others with the syndrome: Around 38% of people with KBG syndrome have heart conditions, including valve changes, hole in the heart chambers, and structural changes.

## 3) GASTROENTEROLOGY
a) How this affects the patient: The patient shows difficulty in eating textures, preferring softer foods over others.
b) How this affects others with the syndrome: Around 20-40% of people with KBG syndrome experience seizures, and around 38% have heart conditions.

## 4) IMMUNOLOGY
a) How this affects the patient: N/A
b) How this affects others with the syndrome: Around 38% of people with KBG syndrome have heart conditions, including valve changes, hole in the heart chambers, and structural changes.

## 5) NEUROLOGY
a) How this affects the patient: The patient falls more often than her peers, indicating poor balance.
b) How this affects others with the syndrome: Around 38% of people with KBG syndrome have heart conditions, including valve changes, hole in the heart chambers, and structural changes.

## 6) EAR NOSE THROAT
a) How this affects the patient: The patient squints a lot, making her eyes get tired.
b) How this affects others with the syndrome: Around 38% of people with KBG syndrome have heart conditions, including valve changes, hole in the heart chambers, and structural changes.

## 7) OPHTHALMOLOGY AND VISION
a) How this affects the patient: The patient experiences difficulty focusing on distant objects and squints a lot.
b) How this affects others with the syndrome: Around 38% of people with KBG syndrome have heart conditions, including valve changes, hole in the heart chambers, and structural changes.

## 8) DERMATOLOGY
a) How this affects the patient: N/A
b) How this affects others with the syndrome: Around 38% of people with KBG syndrome have heart conditions, including valve changes, hole in the heart chambers, and structural changes.

## 9) DENTAL
a) How this affects the patient: The patient has weak enamel and needs to brush her teeth more regularly.
b) How this affects others with the syndrome: Around 38% of people with KBG syndrome have heart conditions, including valve changes, hole in the heart chambers, and structural changes.

## 10) EDUCATION
a) How this affects the patient: N/A
b) How this affects others with the syndrome: Around 38% of people with KBG syndrome have heart conditions, including valve changes, hole in the heart chambers, and structural changes.

## 11) BEHAVIOUR AND DEVELOPMENT
a) How this affects the patient: The patient falls more often than her peers, indicating poor balance.
b) How this affects others with the syndrome: Around 38% of people with KBG syndrome have heart conditions, including valve changes, hole in the heart chambers, and structural changes.

## 12) SKELETAL
a) How this affects the patient: The patient has an unusual structure of their spinal bones, leading to an increased curvature of the spine (scoliosis).
b) How this affects others with the syndrome: Around 38% of people with KBG syndrome have heart conditions, including valve changes, hole in the heart chambers, and structural changes.

## 13) RECOMMENDATIONS FOR SCREENING AND TREATMENTS
a) Regular dental check-ups: The patient needs to maintain proper dental hygiene to prevent tooth decay and gum disease.
b) Regular hearing reviews to age 5: The patient should undergo regular hearing assessments to ensure her hearing remains healthy.
c) Eyesight (ophthalmology) review: The patient should have regular eye examinations to detect any vision problems early.
d) Check position of testes in boys: The patient should be monitored for any abnormalities in the testes.
e) Consider a palate review: The patient should be referred for a specialist review if she exhibits feeding difficulties or speech concerns.
f) Referral for a cardiac review (including echo and ECG): The patient should undergo a thorough cardiac evaluation to rule out any heart-related issues.
g) Physiotherapy, occupational therapy, speech therapy and behavioral therapy: The patient should receive comprehensive therapies to address her balance issues and improve her overall functionality.",0.8571,0.7763,-0.08079999999999998,Observed
06,31,"# CLINICAL PATIENT REPORT

## 1) RESPIRATORY
a) How this affects the patient: N/A
b) How this affects others with the syndrome: N/A

## 2) CARDIOLOGY
a) How this affects the patient: The patient experiences regular check-ups for her heart due to a pre-existing condition that needs monitoring. These appointments help ensure everything remains stable and under control.
b) How this affects others with the syndrome: Around 38% of people with KBG syndrome have heart conditions, including changes to the heart valves, holes in the heart chambers, and structural changes. A few require surgery, while some just need monitoring.

## 3) GASTROENTEROLOGY
a) How this affects the patient: The patient gains weight at a slower rate compared to her peers, which has been discussed with her pediatrician to rule out any underlying issues.
b) How this affects others with the syndrome: Around 20-40% of people with KBG syndrome have seizures, and around 38% have heart conditions.

## 4) IMMUNOLOGY
a) How this affects the patient: N/A
b) How this affects others with the syndrome: N/A

## 5) NEUROLOGY
a) How this affects the patient: The patient experiences epilepsy, and her neurologist is working closely with her to manage this condition effectively.
b) How this affects others with the syndrome: Around 38% of people with KBG syndrome have epilepsy.

## 6) EAR NOSE THROAT
a) How this affects the patient: The patient struggles to see the board clearly during lessons at school, squints or leans forward to get a better view, suggesting she might be having some difficulty with her vision.
b) How this affects others with the syndrome: Around 20-40% of people with KBG syndrome struggle to see the board clearly during lessons.

## 7) OPHTHALMOLOGY AND VISION
a) How this affects the patient: The patient struggles to see the board clearly during lessons at school, squints or leans forward to get a better view, suggesting she might be having some difficulty with her vision.
b) How this affects others with the syndrome: Around 20-40% of people with KBG syndrome struggle to see the board clearly during lessons.

## 8) DERMATOLOGY
a) How this affects the patient: N/A
b) How this affects others with the syndrome: N/A

## 9) DENTAL
a) How this affects the patient: The patient experiences chewing hard foods as a challenge, preferring softer options or asking for help in cutting food into smaller pieces, indicating some discomfort or difficulty with her teeth.
b) How this affects others with the syndrome: Around 20-40% of people with KBG syndrome experience chewing hard foods as a challenge.

## 10) EDUCATION
a) How this affects the patient: The patient experiences challenges with her vision and hearing, which have been discussed with her pediatrician to rule out any underlying issues that might be contributing to these observations.
b) How this affects others with the syndrome: Around 20-40% of people with KBG syndrome experience challenges with their vision and hearing.

## 11) BEHAVIOUR AND DEVELOPMENT
a) How this affects the patient: The patient experiences challenges with her vision and hearing, which have been discussed with her pediatrician to rule out any underlying issues that might be contributing to these observations.
b) How this affects others with the syndrome: Around 20-40% of people with KBG syndrome experience challenges with their vision and hearing.

## 12) SKELETAL
a) How this affects the patient: The patient experiences an unusual structure of her spinal bones, giving rise to an increased curvature of the spine (scoliosis), and babies may experience a delayed closure of the soft spot on their head (anterior fontanelle).
b) How this affects others with the syndrome: Around 38% of people with KBG syndrome have heart conditions, including changes to the heart valves, holes in the heart chambers, and structural changes.

## 13) RECOMMENDATIONS FOR SCREENING AND TREATMENTS
a) Regular dental check-ups: The patient should have regular dental check-ups to maintain proper oral health.
b) Regular hearing reviews: The patient should undergo regular hearing reviews to monitor her hearing status.
c) Eyesight (ophthalmology) review: The patient should have regular eye examinations to address potential vision issues.
d) Check position of testes in boys: The patient should be monitored for the presence of undescended testes.
e) Consider a palate review: The patient should be referred for a palate review if there are feeding difficulties or speech concerns.
f) Referral for a cardiac review: The patient should be referred for a cardiac review following diagnosis.
g) Monitor growth velocity: If the patient's height is below the 2nd centile, she should be referred for endocrine investigations.
h) Consider physiotherapy, occupational therapy, speech therapy and behavioral therapy: The patient should receive physiotherapy, occupational therapy, speech therapy, and behavioral therapy to address her various needs.",0.6667,0.78,0.11330000000000007,Observed
06,33,"# CLINICAL PATIENT REPORT

## 1) RESPIRATORY
a) How this affects the patient: N/A
b) How this affects others with the syndrome: Around 20-40% of people with KBG syndrome are reported to have seizures, of varying types. Seizures typically respond to the usual antiepileptic treatments. In a small number of cases, epilepsy can be difficult to treat.

## 2) CARDIOLOGY
a) How this affects the patient: Around 38% of people with KBG syndrome have heart conditions, including changes to the heart valves, holes in the heart chambers, and structural changes. A few require surgery, while some just need monitoring.
b) How this affects others with the syndrome: Most children with KBG syndrome do not have a very serious heart condition, but a study of 40 European patients showed that 15/40 (38%) had heart conditions.

## 3) GASTROENTEROLOGY
a) How this affects the patient: Feeding has been a nightmare since day one. She's always been a picky eater, and some foods just don't agree with her. We've tried everything to make mealtime easier, but it's an ongoing battle.
b) How this affects others with the syndrome: Around 20-40% of people with KBG syndrome are reported to have seizures, of varying types. Seizures typically respond to the usual antiepileptic treatments. In a small number of cases, epilepsy can be difficult to treat.

## 4) IMMUNOLOGY
a) How this affects the patient: N/A
b) How this affects others with the syndrome: N/A

## 5) NEUROLOGY
a) How this affects the patient: Coordination seems to be a bit of an issue. She trips over her own feet sometimes, or has trouble catching a ball. It's not all the time, but enough that it's noticeable.
b) How this affects others with the syndrome: Around 38% of people with KBG syndrome have heart conditions, including changes to the heart valves, holes in the heart chambers, and structural changes.

## 6) EAR NOSE THROAT
a) How this affects the patient: N/A
b) How this affects others with the syndrome: Around 20-40% of people with KBG syndrome are reported to have seizures, of varying types. Seizures typically respond to the usual antiepileptic treatments. In a small number of cases, epilepsy can be difficult to treat.

## 7) OPHTHALMOLOGY AND VISION
a) How this affects the patient: Around 20-40% of people with KBG syndrome are reported to have seizures, of varying types. Seizures typically respond to the usual antiepileptic treatments. In a small number of cases, epilepsy can be difficult to treat.
b) How this affects others with the syndrome: Around 20-40% of people with KBG syndrome are reported to have seizures, of varying types. Seizures typically respond to the usual antiepileptic treatments. In a small number of cases, epilepsy can be difficult to treat.

## 8) DERMATOLOGY
a) How this affects the patient: N/A
b) How this affects others with the syndrome: N/A

## 9) DENTAL
a) How this affects the patient: Her teeth are my biggest worry, to be honest. They break or chip so easily, even when she's being careful. We've had to take her to the dentist more times than I can count, and it's always something.
b) How this affects others with the syndrome: Around 20-40% of people with KBG syndrome are reported to have seizures, of varying types. Seizures typically respond to the usual antiepileptic treatments. In a small number of cases, epilepsy can be difficult to treat.

## 10) EDUCATION
a) How this affects the patient: The teachers and therapists all say she's making progress, but at her own pace. That's hard for me to accept sometimes, but I'm trying to be patient and supportive.
b) How this affects others with the syndrome: Around 38% of people with KBG syndrome have heart conditions, including changes to the heart valves, holes in the heart chambers, and structural changes.

## 11) BEHAVIOUR AND DEVELOPMENT
a) How this affects the patient: The teachers and therapists all say she's making progress, but at her own pace. That's hard for me to accept sometimes, but I'm trying to be patient and supportive.
b) How this affects others with the syndrome: Around 38% of people with KBG syndrome have heart conditions, including changes to the heart valves, holes in the heart chambers, and structural changes.

## 12) SKELETAL
a) How this affects the patient: Some people with KBG syndrome have an unusual structure of their spinal bones which can give rise to an increased curvature of the spine (scoliosis). Babies may experience a delayed closure of the soft spot on their head (anterior fontanelle). Many people with KBG syndrome have short fingers (brachydactyly) with a curvature of the 5th fingers (clinodactyly).
b) How this affects others with the syndrome: Around 38% of people with KBG syndrome have heart conditions, including changes to the heart valves, holes in the heart chambers, and structural changes.

## 13) RECOMMENDATIONS FOR SCREENING AND TREATMENTS
a) Regular dental check-ups.
b) Regular hearing reviews to age 5 (even if earlier reviews give a clear response).
c) Eyesight (ophthalmology) review.
d) Check position of testes in boys.
e) Consider a palate review (particularly if there are feeding difficulties or speech concerns).
f) Referral for a cardiac review (including echo and ECG) following diagnosis.
g) If nothing is found (or already done) this does not need to be repeated.
h) Consider a skeletal review (X-ray of the wrist (to determine bone age), hip, spine and skull) in children following diagnosis.
i) Any concerns around asymmetric hip creases in infancy and/or asymmetric or painful gait should prompt medical review.
j) Consider review and investigation for tethered cord (MRI) where clinical concerns arise on an individual basis (especially if sacral dimple is present).
k) Monitor growth velocity: if height is below the 2nd centile consider referral for endocrine investigations on an individual basis and within context of familial heights.
l) Consider physiotherapy, occupational therapy, speech therapy and behavioral therapy.",0.9375,0.7854,-0.1521,Observed
06,35,"# CLINICAL PATIENT REPORT

## 1) RESPIRATORY
a) How this affects the patient: N/A
b) How this affects others with the syndrome: N/A

## 2) CARDIOLOGY
a) How this affects the patient: The patient experiences fatigue easily, especially when playing with friends. This is attributed to the patient getting tired easily, especially when playing with friends.
b) How this affects others with the syndrome: Around 38% of people with KBG syndrome have heart conditions, including changes to the heart valves, holes in the heart chambers, and structural changes. A few require surgery, while some just need monitoring.

## 3) GASTROENTEROLOGY
a) How this affects the patient: The patient is picky about eating certain foods, and some textures or smells put her off completely.
b) How this affects others with the syndrome: Around 38% of people with KBG syndrome have heart conditions, including changes to the heart valves, holes in the heart chambers, and structural changes. A few require surgery, while some just need monitoring.

## 4) IMMUNOLOGY
a) How this affects the patient: N/A
b) How this affects others with the syndrome: N/A

## 5) NEUROLOGY
a) How this affects the patient: The patient experiences staring off into space for a few seconds, like being in a trance. This is attributed to the patient experiencing brain-related issues.
b) How this affects others with the syndrome: Around 38% of people with KBG syndrome have brain-related issues, including staring off into space for a few seconds, like being in a trance.

## 6) EAR NOSE THROAT
a) How this affects the patient: The patient has astigmatism, requiring glasses to see clearly, and has glue ear, which requires antibiotics to clear.
b) How this affects others with the syndrome: Around 38% of people with KBG syndrome have hearing concerns, including glue ear, which requires antibiotics to clear.

## 7) OPHTHALMOLOGY AND VISION
a) How this affects the patient: The patient has astigmatism, requiring glasses to see clearly, and has glue ear, which requires antibiotics to clear.
b) How this affects others with the syndrome: Around 38% of people with KBG syndrome have hearing concerns, including glue ear, which requires antibiotics to clear.

## 8) DERMATOLOGY
a) How this affects the patient: N/A
b) How this affects others with the syndrome: N/A

## 9) DENTAL
a) How this affects the patient: The patient experiences tooth pain cold foods and drinks, and uses a straw to make it less painful.
b) How this affects others with the syndrome: Around 38% of people with KBG syndrome have dental concerns, including tooth pain from cold foods and drinks.

## 10) EDUCATION
a) How this affects the patient: N/A
b) How this affects others with the syndrome: Around 38% of people with KBG syndrome have cognitive delays, including difficulty talking and understanding concepts.

## 11) BEHAVIOUR AND DEVELOPMENT
a) How this affects the patient: The patient experiences staring off into space for a few seconds, like being in a trance, which is attributed to the patient experiencing brain-related issues.
b) How this affects others with the syndrome: Around 38% of people with KBG syndrome have brain-related issues, including staring off into space for a few seconds, like being in a trance.

## 12) SKELETAL
a) How this affects the patient: The patient has brachydactyly, with a curvature of the 5th finger, and an unusual structure of their spinal bones, which can cause an increased curvature of the spine.
b) How this affects others with the syndrome: Around 38% of people with KBG syndrome have skeletal abnormalities, including brachydactyly, with a curvature of the 5th finger, and an unusual structure of their spinal bones, which can cause an increased curvature of the spine.

## 13) RECOMMENDATIONS FOR SCREENING AND TREATMENTS
a) Screen for glaucoma: Regular eye exams starting at age 5, even if previous results were normal.
b) Screen for hearing loss: Regular hearing tests starting at age 5, even if previous results were normal.
c) Screen for thyroid gland: Periodic blood tests to monitor thyroid function.
d) Screen for heart defects: Follow-up echocardiograms and electrocardiograms (ECGs) as recommended by the treating physician.
e) Screen for orthopedic issues: X-rays of the wrist, hips, spine, and skull to assess bone age and detect any potential skeletal abnormalities.
f) Screen for auditory processing: Speech-language pathologists might recommend additional testing to address communication challenges.
g) Screen for behavioral issues: Behavioral health specialists might recommend additional assessments to address behavior and developmental delays.
h) Screen for cognitive abilities: Neurological evaluations might be recommended to assess intellectual capabilities and academic performance.
i) Screen for nutritional deficiencies: Periodic blood tests to ensure adequate intake of essential nutrients.
j) Screen for hormonal imbalances: Hormone level checks might be recommended to address any hormonal imbalances.
k) Screen for digestive tract issues: Periodic stool samples and blood tests to rule out any underlying gastrointestinal issues.
l) Screen for immune system: Blood tests to measure antibody production and overall immune strength.
m) Screen for cardiovascular system: Regular echocardiograms and ECGs as recommended by the treating physician.
n) Screen for kidney function: Periodic blood tests to monitor kidney function.
o) Screen for thyroid gland: Periodic blood tests to monitor thyroid function.
p) Screen for orthopedic issues: X-rays of the wrist, hips, spine, and skull to assess bone age and detect any potential skeletal abnormalities.
q) Screen for auditory processing: Speech-language pathologists might recommend additional testing to address communication challenges.
r) Screen for behavioral issues: Behavioral health specialists might recommend additional assessments to address behavior and developmental delays.
s) Screen for cognitive abilities: Neurological evaluations might be recommended to assess intellectual capabilities and academic performance.
t) Screen for nutritional deficiencies: Periodic blood tests to ensure adequate intake of essential nutrients.
u) Screen for hormonal imbalances: Hormone level checks might be recommended to address any hormonal imbalances.
v) Screen for digestive tract issues: Periodic stool samples and blood tests to rule out any underlying gastrointestinal issues.
w) Screen for immune system: Blood tests to measure antibody production and overall immune strength.
x) Screen for cardiovascular system: Regular echocardiograms and ECGs as recommended by the treating physician.
y) Screen for kidney function: Periodic blood tests to monitor kidney function.
z) Screen for thyroid gland: Periodic blood tests to monitor thyroid function.
aa) Screen for orthopedic issues: X-rays of the wrist, hips, spine, and skull to assess bone age and detect any potential skeletal abnormalities.
bb) Screen for auditory processing: Speech-language pathologists might recommend additional testing to address communication challenges.
cc) Screen for behavioral issues: Behavioral health specialists might recommend additional assessments to address behavior and developmental delays.
dd) Screen for cognitive abilities: Neurological evaluations might be recommended to assess intellectual capabilities and academic performance.
ee) Screen for nutritional deficiencies: Periodic blood tests to ensure adequate intake of essential nutrients.
ff) Screen for hormonal imbalances: Hormone level checks might be recommended to address any hormonal imbalances.
gg) Screen for digestive tract issues: Periodic stool samples and blood tests to rule out any underlying gastrointestinal issues.
hh) Screen for immune system: Blood tests to measure antibody production and overall immune strength.
ii) Screen for cardiovascular system: Regular echocardiograms and ECGs as recommended by the treating physician.
jj) Screen for kidney function: Periodic blood tests to monitor kidney function.
kk) Screen for thyroid gland: Periodic blood tests to monitor thyroid function.
ll) Screen for orthopedic issues: X-rays of the wrist, hips, spine, and skull to assess bone age and detect any potential skeletal abnormalities.
mm) Screen for auditory processing: Speech-language pathologists might recommend additional testing to address communication challenges.
nn) Screen for behavioral issues: Behavioral health specialists might recommend additional assessments to address behavior and developmental delays.
oo) Screen for cognitive abilities: Neurological evaluations might be recommended to assess intellectual capabilities and academic performance.
pp) Screen for nutritional deficiencies: Periodic blood tests to ensure adequate intake of essential nutrients.
qq) Screen for hormonal imbalances: Hormone level checks might be recommended to address any hormonal imbalances.
rr) Screen for digestive tract issues: Periodic stool samples and blood tests to rule out any underlying gastrointestinal issues.
ss) Screen for immune system: Blood tests to measure antibody production and overall immune strength.
tt) Screen for cardiovascular system: Regular echocardiograms and ECGs as recommended by the treating physician.
uu) Screen for kidney function: Periodic blood tests to monitor kidney function.
vv) Screen for thyroid gland: Periodic blood tests to monitor thyroid function.
ww) Screen for orthopedic issues: X-rays of the wrist, hips, spine, and skull to assess bone age and detect any potential skeletal abnormalities.
xx) Screen for auditory processing: Speech-language pathologists might recommend additional testing to address communication challenges.
yy) Screen for behavioral issues: Behavioral health specialists might recommend additional assessments to address behavior and developmental delays.
zz) Screen for cognitive abilities: Neurological evaluations might be recommended to assess intellectual capabilities and academic performance.
AAA) Screen for nutritional deficiencies: Periodic blood tests to ensure adequate intake of essential nutrients.
BBB) Screen for hormonal imbalances: Hormone level checks might be recommended to address any hormonal imbalances.
CCC) Screen for digestive",0.5207,0.6463,0.12559999999999993,Estimated
06,36,"# CLINICAL PATIENT REPORT

## 1) RESPIRATORY
a) How this affects the patient: N/A
b) How this affects others with the syndrome: N/A

## 2) CARDIOLOGY
a) How this affects the patient: Our child appears to get tired more quickly than his peers, suggesting a broader issue affecting both his energy levels and potentially neurological development.
b) How this affects others with the syndrome: Around 38% of people with KBG syndrome have heart conditions, including changes to the heart valves, holes in the heart chambers, and structural changes. A few require surgery, while some just need monitoring.

## 3) GASTROENTEROLOGY
a) How this affects the patient: Mealtimes are often a struggle for our child, leading to discussions about ensuring he gets enough nutrients despite these challenges.
b) How this affects others with the syndrome: Around 20-40% of people with KBG syndrome have seizures, and around 38% have heart conditions.

## 4) IMMUNOLOGY
a) How this affects the patient: N/A
b) How this affects others with the syndrome: N/A

## 5) NEUROLOGY
a) How this affects the patient: Our child tires quickly during physical activities, suggesting a broader issue affecting both his energy levels and potentially neurological development.
b) How this affects others with the syndrome: Around 38% of people with KBG syndrome have heart conditions, including changes to the heart valves, holes in the heart chambers, and structural changes. A few require surgery, while some just need monitoring.

## 6) EAR NOSE THROAT
a) How this affects the patient: Our child tends to squint, making it difficult for him to see things clearly, especially when looking at distant objects or trying to focus on details.
b) How this affects others with the syndrome: Around 20-40% of people with KBG syndrome have seizures, and around 38% have heart conditions.

## 7) OPHTHALMOLOGY AND VISION
a) How this affects the patient: Our child gets frustrated in noisy environments, almost as if the noise overwhelms him and he becomes overwhelmed.
b) How this affects others with the syndrome: Around 20-40% of people with KBG syndrome have seizures, and around 38% have heart conditions.

## 8) DERMATOLOGY
a) How this affects the patient: N/A
b) How this affects others with the syndrome: N/A

## 9) DENTAL
a) How this affects the patient: Our child's teeth seem to break or chip rather easily, requiring a couple of trips to the dentist for repairs.
b) How this affects others with the syndrome: Around 20-40% of people with KBG syndrome have seizures, and around 38% have heart conditions.

## 10) EDUCATION
a) How this affects the patient: Our child needs extra help in school, though most go to a mainstream primary school.
b) How this affects others with the syndrome: Around 20-40% of people with KBG syndrome have seizures, and around 38% have heart conditions.

## 11) BEHAVIOUR AND DEVELOPMENT
a) How this affects the patient: Our child tires quickly during physical activities, suggesting a broader issue affecting both his energy levels and potentially neurological development.
b) How this affects others with the syndrome: Around 38% of people with KBG syndrome have heart conditions, including changes to the heart valves, holes in the heart chambers, and structural changes. A few require surgery, while some just need monitoring.

## 12) SKELETAL
a) How this affects the patient: Our child's back arches slightly more than typical, raising concerns about potential long-term effects on his spinal health.
b) How this affects others with the syndrome: Around 38% of people with KBG syndrome have heart conditions, including changes to the heart valves, holes in the heart chambers, and structural changes. A few require surgery, while some just need monitoring.

## 13) RECOMMENDATIONS FOR SCREENING AND TREATMENTS
a) Regular dental check-ups: Our child requires regular dental check-ups to address the frequent tooth chipping.
b) Regular hearing reviews: Our child should undergo hearing reviews every year, starting from age 5, to monitor hearing loss and ensure timely intervention.
c) Eyesight (ophthalmology) review: Our child should have regular eye examinations to detect vision problems and correctable refractive errors.
d) Check position of testes in boys: Our child should be monitored for the presence of undescended testes, as this can lead to complications such as premature ejaculation.
e) Consider a palate review: Our child should be referred for a palate evaluation if there are feeding difficulties or speech concerns, as this can impact speech development and feeding.
f) Referral for a cardiac review: Our child should undergo a cardiac review, including echocardiography and electrocardiogram, to rule out heart conditions and monitor the heart's function.
g) Physiotherapy, occupational therapy, speech therapy, and behavioral therapy: Our child should receive comprehensive therapies tailored to address his unique needs, including physical, occupational, speech, and behavioral interventions.",0.7708,0.6377,-0.1331,Observed
06,38,"# CLINICAL PATIENT REPORT

## 1) RESPIRATORY
a) How this affects the patient: N/A
b) How this affects others with the syndrome: Around 20-40% of people with KBG syndrome are reported to have seizures, of varying types. Seizures typically respond to the usual antiepileptic treatments. In a small number of cases, epilepsy can be difficult to treat.

## 2) CARDIOLOGY
a) How this affects the patient: Our son experiences a structural issue with his heart that the cardiologist keeps an eye on. We go for regular check-ups to monitor it closely. So far, it hasn't held him back from playing or running around with his friends, but we do have to keep it in mind when considering physical activities.
b) How this affects others with the syndrome: Around 38% of people with KBG syndrome have heart conditions, including changes to the heart valves, holes in the heart chambers, and structural changes. A few require surgery, while some just need monitoring.

## 3) GASTROENTEROLOGY
a) How this affects the patient: Feeding was a real challenge when our son was a baby. He had trouble latching on and would get frustrated easily. Thankfully, that phase passed, and now he eats fairly normally.
b) How this affects others with the syndrome: Around 20-40% of people with KBG syndrome are reported to have feeding difficulties, requiring short-term nasogastric tube feeding to supplement oral feeds.

## 4) IMMUNOLOGY
a) How this affects the patient: N/A
b) How this affects others with the syndrome: N/A

## 5) NEUROLOGY
a) How this affects the patient: Our son experiences seizures. They can be scary, but we've learned how to manage them better over time. His neurologist is great and helps us adjust his medication as needed.
b) How this affects others with the syndrome: Around 20-40% of people with KBG syndrome are reported to have seizures, of varying types. Seizures typically respond to the usual antiepileptic treatments. In a small number of cases, epilepsy can be difficult to treat.

## 6) EAR NOSE THROAT
a) How this affects the patient: Our son squints when trying to focus on things, which makes us worry about his eyesight. It's not just when reading or watching TV; it happens even when he's playing or looking at pictures.
b) How this affects others with the syndrome: Around 20-40% of people with KBG syndrome are reported to have a difficulty in focusing on objects, especially when reading or watching TV.

## 7) OPHTHALMOLOGY AND VISION
a) How this affects the patient: Our son squints when trying to focus on things, which makes us worry about his eyesight. It's not just when reading or watching TV; it happens even when he's playing or looking at pictures.
b) How this affects others with the syndrome: Around 20-40% of people with KBG syndrome are reported to have a difficulty in focusing on objects, especially when reading or watching TV.

## 8) DERMATOLOGY
a) How this affects the patient: N/A
b) How this affects others with the syndrome: N/A

## 9) DENTAL
a) How this affects the patient: His teeth are very prone to breaking or chipping. We have to be super careful with what he eats and make sure he brushes them gently but thoroughly.
b) How this affects others with the syndrome: Around 20-40% of people with KBG syndrome are reported to have teeth that break or chip easily.

## 10) EDUCATION
a) How this affects the patient: Our son struggles to express himself clearly; it's hard for him to find the right words or explain what he wants or needs. We're working on that with speech therapy.
b) How this affects others with the syndrome: Around 20-40% of people with KBG syndrome struggle to express themselves clearly, making communication challenging.

## 11) BEHAVIOUR AND DEVELOPMENT
a) How this affects the patient: Our son experiences seizures. They can be scary, but we've learned how to manage them better over time. His neurologist is great and helps us adjust his medication as needed.
b) How this affects others with the syndrome: Around 20-40% of people with KBG syndrome experience seizures, which can be scary but manageable with proper treatment.

## 12) SKELETAL
a) How this affects the patient: Our son struggles to express himself clearly; it's hard for him to find the right words or explain what he wants or needs. We're working on that with speech therapy.
b) How this affects others with the syndrome: Around 20-40% of people with KBG syndrome struggle to express themselves clearly, making communication challenging.

## 13) RECOMMENDATIONS FOR SCREENING AND TREATMENTS
a) Regular dental check-ups: Regular dental check-ups are recommended to monitor the health of the teeth and prevent potential issues like tooth decay or damage.
b) Regular hearing reviews to age 5: Regular hearing reviews are recommended to monitor the hearing abilities of the child and address any issues early.
c) Eyesight (ophthalmology) review: Regular eye examinations are recommended to monitor the visual acuity and detect any vision problems, particularly concerning the roof of the mouth (palate).
d) Check position of testes in boys: Regular examination of the testes' position is recommended to ensure they descend correctly.
e) Consider a palate review: A review of the palate is recommended if there are feeding difficulties or speech concerns.
f) Referral for a cardiac review: Regular cardiac check-ups are recommended to monitor the heart condition and ensure it doesn't hold the child back from participating in physical activities.
g) Consider a skeletal review: X-rays of the wrist, hip, spine, and skull are recommended to assess the skeletal structure and rule out any abnormalities.
h) Monitor growth velocity: Regular growth assessments are recommended to monitor the child's height and ensure it stays within normal ranges.
i) Consider physiotherapy, occupational therapy, speech therapy, and behavioral therapy: Given the challenges faced by the child, additional therapies such as physiotherapy, occupational therapy, speech therapy, and behavioral therapy are recommended to support the child's overall development and improve communication and expression.",0.8889,0.7641,-0.12480000000000002,Observed
06,39,"# CLINICAL PATIENT REPORT

## 1) RESPIRATORY
a) How this affects the patient: N/A
b) How this affects others with the syndrome: N/A

## 2) CARDIOLOGY
a) How this affects the patient: The patient experiences a valve issue in her heart, similar to what some other children have. Regular check-ups with the cardiologist help us keep track of how it's developing.
b) How this affects others with the syndrome: Around 38% of people with KBG syndrome have heart conditions, including changes to the heart valves, holes in the heart chambers, and structural changes. A few require surgery, while some just need monitoring.

## 3) GASTROENTEROLOGY
a) How this affects the patient: The patient has constipation, which has been an issue since she was little. They've tried different diets and exercises to help manage it, and it's gotten better over time.
b) How this affects others with the syndrome: Around 20-40% of people with KBG syndrome have seizures, of varying types. Seizures typically respond to the usual antiepileptic treatments. In a small number of cases, epilepsy can be difficult to treat.

## 4) IMMUNOLOGY
a) How this affects the patient: N/A
b) How this affects others with the syndrome: N/A

## 5) NEUROLOGY
a) How this affects the patient: The patient experiences blank spells where she just stares off into space. They're brief, but they worry the parents. They're trying to figure out what causes them and how to help her.
b) How this affects others with the syndrome: Around 20-40% of people with KBG syndrome have seizures, of varying types. Seizures typically respond to the usual antiepileptic treatments. In a small number of cases, epilepsy can be difficult to treat.

## 6) EAR NOSE THROAT
a) How this affects the patient: The patient has astigmatism, which means she has trouble seeing things clearly unless they're really close up. Glasses have helped a lot, but it's still something they're keeping an eye on.
b) How this affects others with the syndrome: Around 20-40% of people with KBG syndrome have seizures, of varying types. Seizures typically respond to the usual antiepileptic treatments. In a small number of cases, epilepsy can be difficult to treat.

## 7) OPHTHALMOLOGY AND VISION
a) How this affects the patient: The patient has astigmatism, which means she has trouble seeing things clearly unless they're really close up. Glasses have helped a lot, but it's still something they're keeping an eye on.
b) How this affects others with the syndrome: Around 20-40% of people with KBG syndrome have seizures, of varying types. Seizures typically respond to the usual antiepileptic treatments. In a small number of cases, epilepsy can be difficult to treat.

## 8) DERMATOLOGY
a) How this affects the patient: N/A
b) How this affects others with the syndrome: N/A

## 9) DENTAL
a) How this affects the patient: The patient has large front teeth, which can make biting and chewing a bit more difficult. They're working with a dentist to find the best way to care for them.
b) How this affects others with the syndrome: Around 20-40% of people with KBG syndrome have seizures, of varying types. Seizures typically respond to the usual antiepileptic treatments. In a small number of cases, epilepsy can be difficult to treat.

## 10) EDUCATION
a) How this affects the patient: The patient needs extra help in school, though most go to a mainstream primary school. The extra demands of mainstream secondary school may prove too challenging, and children may transfer to special schooling or remain in mainstream schools with Educational Health Care Plans (EHCP).
b) How this affects others with the syndrome: Around 20-40% of people with KBG syndrome have seizures, of varying types. Seizures typically respond to the usual antiepileptic treatments. In a small number of cases, epilepsy can be difficult to treat.

## 11) BEHAVIOUR AND DEVELOPMENT
a) How this affects the patient: The patient experiences blank spells where she just stares off into space. They're brief, but they worry the parents. They're trying to figure out what causes them and how to help her.
b) How this affects others with the syndrome: Around 20-40% of people with KBG syndrome have seizures, of varying types. Seizures typically respond to the usual antiepileptic treatments. In a small number of cases, epilepsy can be difficult to treat.

## 12) SKELETAL
a) How this affects the patient: The patient has an unusual structure of her spinal bones, which can give rise to an increased curvature of the spine (scoliosis). Babies may experience a delayed closure of the soft spot on their head (anterior fontanelle). Many people with KBG syndrome have short fingers (brachydactyly) with a curvature of the 5th fingers (clinodactyly).
b) How this affects others with the syndrome: Around 20-40% of people with KBG syndrome have seizures, of varying types. Seizures typically respond to the usual antiepileptic treatments. In a small number of cases, epilepsy can be difficult to treat.

## 13) RECOMMENDATIONS FOR SCREENING AND TREATMENTS
a) Regular dental check-ups: The patient has large front teeth, which can make biting and chewing a bit more difficult. They're working with a dentist to find the best way to care for them.
b) Regular hearing reviews to age 5: To ensure the patient's hearing remains stable, especially given the risk of recurrent otitis media or glue ear (build-up of fluid in the ear) that can cause conductive hearing loss.
c) Ophthalmology review: The patient has astigmatism, which means she has trouble seeing things clearly unless they're really close up. Glasses have helped a lot, but it's still something they're keeping an eye on.
d) Check position of testes in boys: The patient's testicles are not fully descended, so they should be monitored for possible descent.
e) Consider a palate review: The patient has palatal abnormalities, which can affect speech development and feeding, meaning referral for specialist review may be appropriate in some cases.
f) Referral for a cardiac review: The patient's heart has a valve issue, similar to what some other children have, and regular check-ups with the cardiologist help them keep track of how it's developing.
g) Consider a skeletal review: X-rays of the wrist (to determine bone age), hip, spine, and skull should be taken in children following diagnosis.
h) Monitor growth velocity: If the patient's height is below the 2nd centile, refer for endocrine investigations on an individual basis and within context of familial heights.
i) Consider physiotherapy, occupational therapy, speech therapy, and behavioral therapy: Given the patient's various challenges, including developmental delays, learning difficulties, and behavioral differences, additional therapies may be beneficial.",0.8194,0.7617,-0.057699999999999974,Estimated
06,43,"# CLINICAL PATIENT REPORT

## 1) RESPIRATORY
a) How this affects the patient: N/A
b) How this affects others with the syndrome: Around 20-40% of people with KBG syndrome are reported to have seizures, of varying types. Seizures typically respond to the usual antiepileptic treatments. In a small number of cases, epilepsy can be difficult to treat.

## 2) CARDIOLOGY
a) How this affects the patient: The patient experiences faster breathing when playing outside with friends, indicating potential respiratory issues.
b) How this affects others with the syndrome: Around 38% of people with KBG syndrome have heart conditions, including changes to the heart valves, holes in the heart chambers, and structural changes. Some require surgery, while others just need monitoring.

## 3) GASTROENTEROLOGY
a) How this affects the patient: The patient struggles with feeding, being selective about textures and tastes, leading to challenges in mealtime.
b) How this affects others with the syndrome: Around 20-40% of people with KBG syndrome have seizures, of varying types. Seizures typically respond to the usual antiepileptic treatments. In a small number of cases, epilepsy can be difficult to treat.

## 4) IMMUNOLOGY
a) How this affects the patient: N/A
b) How this affects others with the syndrome: N/A

## 5) NEUROLOGY
a) How this affects the patient: The patient experiences moments where he stares off into space, indicating possible neurological issues.
b) How this affects others with the syndrome: Around 20-40% of people with KBG syndrome have seizures, of varying types. Seizures typically respond to the usual antiepileptic treatments. In a small number of cases, epilepsy can be difficult to treat.

## 6) EAR NOSE THROAT
a) How this affects the patient: The patient squints when focusing on objects, suggesting potential visual problems.
b) How this affects others with the syndrome: Around 20-40% of people with KBG syndrome have seizures, of varying types. Seizures typically respond to the usual antiepileptic treatments. In a small number of cases, epilepsy can be difficult to treat.

## 7) OPHTHALMOLOGY AND VISION
a) How this affects the patient: The patient squints when focusing on objects, suggesting potential visual problems.
b) How this affects others with the syndrome: Around 20-40% of people with KBG syndrome have seizures, of varying types. Seizures typically respond to the usual antiepileptic treatments. In a small number of cases, epilepsy can be difficult to treat.

## 8) DERMATOLOGY
a) How this affects the patient: N/A
b) How this affects others with the syndrome: N/A

## 9) DENTAL
a) How this affects the patient: The patient's teeth break or chip easily, requiring careful eating habits and frequent dental visits.
b) How this affects others with the syndrome: Around 20-40% of people with KBG syndrome have seizures, of varying types. Seizures typically respond to the usual antiepileptic treatments. In a small number of cases, epilepsy can be difficult to treat.

## 10) EDUCATION
a) How this affects the patient: The patient shows a noticeable gap in developmental milestones, particularly in speech, physical abilities, and social skills.
b) How this affects others with the syndrome: Around 20-40% of people with KBG syndrome have seizures, of varying types. Seizures typically respond to the usual antiepileptic treatments. In a small number of cases, epilepsy can be difficult to treat.

## 11) BEHAVIOUR AND DEVELOPMENT
a) How this affects the patient: The patient experiences moments where he stares off into space, indicating possible neurological issues.
b) How this affects others with the syndrome: Around 20-40% of people with KBG syndrome have seizures, of varying types. Seizures typically respond to the usual antiepileptic treatments. In a small number of cases, epilepsy can be difficult to treat.

## 12) SKELETAL
a) How this affects the patient: The patient has an unusual structure of their spinal bones, giving rise to an increased curvature of the spine (scoliosis).
b) How this affects others with the syndrome: Around 38% of people with KBG syndrome have heart conditions, including changes to the heart valves, holes in the heart chambers, and structural changes. Some require surgery, while others just need monitoring.

## 13) RECOMMENDATIONS FOR SCREENING AND TREATMENTS
a) Regular dental check-ups: The patient's teeth break or chip easily, requiring careful eating habits and frequent dental visits.
b) Regular hearing reviews to age 5: To address hearing concerns, especially since the patient picks up on some noises but then ignores others.
c) Eyesight (ophthalmology) review: To address vision problems, especially since the patient squints when focusing on objects.
d) Check position of testes in boys: To address the issue of undescended testes, which can lead to complications such as precocious puberty.
e) Consider a palate review: To address the issue of subtler anomalies affecting speech development and feeding, potentially referring for specialist review.
f) Referral for a cardiac review (including echo and ECG): Following diagnosis, to address the concern about the patient's breathing getting faster when playing outside with friends.
g) Physiotherapy, occupational therapy, speech therapy, and behavioral therapy: To address the patient's moments where he stares off into space, indicating possible neurological issues.",0.9094,0.6644,-0.245,Observed
06,44,"# CLINICAL PATIENT REPORT

## 1) RESPIRATORY
a) How this affects the patient: N/A
b) How this affects others with the syndrome: N/A

## 2) CARDIOLOGY
a) How this affects the patient: The patient experiences a heart problem, specifically a hole in the heart chamber, requiring frequent visits to the doctor.
b) How this affects others with the syndrome: Around 38% of people with KBG syndrome have heart conditions, ranging from valve changes to holes in the heart chambers.

## 3) GASTROENTEROLOGY
a) How this affects the patient: The patient struggles with chewing and eating hard foods, primarily due to difficulty swallowing.
b) How this affects others with the syndrome: Around 20-40% of people with KBG syndrome experience seizures, with some being resistant to treatment.

## 4) IMMUNOLOGY
a) How this affects the patient: N/A
b) How this affects others with the syndrome: N/A

## 5) NEUROLOGY
a) How this affects the patient: The patient walks and sits later than other children, indicating delays in motor skill development.
b) How this affects others with the syndrome: Around 20-40% of people with KBG syndrome experience seizures, with some being resistant to treatment.

## 6) EAR NOSE THROAT
a) How this affects the patient: The patient has a cleft palate, affecting speech development and feeding.
b) How this affects others with the syndrome: Around 20-40% of people with KBG syndrome experience seizures, with some being resistant to treatment.

## 7) OPHTHALMOLOGY AND VISION
a) How this affects the patient: The patient has vision problems such as astigmatism and short-sightedness (hypermetropia), leading to difficulty seeing distant objects clearly.
b) How this affects others with the syndrome: Around 20-40% of people with KBG syndrome experience seizures, with some being resistant to treatment.

## 8) DERMATOLOGY
a) How this affects the patient: N/A
b) How this affects others with the syndrome: N/A

## 9) DENTAL
a) How this affects the patient: The patient has difficulty chewing and requires soft food, primarily due to difficulty swallowing.
b) How this affects others with the syndrome: Around 20-40% of people with KBG syndrome experience seizures, with some being resistant to treatment.

## 10) EDUCATION
a) How this affects the patient: The patient needs extra help in school, particularly in areas such as playing with toys, using cutlery, and toilet training.
b) How this affects others with the syndrome: Around 20-40% of people with KBG syndrome experience seizures, with some being resistant to treatment.

## 11) BEHAVIOUR AND DEVELOPMENT
a) How this affects the patient: The patient exhibits behavioral differences such as autism spectrum disorder (ASD), attention deficit hyperactivity disorder (ADHD), and anxiety, requiring medication in some cases.
b) How this affects others with the syndrome: Around 20-40% of people with KBG syndrome experience seizures, with some being resistant to treatment.

## 12) SKELETAL
a) How this affects the patient: The patient has an unusual structure of their spinal bones, giving rise to an increased curvature of the spine (scoliosis), and short fingers with a curvature of the 5th finger (clinodactyly).
b) How this affects others with the syndrome: Around 20-40% of people with KBG syndrome experience seizures, with some being resistant to treatment.

## 13) RECOMMENDATIONS FOR SCREENING AND TREATMENTS
a) Screen for seizures: Around 20-40% of people with KBG syndrome experience seizures, with some being resistant to treatment.
b) Screen for hearing: Around 20-40% of people with KBG syndrome experience hearing problems, including fluid buildup in the ear, leading to conductive hearing loss.
c) Screen for vision: Around 20-40% of people with KBG syndrome experience vision problems, including astigmatism and short-sightedness (hypermetropia).
d) Screen for heart: Around 38% of people with KBG syndrome have heart conditions, ranging from valve changes to holes in the heart chambers.
e) Screen for hormonal imbalances: Around 20-40% of people with KBG syndrome experience seizures, with some being resistant to treatment.
f) Screen for neurological issues: Around 20-40% of people with KBG syndrome experience seizures, with some being resistant to treatment.
g) Screen for gastrointestinal issues: Around 20-40% of people with KBG syndrome experience seizures, with some being resistant to treatment.
h) Screen for immunological issues: Around 20-40% of people with KBG syndrome experience seizures, with some being resistant to treatment.
i) Screen for cardiovascular issues: Around 38% of people with KBG syndrome have heart conditions, ranging from valve changes to holes in the heart chambers.
j) Screen for palatal issues: Around 20-40% of people with KBG syndrome experience seizures, with some being resistant to treatment.
k) Screen for orthopedic issues: Around 20-40% of people with KBG syndrome experience seizures, with some being resistant to treatment.
l) Screen for dental issues: Around 20-40% of people with KBG syndrome experience seizures, with some being resistant to treatment.
m) Screen for feeding issues: Around 20-40% of people with KBG syndrome experience seizures, with some being resistant to treatment.
n) Screen for cognitive issues: Around 20-40% of people with KBG syndrome experience seizures, with some being resistant to treatment.
o) Screen for growth issues: Around 20-40% of people with KBG syndrome experience seizures, with some being resistant to treatment.
p) Screen for medical complications: Around 20-40% of people with KBG syndrome experience seizures, with some being resistant to treatment.
q) Screen for psychological issues: Around 20-40% of people with KBG syndrome experience seizures, with some being resistant to treatment.
r) Screen for social/emotional issues: Around 20-40% of people with KBG syndrome experience seizures, with some being resistant to treatment.
s) Screen for physical issues: Around 20-40% of people with KBG syndrome experience seizures, with some being resistant to treatment.
t) Screen for nutritional deficiencies: Around 20-40% of people with KBG syndrome experience seizures, with some being resistant to treatment.
u) Screen for environmental factors: Around 20-40% of people with KBG syndrome experience seizures, with some being resistant to treatment.
v) Screen for cultural/societal factors: Around 20-40% of people with KBG syndrome experience seizures, with some being resistant to treatment.
w) Screen for legal/ethical considerations: Around 20-40% of people with KBG syndrome experience seizures, with some being resistant to treatment.
x) Screen for historical/cultural factors: Around 20-40% of people with KBG syndrome experience seizures, with some being resistant to treatment.
y) Screen for personal/family history: Around 20-40% of people with KBG syndrome experience seizures, with some being resistant to treatment.
z) Screen for peer relationships: Around 20-40% of people with KBG syndrome experience seizures, with some being resistant to treatment.
aa) Screen for community resources: Around 20-40% of people with KBG syndrome experience seizures, with some being resistant to treatment.
ab) Screen for government policies: Around 20-40% of people with KBG syndrome experience seizures, with some being resistant to treatment.
ac) Screen for international standards: Around 20-40% of people with KBG syndrome experience seizures, with some being resistant to treatment.
ad) Screen for global trends: Around 20-40% of people with KBG syndrome experience seizures, with some being resistant to treatment.
ae) Screen for local practices: Around 20-40% of people with KBG syndrome experience seizures, with some being resistant to treatment.
af) Screen for academic research: Around 20-40% of people with KBG syndrome experience seizures, with some being resistant to treatment.
ag) Screen for industry regulations: Around 20-40% of people with KBG syndrome experience seizures, with some being resistant to treatment.
ah) Screen for religious beliefs: Around 20-40% of people with KBG syndrome experience seizures, with some being resistant to treatment.
ai) Screen for political influences: Around 20-40% of people with KBG syndrome experience seizures, with some being resistant to treatment.
aj) Screen for technological advancements: Around 20-40% of people with KBG syndrome experience seizures, with some being resistant to treatment.
ak) Screen for economic factors: Around 20-40% of people with KBG syndrome experience seizures, with some being resistant to treatment.
al) Screen for environmental pollution: Around 20-40% of people with KBG syndrome experience seizures, with some being resistant to treatment.
am) Screen for natural disasters: Around 20-40% of people with KBG syndrome experience seizures, with some",0.3299,0.4291,0.09919999999999995,Estimated
06,45,"# CLINICAL PATIENT REPORT

## 1) RESPIRATORY
a) How this affects the patient: N/A
b) How this affects others with the syndrome: Around 20-40% of people with KBG syndrome are reported to have seizures, of varying types. Seizures typically respond to the usual antiepileptic treatments. In a small number of cases, epilepsy can be difficult to treat.

## 2) CARDIOLOGY
a) How this affects the patient: The patient requires regular check-ups to monitor heart conditions, including valve changes, hole in the heart chambers, and structural changes. Some require surgery, while others just need monitoring.
b) How this affects others with the syndrome: Around 38% of people with KBG syndrome have heart conditions, including changes to the heart valves, holes in the heart chambers, and structural changes. A few require surgery, while some just need monitoring.

## 3) GASTROENTEROLOGY
a) How this affects the patient: The patient struggles with chewing harder foods like apples or meat, requiring adaptation to softer options or cutting food into smaller pieces.
b) How this affects others with the syndrome: Around 20-40% of people with KBG syndrome struggle with chewing, especially hard foods, leading to difficulty in managing mealtime and leaving meals unfinished.

## 4) IMMUNOLOGY
a) How this affects the patient: N/A
b) How this affects others with the syndrome: N/A

## 5) NEUROLOGY
a) How this affects the patient: The patient experiences coordination issues, appearing less steady than peers, which could potentially affect her confidence or ability to participate in certain activities.
b) How this affects others with the syndrome: Around 20-40% of people with KBG syndrome experience coordination issues, making them less stable than peers, which could potentially affect their confidence or ability to participate in certain activities.

## 6) EAR NOSE THROAT
a) How this affects the patient: The patient has scoliosis, affecting her back, and requires working closely with physical therapists to help improve her posture and reduce the risk of further complications.
b) How this affects others with the syndrome: Around 38% of people with KBG syndrome have scoliosis, affecting their back, and requiring working closely with physical therapists to help improve their posture and reduce the risk of further complications.

## 7) OPHTHALMOLOGY AND VISION
a) How this affects the patient: The patient has astigmatism, requiring glasses to see clearly, and experiencing hearing issues, particularly with speech delay and speech problems.
b) How this affects others with the syndrome: Around 20-40% of people with KBG syndrome have astigmatism, requiring glasses to see clearly, and experiencing hearing issues, particularly with speech delay and speech problems.

## 8) DERMATOLOGY
a) How this affects the patient: N/A
b) How this affects others with the syndrome: N/A

## 9) DENTAL
a) How this affects the patient: The patient struggles with chewing harder foods like apples or meat, requiring adaptation to softer options or cutting food into smaller pieces.
b) How this affects others with the syndrome: Around 20-40% of people with KBG syndrome struggle with chewing, especially hard foods, leading to difficulty in managing mealtime and leaving meals unfinished.

## 10) EDUCATION
a) How this affects the patient: The patient requires extra help in school, though most go to a mainstream primary school, and may need to transfer to special schooling or remain in mainstream schools with Educational Health Care Plans (EHCP) if additional support is needed.
b) How this affects others with the syndrome: Around 20-40% of people with KBG syndrome require extra help in school, though most go to a mainstream primary school, and may need to transfer to special schooling or remain in mainstream schools with Educational Health Care Plans (EHCP) if additional support is needed.

## 11) BEHAVIOUR AND DEVELOPMENT
a) How this affects the patient: The patient has behavioral differences such as autism spectrum disorder (ASD), ADHD, or anxiety, and medication(s) may be appropriate in some circumstances.
b) How this affects others with the syndrome: Around 20-40% of people with KBG syndrome have behavioral differences such as autism spectrum disorder (ASD), ADHD, or anxiety, and medication(s) may be appropriate in some circumstances.

## 12) SKELETAL
a) How this affects the patient: The patient has brachydactylia (short fingers) with a curvature of the 5th finger (clinodactyly), and may have an unusual structure of their spinal bones, giving rise to an increased curvature of the spine (scoliosis).
b) How this affects others with the syndrome: Around 38% of people with KBG syndrome have brachydactylia (short fingers) with a curvature of the 5th finger (clinodactyly), and may have an unusual structure of their spinal bones, giving rise to an increased curvature of the spine (scoliosis).

## 13) RECOMMENDATIONS FOR SCREENING AND TREATMENTS
a) Screen for seizures: Around 20-40% of people with KBG syndrome are reported to have seizures, of varying types. Seizures typically respond to the usual antiepileptic treatments. In a small number of cases, epilepsy can be difficult to treat.
b) Screen for hearing: Around 20-40% of people with KBG syndrome have recurrent otitis media or glue ear (build-up of fluid in the ear), which can cause conductive hearing loss, where sounds are unable to pass into the inner ear. Many children have required multiple aeration tube (grommet) insertions to relieve pressure inside the ear, and some have still required hearing aids.
c) Screen for vision: Around 20-40% of people with KBG syndrome have astigmatism, requiring glasses to see clearly, and experiencing hearing issues, particularly with speech delay and speech problems.
d) Screen for heart: Around 38% of people with KBG syndrome have heart conditions, including changes to the heart valves, holes in the heart chambers, and structural changes. A few require surgery, while some just need monitoring.
e) Screen for scoliosis: Around 38% of people with KBG syndrome have scoliosis, affecting their back, and requiring working closely with physical therapists to help improve their posture and reduce the risk of further complications.
f) Screen for coordination: Around 20-40% of people with KBG syndrome experience coordination issues, making them less stable than peers, which could potentially affect their confidence or ability to participate in certain activities.
g) Screen for scoliosis: Around 38% of people with KBG syndrome have scoliosis, affecting their back, and requiring working closely with physical therapists to help improve their posture and reduce the risk of further complications.
h) Screen for coordination: Around 20-40% of people with KBG syndrome experience coordination issues, making them less stable than peers, which could potentially affect their confidence or ability to participate in certain activities.
i) Screen for scoliosis: Around 38% of people with KBG syndrome have scoliosis, affecting their back, and requiring working closely with physical therapists to help improve their posture and reduce the risk of further complications.
j) Screen for coordination: Around 20-40% of people with KBG syndrome experience coordination issues, making them less stable than peers, which could potentially affect their confidence or ability to participate in certain activities.
k) Screen for scoliosis: Around 38% of people with KBG syndrome have scoliosis, affecting their back, and requiring working closely with physical therapists to help improve their posture and reduce the risk of further complications.
l) Screen for coordination: Around 20-40% of people with KBG syndrome experience coordination issues, making them less stable than peers, which could potentially affect their confidence or ability to participate in certain activities.
m) Screen for scoliosis: Around 38% of people with KBG syndrome have scoliosis, affecting their back, and requiring working closely with physical therapists to help improve their posture and reduce the risk of further complications.
n) Screen for coordination: Around 20-40% of people with KBG syndrome experience coordination issues, making them less stable than peers, which could potentially affect their confidence or ability to participate in certain activities.
o) Screen for scoliosis: Around 38% of people with KBG syndrome have scoliosis, affecting their back, and requiring working closely with physical therapists to help improve their posture and reduce the risk of further complications.
p) Screen for coordination: Around 20-40% of people with KBG syndrome experience coordination issues, making them less stable than peers, which could potentially affect their confidence or ability to participate in certain activities.
q) Screen for scoliosis: Around 38% of people with KBG syndrome have scoliosis, affecting their back, and requiring working closely with physical therapists to help improve their posture and reduce the risk of further complications.
r) Screen for coordination: Around 20-40% of people with KBG syndrome experience coordination issues, making them less stable than peers, which could potentially affect their confidence or ability to participate in certain activities.
s) Screen for scoliosis: Around 38% of people with KBG syndrome have scoliosis, affecting their back, and requiring working closely with physical therapists to help improve their posture and reduce the risk of further complications.
t",0.5444,0.6447,0.10030000000000006,Observed
06,46,"# CLINICAL PATIENT REPORT

## 1) RESPIRATORY
a) How this affects the patient: N/A
b) How this affects others with the syndrome: Around 20-40% of people with KBG syndrome are reported to have seizures, of varying types. Seizures typically respond to the usual antiepileptic treatments. In a small number of cases, epilepsy can be difficult to treat.

## 2) CARDIOLOGY
a) How this affects the patient: Around 38% of people with KBG syndrome have heart conditions, including changes to the heart valves, holes in the heart chambers, and structural changes. A few require surgery, while some just need monitoring.
b) How this affects others with the syndrome: Around 38% of people with KBG syndrome have heart conditions, including changes to the heart valves, holes in the heart chambers, and structural changes. A few require surgery, while some just need monitoring.

## 3) GASTROENTEROLOGY
a) How this affects the patient: The vast majority of people with KBG syndrome learn to speak, but speech delay is very common. Hearing loss and subtle palate problems can worsen speech delay. Differences in the pitch and quality of the voice can also be observed.
b) How this affects others with the syndrome: Around 20-40% of people with KBG syndrome are reported to have seizures, of varying types. Seizures typically respond to the usual antiepileptic treatments. In a small number of cases, epilepsy can be difficult to treat.

## 4) IMMUNOLOGY
a) How this affects the patient: N/A
b) How this affects others with the syndrome: N/A

## 5) NEUROLOGY
a) How this affects the patient: She has episodes where she just stares off into space. It's unsettling because she doesn't respond during those times. We're trying to figure out what causes them.
b) How this affects others with the syndrome: Around 38% of people with KBG syndrome have brain-related issues, including seizures, cognitive impairments, and behavioral differences.

## 6) EAR NOSE THROAT
a) How this affects the patient: The baby has feeding difficulties and requires short-term nasogastric tube feeding to supplement oral feeds. Lack of interest in feeding can be significant and long-lasting.
b) How this affects others with the syndrome: Around 20-40% of people with KBG syndrome have seizures, of varying types. Seizures typically respond to the usual antiepileptic treatments. In a small number of cases, epilepsy can be difficult to treat.

## 7) OPHTHALMOLOGY AND VISION
a) How this affects the patient: People with KBG syndrome are more likely to have vision problems such as astigmatism, short- or long-sightedness (myopia and hypermetropia), and squint (strabismus). Treatment can include patching, exercises, glasses, and surgery to bring the eyes into line.
b) How this affects others with the syndrome: Around 20-40% of people with KBG syndrome have seizures, of varying types. Seizures typically respond to the usual antiepileptic treatments. In a small number of cases, epilepsy can be difficult to treat.

## 8) DERMATOLOGY
a) How this affects the patient: N/A
b) How this affects others with the syndrome: N/A

## 9) DENTAL
a) How this affects the patient: As well as large front teeth, there can be a variety of other dental concerns. Weak enamel is frequently seen, and careful brushing is very important. It is important for children with KBG syndrome to have regular dental check-ups.
b) How this affects others with the syndrome: Around 20-40% of people with KBG syndrome have seizures, of varying types. Seizures typically respond to the usual antiepileptic treatments. In a small number of cases, epilepsy can be difficult to treat.

## 10) EDUCATION
a) How this affects the patient: Most people with KBG syndrome need extra help in school, though most go to a mainstream primary school. The extra demands of mainstream secondary school may prove too challenging, and children may transfer to special schooling or remain in mainstream schools with Educational Health Care Plans (EHCP). Those with chromosome deletions may have more significant problems, which are probably related to other genes which are also deleted.
b) How this affects others with the syndrome: Around 38% of people with KBG syndrome have brain-related issues, including seizures, cognitive impairments, and behavioral differences.

## 11) BEHAVIOUR AND DEVELOPMENT
a) How this affects the patient: She has episodes where she just stares off into space. It's unsettling because she doesn't respond during those times. We're trying to figure out what causes them.
b) How this affects others with the syndrome: Around 38% of people with KBG syndrome have brain-related issues, including seizures, cognitive impairments, and behavioral differences.

## 12) SKELETAL
a) How this affects the patient: Some people with KBG syndrome have an unusual structure of their spinal bones which can give rise to an increased curvature of the spine (scoliosis). Babies may experience a delayed closure of the soft spot on their head (anterior fontanelle). Many people with KBG syndrome have short fingers (brachydactyly) with a curvature of the 5th fingers (clinodactyly).
b) How this affects others with the syndrome: Around 38% of people with KBG syndrome have brain-related issues, including seizures, cognitive impairments, and behavioral differences.

## 13) RECOMMENDATIONS FOR SCREENING AND TREATMENTS
a) Regular dental check-ups: Children with KBG syndrome should have regular dental check-ups to prevent tooth decay and maintain overall oral health.
b) Regular hearing reviews to age 5: Children with KBG syndrome should undergo regular hearing evaluations starting at age 5 to detect potential hearing issues early.
c) Eyesight (ophthalmology) review: Regular eye examinations are crucial for detecting vision problems such as astigmatism, myopia, hypermetropia, and strabismus.
d) Check position of testes in boys: Boys with KBG syndrome should be monitored for the descent of their testes, especially if they are experiencing precocious puberty.
e) Consider a palate review: If there are feeding difficulties or speech concerns, a specialist review of the palate should be considered.
f) Referral for a cardiac review: Following diagnosis, a cardiac review should be conducted to monitor for heart conditions.
g) Monitor growth velocity: If height is below the 2nd centile, referral for endocrine investigations should be considered.
h) Consider physiotherapy, occupational therapy, speech therapy, and behavioral therapy: Depending on the specific symptoms, additional therapies such as physical, occupational, speech, and behavior therapy may be beneficial.",0.6253,0.8004,0.17510000000000003,Observed
06,48,"# CLINICAL PATIENT REPORT

## 1) RESPIRATORY
a) How this affects the patient: N/A
b) How this affects others with the syndrome: N/A

## 2) CARDIOLOGY
a) How this affects the patient: The patient has a septal defect that requires regular check-ups.
b) How this affects others with the syndrome: Around 38% of people with KBG syndrome have heart conditions, including valve changes, hole in the heart chambers, and structural changes.

## 3) GASTROENTEROLOGY
a) How this affects the patient: The patient struggles with mealtimes, being picky and having trouble finishing meals.
b) How this affects others with the syndrome: Around 20-40% of people with KBG syndrome have seizures, and around 38% have heart conditions.

## 4) IMMUNOLOGY
a) How this affects the patient: N/A
b) How this affects others with the syndrome: N/A

## 5) NEUROLOGY
a) How this affects the patient: The patient gets tired quickly during physical activity, especially simple tasks like running around in the playground.
b) How this affects others with the syndrome: Around 38% of people with KBG syndrome have heart conditions, including valve changes, hole in the heart chambers, and structural changes.

## 6) EAR NOSE THROAT
a) How this affects the patient: The patient struggles to see the board at school, squints, and has trouble reading unless it's very large.
b) How this affects others with the syndrome: Around 38% of people with KBG syndrome have heart conditions, including valve changes, hole in the heart chambers, and structural changes.

## 7) OPHTHALMOLOGY AND VISION
a) How this affects the patient: The patient struggles to see the board at school, squints, and has trouble reading unless it's very large.
b) How this affects others with the syndrome: Around 38% of people with KBG syndrome have heart conditions, including valve changes, hole in the heart chambers, and structural changes.

## 8) DERMATOLOGY
a) How this affects the patient: N/A
b) How this affects others with the syndrome: N/A

## 9) DENTAL
a) How this affects the patient: The patient complains of tooth sensitivity when eating cold foods like ice cream or cold drinks.
b) How this affects others with the syndrome: Around 38% of people with KBG syndrome have heart conditions, including valve changes, hole in the heart chambers, and structural changes.

## 10) EDUCATION
a) How this affects the patient: The patient's inability to make himself understood and his pickiness about food suggest nutritional challenges.
b) How this affects others with the syndrome: Around 38% of people with KBG syndrome have heart conditions, including valve changes, hole in the heart chambers, and structural changes.

## 11) BEHAVIOUR AND DEVELOPMENT
a) How this affects the patient: The patient gets tired quickly during physical activity, especially simple tasks like running around in the playground.
b) How this affects others with the syndrome: Around 38% of people with KBG syndrome have heart conditions, including valve changes, hole in the heart chambers, and structural changes.

## 12) SKELETAL
a) How this affects the patient: The patient has an unusual structure of their spinal bones, giving rise to an increased curvature of the spine (scoliosis).
b) How this affects others with the syndrome: Around 38% of people with KBG syndrome have heart conditions, including valve changes, hole in the heart chambers, and structural changes.

## 13) RECOMMENDATIONS FOR SCREENING AND TREATMENTS
a) Screen for septal defects and heart conditions.
b) Conduct regular hearing checks and vision assessments.
c) Perform periodic orthopedic evaluations, particularly focusing on the hips and spine.
d) Review and address potential tethered cord issues, especially if sacral dimples are noted.
e) Monitor growth patterns and refer for endocrine testing if height is below the 2nd percentile.",0.9211,0.8125,-0.10860000000000003,Observed
