DPO_mean,Weighted_SFT_mean,Mean_difference,DPO_median,DPO_SD,Difference_SD
0.546038888888889,0.5534157407407407,-0.007376851851851853,0.51895,0.26104182671738674,0.15964485971949222
0.5626092592592591,0.5534157407407407,0.009193518518518518,0.5359,0.2602745913532842,0.1404410118450628
0.5597129629629629,0.5534157407407407,0.00629722222222222,0.53335,0.2579080130489883,0.14824449649101779
0.562175,0.5534157407407407,0.008759259259259257,0.5385,0.27015826276324095,0.1654698515821651
0.5683148148148147,0.5534157407407407,0.01489907407407408,0.5359,0.262131638762192,0.15879160709910317
0.5648203703703704,0.5534157407407407,0.011404629629629626,0.5528,0.2670926619142871,0.151952799720348
0.556200925925926,0.5534157407407407,0.0027851851851851826,0.5215,0.2661567465563336,0.14920477418059766
0.5660296296296297,0.5534157407407407,0.012613888888888883,0.525,0.26157959288320953,0.16433417654583263
0.5606555555555556,0.5534157407407407,0.007239814814814814,0.54705,0.26440242527672064,0.14662293106463287
0.5714583333333333,0.5534157407407407,0.018042592592592586,0.55555,0.259396239002055,0.15056947053980166
0.5617611111111112,0.5534157407407407,0.008345370370370368,0.5433,0.25618759037895344,0.1494907901293802
0.5607435185185184,0.5534157407407407,0.007327777777777776,0.5433,0.26221182821298133,0.14929250084973744
0.583436111111111,0.5534157407407407,0.030020370370370374,0.5483499999999999,0.2760342876095958,0.1725158807584978
0.5668861111111111,0.5534157407407407,0.013470370370370369,0.5359,0.2650728235182037,0.15430541886612514
0.5562175925925926,0.5534157407407407,0.002801851851851851,0.5305500000000001,0.2623833144586366,0.15025227569550748
0.572250925925926,0.5534157407407407,0.018835185185185184,0.5635000000000001,0.2706869193679141,0.1641635594900749
0.5531092592592592,0.5534157407407407,-0.0003064814814814837,0.5354,0.2665955211103174,0.1471697787909375
0.5532351851851852,0.5534157407407407,-0.00018055555555555828,0.50505,0.26381975733047236,0.14596700783187072
0.5635787037037038,0.5534157407407407,0.010162962962962966,0.54705,0.26871845811024037,0.14652994054203033
0.5612444444444445,0.5534157407407407,0.0078287037037037,0.5527500000000001,0.26950894019930405,0.1433414543420128
0.5562444444444444,0.5534157407407407,0.0028287037037036996,0.5359,0.25222711110490087,0.1420918223925194
0.5658518518518518,0.5534157407407407,0.012436111111111113,0.53165,0.2677561331117711,0.1679243011799998
0.5594787037037037,0.5534157407407407,0.006062962962962963,0.5518000000000001,0.2628277052107355,0.15203898269949612
0.5731472222222223,0.5534157407407407,0.019731481481481485,0.5556000000000001,0.2697971395961564,0.17016723310894177
0.56715,0.5534157407407407,0.013734259259259255,0.5608500000000001,0.2673618062112851,0.1546066798390291
0.5638583333333334,0.5534157407407407,0.010442592592592594,0.5460499999999999,0.2629759212619121,0.15220439602362534
0.5626083333333333,0.5534157407407407,0.00919259259259259,0.5359499999999999,0.26048619606635876,0.15226985802923598
0.5720759259259259,0.5534157407407407,0.018660185185185182,0.54425,0.27166739796294487,0.17194433023229005
0.5609509259259259,0.5534157407407407,0.007535185185185185,0.54705,0.256295108633417,0.15396383743078756
0.5695851851851853,0.5534157407407407,0.016169444444444445,0.5556000000000001,0.26309293365859693,0.15506642198057158
0.563738888888889,0.5534157407407407,0.010323148148148144,0.5546,0.26500951202584117,0.1509588491346321
0.5488925925925925,0.5534157407407407,-0.004523148148148147,0.5166,0.2741631626562942,0.1568667001268533
0.5752,0.5534157407407407,0.02178425925925926,0.55905,0.271912283822298,0.15611475898906074
0.5609203703703703,0.5534157407407407,0.007504629629629626,0.5305500000000001,0.26077872374628275,0.1426386771579044
0.5572083333333333,0.5534157407407407,0.00379259259259259,0.51945,0.27036482763733244,0.14682952076785027
0.5709083333333334,0.5534157407407407,0.017492592592592594,0.5547500000000001,0.26515166921389705,0.14985900831956703
0.5675212962962962,0.5534157407407407,0.014105555555555557,0.5305500000000001,0.25941208982228925,0.1629767444182875
0.5714601851851852,0.5534157407407407,0.018044444444444443,0.5556000000000001,0.25009938022464273,0.1499542318545574
0.566000925925926,0.5534157407407407,0.012585185185185185,0.5305500000000001,0.26746833562102695,0.15195293345005725
0.5567953703703704,0.5534157407407407,0.0033796296296296287,0.5359499999999999,0.27497387756449193,0.15428258074506296
0.5651611111111111,0.5534157407407407,0.011745370370370366,0.5556000000000001,0.2690650662486481,0.14294302334248934
0.5589379629629628,0.5534157407407407,0.005522222222222221,0.5359,0.2693880322320025,0.14556962513944957
0.5624083333333333,0.5534157407407407,0.008992592592592588,0.5385,0.27519720715716356,0.15387228877555803
0.5578814814814814,0.5534157407407407,0.0044657407407407415,0.5359,0.2604900515251573,0.14568449917995852
0.5743027777777777,0.5534157407407407,0.020887037037037034,0.5944499999999999,0.27031878600455833,0.1652003773912282
0.5566092592592593,0.5534157407407407,0.0031935185185185144,0.5326,0.2710978209274204,0.15722481925374723
0.5600685185185185,0.5534157407407407,0.006652777777777776,0.5282,0.271629632620248,0.15277176089445088
0.5612768518518517,0.5534157407407407,0.00786111111111111,0.54705,0.271585026567035,0.15487221855774158
0.5582842592592593,0.5534157407407407,0.004868518518518523,0.5333000000000001,0.2687358186345899,0.14517805158909272
0.5461962962962963,0.5534157407407407,-0.007219444444444446,0.51895,0.2619712108481716,0.16188370838024685
0.548749074074074,0.5534157407407407,-0.0046666666666666705,0.5305500000000001,0.2663519748098669,0.1438905555018008
0.5640851851851851,0.5534157407407407,0.010669444444444445,0.53165,0.25889247138742155,0.15043292755625817
0.5573138888888889,0.5534157407407407,0.003898148148148149,0.5305500000000001,0.2700585050696166,0.14677662154462
0.5517555555555556,0.5534157407407407,-0.0016601851851851873,0.5359,0.2768766881413765,0.15189332517178328
0.5611277777777778,0.5534157407407407,0.0077120370370370355,0.525,0.26753223330413445,0.15992406885044183
0.5762898148148148,0.5534157407407407,0.022874074074074074,0.5446,0.26131132931786927,0.14984643065321404
0.5639212962962963,0.5534157407407407,0.010505555555555558,0.5556000000000001,0.2626685901165534,0.14652524125210487
0.5822361111111112,0.5534157407407407,0.02882037037037036,0.5556000000000001,0.2716310005494615,0.1518664032661044
0.5693407407407407,0.5534157407407407,0.015924999999999998,0.5359,0.26851131166657416,0.1495014625784113
0.542888888888889,0.5534157407407407,-0.01052685185185185,0.5359,0.26454560666590277,0.1539495660871045
0.5489694444444444,0.5534157407407407,-0.004446296296296297,0.5,0.26818237359347563,0.15609491446745785
0.586923148148148,0.5534157407407407,0.03350740740740741,0.55625,0.2615409775104072,0.1570845612524345
0.5677953703703704,0.5534157407407407,0.014379629629629633,0.5305500000000001,0.27068574716206245,0.15745401153795432
0.5557638888888888,0.5534157407407407,0.0023481481481481474,0.5305500000000001,0.26592154329514844,0.16410060766429518
0.5698675925925926,0.5534157407407407,0.01645185185185185,0.5556000000000001,0.2632709647920967,0.1433352057642918
0.5667675925925926,0.5534157407407407,0.013351851851851853,0.5556,0.2702714429331709,0.15956142430857065
0.5534888888888889,0.5534157407407407,7.314814814814626e-05,0.5359,0.27452784423181376,0.15603595955454846
0.5560953703703704,0.5534157407407407,0.0026796296296296286,0.5305500000000001,0.25867155676152653,0.1424497378216928
0.5484435185185185,0.5534157407407407,-0.0049722222222222225,0.5282,0.27591594862432534,0.1520646252394724
0.5496009259259259,0.5534157407407407,-0.003814814814814813,0.53335,0.2605377345426761,0.1476395685728477
0.5708768518518519,0.5534157407407407,0.01746111111111111,0.54705,0.2647100648466507,0.15026917395708458
0.5791907407407408,0.5534157407407407,0.025775,0.56115,0.27160953025034057,0.16015932845343164
0.5596842592592592,0.5534157407407407,0.006268518518518516,0.5298499999999999,0.2580350067397532,0.15151592288437649
0.5413583333333333,0.5534157407407407,-0.012057407407407407,0.52105,0.27138266224863905,0.15005454534978785
0.5634305555555555,0.5534157407407407,0.010014814814814813,0.5398,0.2643075009131236,0.15121676513814167
0.5634037037037037,0.5534157407407407,0.009987962962962962,0.5556,0.2644487304076005,0.15889414081267045
0.5576074074074074,0.5534157407407407,0.004191666666666665,0.5359,0.26528662429291394,0.15381913649587442
0.5776759259259259,0.5534157407407407,0.024260185185185183,0.5469999999999999,0.26663597848471077,0.16595402636650639
0.5682416666666665,0.5534157407407407,0.014825925925925928,0.5401,0.26331071483463975,0.15883054472735078
0.5814879629629629,0.5534157407407407,0.028072222222222224,0.5546,0.27161388954532967,0.17706598581696412
0.5657712962962963,0.5534157407407407,0.012355555555555552,0.5359,0.2632942609704704,0.14795373255917926
0.5596249999999999,0.5534157407407407,0.006209259259259259,0.5126499999999999,0.2602031198405706,0.1549702742295221
0.5594074074074075,0.5534157407407407,0.005991666666666667,0.51895,0.2634166156539132,0.1502251183776827
0.5655194444444445,0.5534157407407407,0.012103703703703703,0.5385,0.2605372068638876,0.14956771849587372
0.5713499999999999,0.5534157407407407,0.017934259259259257,0.5527500000000001,0.26120825848174367,0.1473968171723199
0.5617453703703703,0.5534157407407407,0.008329629629629633,0.5385,0.2627441719332862,0.1492233809817927
0.5582842592592593,0.5534157407407407,0.004868518518518514,0.5359,0.2640723984423066,0.14983248505945937
0.560312037037037,0.5534157407407407,0.006896296296296294,0.5359499999999999,0.25560817660476665,0.1508720222206825
0.5604222222222222,0.5534157407407407,0.00700648148148148,0.5325500000000001,0.2682333505414253,0.15339803717148756
0.5438287037037037,0.5534157407407407,-0.009587037037037038,0.5,0.2715284226532911,0.15180653827828364
0.5617212962962962,0.5534157407407407,0.008305555555555552,0.5305500000000001,0.26277746174670735,0.14894392586795713
0.5635296296296295,0.5534157407407407,0.010113888888888891,0.5462,0.2607397446516028,0.15177355701516082
0.5616879629629629,0.5534157407407407,0.008272222222222219,0.54705,0.26753405922313855,0.15405134041242888
0.5633305555555554,0.5534157407407407,0.009914814814814812,0.5359,0.2600176336429819,0.1532702889039916
0.5726527777777778,0.5534157407407407,0.019237037037037035,0.53095,0.2668593295500698,0.15107100428296633
0.5649481481481481,0.5534157407407407,0.011532407407407406,0.51895,0.2721793888525815,0.1691903141373304
0.5603648148148148,0.5534157407407407,0.006949074074074074,0.53095,0.26307603368246263,0.1583198356901826
0.5546333333333333,0.5534157407407407,0.0012175925925925941,0.5359,0.26651147298689576,0.14987106909326953
0.5658361111111111,0.5534157407407407,0.012420370370370363,0.54705,0.2664754546597812,0.15124482335113407
0.5602916666666666,0.5534157407407407,0.006875925925925923,0.5354,0.26834031472990744,0.1477940976591182
0.5685907407407408,0.5534157407407407,0.015175000000000001,0.53095,0.2728736325714106,0.15523941240403932
0.5633759259259259,0.5534157407407407,0.009960185185185187,0.54425,0.2708573338546936,0.15963029948012666
0.5639796296296296,0.5534157407407407,0.010563888888888887,0.5359499999999999,0.2673116420466818,0.17023106971118868
0.572387962962963,0.5534157407407407,0.018972222222222217,0.5469999999999999,0.2719324385985733,0.14999558425483786
0.5679370370370369,0.5534157407407407,0.014521296296296298,0.5354,0.2576965394915212,0.14649728079574345
0.5787231481481482,0.5534157407407407,0.025307407407407403,0.5556000000000001,0.27061338584656586,0.1628326316372917
0.566887962962963,0.5534157407407407,0.01347222222222222,0.5469999999999999,0.26519881017677316,0.1607795407273914
0.5705555555555555,0.5534157407407407,0.017139814814814816,0.54705,0.2727570434199683,0.16473925528465
0.5563990740740741,0.5534157407407407,0.002983333333333334,0.5556,0.2589501187831862,0.15175053957624743
0.5574277777777777,0.5534157407407407,0.004012037037037036,0.5125,0.26039879941198363,0.15538405222393745
0.5587916666666667,0.5534157407407407,0.005375925925925924,0.5359,0.263564782554126,0.15562411632920778
0.5712703703703704,0.5534157407407407,0.017854629629629623,0.58155,0.26406536335389774,0.15013137448426442
0.5723101851851852,0.5534157407407407,0.018894444444444443,0.55555,0.25880807486421026,0.15930039502994908
0.5755953703703702,0.5534157407407407,0.022179629629629626,0.5608500000000001,0.25599384644482875,0.15700068918192642
0.5634703703703703,0.5534157407407407,0.01005462962962963,0.5359,0.26422137392910333,0.1433025271146034
0.5602074074074074,0.5534157407407407,0.006791666666666666,0.51895,0.26767889806255185,0.15371186245335297
0.5630009259259259,0.5534157407407407,0.009585185185185183,0.5546,0.2599684500970524,0.14999664408383936
0.5603083333333333,0.5534157407407407,0.006892592592592593,0.54705,0.2695179463187015,0.1517111703104091
0.5561851851851851,0.5534157407407407,0.0027694444444444437,0.5282,0.26546947298490137,0.14650427282106368
0.5898546296296296,0.5534157407407407,0.03643888888888888,0.5556000000000001,0.2607657846887653,0.16714191900999187
0.5728222222222222,0.5534157407407407,0.01940648148148148,0.5398,0.26874593509930295,0.1539363336493723
0.569386111111111,0.5534157407407407,0.01597037037037037,0.5469999999999999,0.25825921031366533,0.15348146727251216
0.5560851851851852,0.5534157407407407,0.0026694444444444443,0.51895,0.2699266043595682,0.14987479476003085
0.5608296296296296,0.5534157407407407,0.007413888888888887,0.5401,0.2626420325171151,0.15604053119426825
0.5735675925925926,0.5534157407407407,0.020151851851851844,0.5944499999999999,0.26231226872398133,0.15270374744098422
0.5681916666666667,0.5534157407407407,0.014775925925925927,0.5354,0.2748548640374529,0.1542207035268965
0.5619907407407408,0.5534157407407407,0.008575,0.54425,0.2688684626240845,0.15525808006423897
0.5790148148148148,0.5534157407407407,0.025599074074074073,0.5556000000000001,0.2681875438139787,0.169187976249927
0.5662935185185185,0.5534157407407407,0.012877777777777778,0.5398,0.2688929294862385,0.1531699674897464
0.5643287037037037,0.5534157407407407,0.010912962962962961,0.5305500000000001,0.26392958139388717,0.15836346169055357
0.5701953703703703,0.5534157407407407,0.016779629629629624,0.5359,0.26464939507736424,0.16008522599281283
0.5606768518518519,0.5534157407407407,0.007261111111111113,0.5359,0.26622363608895894,0.1538347698585904
0.5730287037037036,0.5534157407407407,0.01961296296296296,0.5286,0.2673896523385734,0.15554446195051516
0.5643046296296296,0.5534157407407407,0.01088888888888889,0.5305500000000001,0.2636649209491355,0.1453874586971567
0.5582851851851851,0.5534157407407407,0.004869444444444443,0.5305500000000001,0.2574248010384489,0.14481546714671786
0.5778722222222222,0.5534157407407407,0.024456481481481475,0.5646,0.26700829446787183,0.15014340016065772
0.5668138888888888,0.5534157407407407,0.013398148148148145,0.53095,0.26081529879527726,0.15049377543651674
0.5730046296296295,0.5534157407407407,0.019588888888888892,0.5398,0.2618969795974964,0.15730309176595264
0.5632101851851851,0.5534157407407407,0.009794444444444448,0.55555,0.2730612108091582,0.15099024405776373
0.5592925925925926,0.5534157407407407,0.005876851851851854,0.5305500000000001,0.25818471063258297,0.16047047220535504
0.5692694444444444,0.5534157407407407,0.0158537037037037,0.5556000000000001,0.25698443731138515,0.15059072865302112
0.5748824074074074,0.5534157407407407,0.021466666666666665,0.54705,0.2626951485838239,0.16284642498636903
0.5490703703703703,0.5534157407407407,-0.004345370370370374,0.51895,0.2794884155756424,0.15065697212341106
0.5682944444444445,0.5534157407407407,0.014878703703703696,0.55185,0.26151282337827575,0.14657990137175825
0.5658157407407407,0.5534157407407407,0.012399999999999996,0.53765,0.26206532722056514,0.14747405094095226
0.5761064814814815,0.5534157407407407,0.02269074074074074,0.5528,0.26828468673252276,0.16780843246667557
0.5602212962962964,0.5534157407407407,0.006805555555555557,0.5122,0.25834311425392403,0.14569845176717572
0.5615333333333333,0.5534157407407407,0.008117592592592593,0.5556000000000001,0.27235844990314667,0.15095999768998886
0.5492462962962962,0.5534157407407407,-0.004169444444444447,0.5,0.2681260208750104,0.150822734012534
0.5688268518518518,0.5534157407407407,0.015411111111111108,0.5398,0.2751703158594391,0.153826901949041
0.5699435185185185,0.5534157407407407,0.016527777777777777,0.5359,0.263719253963128,0.15382058722082523
0.5615398148148149,0.5534157407407407,0.00812407407407407,0.5359,0.27680042810316646,0.15381749464223227
0.5651277777777778,0.5534157407407407,0.011712037037037036,0.5625500000000001,0.27075248269357605,0.1538583653323003
0.5715648148148148,0.5534157407407407,0.01814907407407407,0.54705,0.27281985817039583,0.14885768245308292
0.5704907407407407,0.5534157407407407,0.017075000000000003,0.58155,0.25972143075939624,0.15353876378941345
0.5517046296296296,0.5534157407407407,-0.0017111111111111107,0.5333,0.2721504893562951,0.15709482304261738
0.5630694444444444,0.5534157407407407,0.009653703703703706,0.5359,0.26216707644843634,0.14507959106353904
0.5687064814814815,0.5534157407407407,0.015290740740740738,0.5433,0.26433709867004807,0.16439032166581494
0.5702722222222222,0.5534157407407407,0.016856481481481483,0.5305500000000001,0.2690285020627339,0.15604276628818403
0.5685935185185186,0.5534157407407407,0.01517777777777778,0.5289,0.26183702867196995,0.15235209793287485
0.5533777777777777,0.5534157407407407,-3.796296296296495e-05,0.5215,0.25575129907430216,0.14579455249082052
0.5521953703703704,0.5534157407407407,-0.0012203703703703736,0.5305500000000001,0.26181360401895515,0.14156775053798415
0.5602361111111112,0.5534157407407407,0.006820370370370371,0.5305500000000001,0.2663330346001311,0.15582467007976952
0.5874175925925925,0.5534157407407407,0.034001851851851846,0.5944499999999999,0.26552890432757514,0.17491142056271672
0.5644759259259259,0.5534157407407407,0.011060185185185185,0.5547500000000001,0.2663002756254677,0.15325903180521505
0.5723453703703704,0.5534157407407407,0.018929629629629626,0.5518000000000001,0.2676866041021653,0.15762562547209455
0.5642574074074074,0.5534157407407407,0.010841666666666668,0.5359,0.2716217907943638,0.15424734725600311
0.5688212962962963,0.5534157407407407,0.015405555555555549,0.5556,0.26490035299875436,0.14271682624067786
0.5687481481481481,0.5534157407407407,0.015332407407407407,0.5469999999999999,0.2648204235430315,0.1464867681362724
0.5662722222222223,0.5534157407407407,0.012856481481481483,0.5305500000000001,0.2635358748861812,0.1561300005136794
0.5570314814814814,0.5534157407407407,0.003615740740740736,0.5298499999999999,0.2609295846747401,0.14962060565899313
0.5475453703703704,0.5534157407407407,-0.005870370370370372,0.5166,0.2732272965606527,0.14869249285568267
0.5598925925925925,0.5534157407407407,0.006476851851851849,0.5433,0.2728159424397526,0.1564452241225158
0.5556861111111111,0.5534157407407407,0.002270370370370365,0.51265,0.2617781976379373,0.15811032482040766
0.5567916666666667,0.5534157407407407,0.0033759259259259233,0.5298,0.26200319792761895,0.150936784979283
0.564600925925926,0.5534157407407407,0.011185185185185187,0.5359,0.269279607487237,0.16959599151871993
0.5564916666666666,0.5534157407407407,0.0030759259259259255,0.50505,0.26604474190681104,0.14954882606573452
0.5648814814814814,0.5534157407407407,0.011465740740740738,0.54425,0.26392716042309794,0.13875436856777676
0.5502537037037037,0.5534157407407407,-0.0031620370370370374,0.5305500000000001,0.2689065450786841,0.1458192458853702
0.559949074074074,0.5534157407407407,0.006533333333333332,0.5359,0.26819991898058193,0.14967336898452432
0.5627472222222222,0.5534157407407407,0.009331481481481477,0.5359,0.2712259000735669,0.15041925995699157
0.5661129629629629,0.5534157407407407,0.012697222222222219,0.5359,0.27597082098656484,0.1620242698206149
0.5597157407407407,0.5534157407407407,0.006300000000000002,0.5354,0.2621919726032378,0.14501031352299523
0.5653527777777777,0.5534157407407407,0.011937037037037034,0.5556000000000001,0.28008628792534745,0.16064772081863754
0.5551092592592592,0.5534157407407407,0.0016935185185185191,0.5462,0.2660272537289159,0.14416121834073697
0.5582916666666666,0.5534157407407407,0.004875925925925927,0.5460499999999999,0.2692577686988305,0.1562823516386738
0.5647305555555555,0.5534157407407407,0.011314814814814814,0.53095,0.26252067349240027,0.14584521805303508
0.5465259259259259,0.5534157407407407,-0.006889814814814819,0.5,0.2634862653571243,0.15093188841998056
0.5566425925925925,0.5534157407407407,0.00322685185185185,0.5166,0.2611309011103645,0.13822621280984856
0.561248148148148,0.5534157407407407,0.00783240740740741,0.54705,0.2687736095194405,0.1523658937408849
0.5604981481481481,0.5534157407407407,0.007082407407407406,0.5359,0.2621883410160774,0.15120403979465957
0.5759861111111112,0.5534157407407407,0.022570370370370373,0.5556000000000001,0.2664462385352719,0.15861060250194425
0.5599046296296296,0.5534157407407407,0.006488888888888888,0.5333,0.25668284564690774,0.14993787830973504
0.553175,0.5534157407407407,-0.000240740740740742,0.51895,0.26859764792708557,0.13953386956071404
0.5522805555555556,0.5534157407407407,-0.0011351851851851872,0.5333,0.26364278383609774,0.15163418493252864
0.556737037037037,0.5534157407407407,0.0033212962962962953,0.5359,0.276442233269564,0.16343716278051074
0.5746768518518518,0.5534157407407407,0.021261111111111113,0.5556000000000001,0.2586950008752527,0.15671459196045953
0.5654111111111111,0.5534157407407407,0.011995370370370372,0.5556000000000001,0.26279037996209653,0.13816819249602474
0.5595509259259259,0.5534157407407407,0.006135185185185186,0.5359,0.2609686931112262,0.14227711102115523
0.5707055555555556,0.5534157407407407,0.017289814814814813,0.5359,0.2598273969975638,0.161420198124591
0.5625749999999999,0.5534157407407407,0.00915925925925926,0.5105999999999999,0.27584218131991184,0.15644822142878845
0.5586666666666666,0.5534157407407407,0.005250925925925922,0.5282,0.2631300815434908,0.15236921187729038
0.560712962962963,0.5534157407407407,0.007297222222222223,0.5359,0.2684536866695369,0.15099593449892118
0.5728361111111111,0.5534157407407407,0.01942037037037037,0.55455,0.2699017188583265,0.158104921840346
0.5493138888888889,0.5534157407407407,-0.004101851851851854,0.5305500000000001,0.2624466890087415,0.14349399999275847
0.5687657407407407,0.5534157407407407,0.015349999999999999,0.5556000000000001,0.2648415492299341,0.15005362374831205
0.5658407407407408,0.5534157407407407,0.012425000000000004,0.54705,0.26885946995849347,0.15452374775902677
0.5662370370370371,0.5534157407407407,0.012821296296296292,0.5359,0.2636819266247158,0.14954108556246706
0.568824074074074,0.5534157407407407,0.015408333333333333,0.54425,0.2612337274350346,0.14806818720018042
0.5615222222222221,0.5534157407407407,0.00810648148148148,0.51895,0.2572228225413466,0.15393995933185484
0.5480462962962962,0.5534157407407407,-0.005369444444444448,0.5359,0.2691077032852512,0.14366456873554048
0.5678648148148148,0.5534157407407407,0.014449074074074067,0.5359,0.2726646933728584,0.16854619295022108
0.5703046296296296,0.5534157407407407,0.01688888888888889,0.55555,0.2706589423286775,0.15428212313890818
0.5704388888888888,0.5534157407407407,0.017023148148148152,0.5556000000000001,0.2701584442796048,0.1596506317729766
0.5583685185185185,0.5534157407407407,0.004952777777777773,0.5469999999999999,0.27231858975611023,0.15398038378424275
0.5682277777777777,0.5534157407407407,0.014812037037037037,0.5359499999999999,0.25480248932649424,0.150574467382712
0.5637935185185184,0.5534157407407407,0.010377777777777777,0.5547500000000001,0.25795247634216606,0.14336862450414958
0.5546388888888889,0.5534157407407407,0.001223148148148146,0.5305500000000001,0.2607213644398736,0.14842364197303134
0.5709277777777778,0.5534157407407407,0.017512037037037034,0.5635000000000001,0.25478013861811893,0.14645322606159647
0.5714231481481481,0.5534157407407407,0.018007407407407406,0.55185,0.2738532984744271,0.15727611870436964
0.558425,0.5534157407407407,0.0050092592592592584,0.5359,0.27554455009813755,0.15853552185288253
0.5594490740740741,0.5534157407407407,0.006033333333333334,0.54705,0.27722495049454826,0.1511053015268912
0.5687851851851852,0.5534157407407407,0.015369444444444444,0.54425,0.26900761508688137,0.16400206259150496
0.5634972222222221,0.5534157407407407,0.010081481481481481,0.5333,0.2580571383002723,0.15681170215973456
0.5575777777777777,0.5534157407407407,0.004162037037037037,0.5359,0.2678916754621753,0.15831441490245024
0.5600453703703704,0.5534157407407407,0.006629629629629629,0.53335,0.25423580135112084,0.14400868954782592
0.5567064814814814,0.5534157407407407,0.0032907407407407434,0.5385,0.27097841803676903,0.1437519940777008
0.5663953703703704,0.5534157407407407,0.012979629629629627,0.5625,0.26839530908900594,0.14528262161014857
0.5606518518518518,0.5534157407407407,0.00723611111111111,0.5289,0.26891460809174483,0.15098807371255119
0.5659574074074074,0.5534157407407407,0.012541666666666666,0.55555,0.25896545838433027,0.15220890963704192
0.5674555555555556,0.5534157407407407,0.014039814814814812,0.54555,0.2720375827297498,0.15362558498694873
0.5701685185185185,0.5534157407407407,0.016752777777777773,0.54705,0.25694133249722245,0.1648269193933376
0.5710611111111111,0.5534157407407407,0.017645370370370367,0.57365,0.25814337783535957,0.14648340557621992
0.5698027777777779,0.5534157407407407,0.016387037037037037,0.5556000000000001,0.2714879300455844,0.16915832051804194
0.5538268518518519,0.5534157407407407,0.000411111111111109,0.5359,0.26231509717669504,0.14136427348985542
0.5560805555555555,0.5534157407407407,0.0026648148148148165,0.54705,0.2746088121525564,0.15179066334727123
0.5556037037037037,0.5534157407407407,0.0021879629629629606,0.5385,0.25862549112384803,0.148086548776457
0.5835194444444445,0.5534157407407407,0.030103703703703702,0.54905,0.26462715278710885,0.15430679473711528
0.5628657407407407,0.5534157407407407,0.009450000000000002,0.5359,0.26802197083955115,0.16591336749646998
0.573037037037037,0.5534157407407407,0.019621296296296293,0.5385,0.2651921830343811,0.1641548801663114
0.5831981481481482,0.5534157407407407,0.02978240740740741,0.5944499999999999,0.25082970504132485,0.16557817806732308
0.5735907407407408,0.5534157407407407,0.020175000000000002,0.54705,0.26411584527731197,0.16430245481695793
0.5673111111111111,0.5534157407407407,0.013895370370370376,0.5359,0.2656761795847605,0.15577893297771245
0.5662509259259259,0.5534157407407407,0.012835185185185182,0.54425,0.25624807580599473,0.14695998076583422
0.5704222222222222,0.5534157407407407,0.017006481481481477,0.52085,0.26852747795606596,0.1571770792980427
0.5680925925925927,0.5534157407407407,0.014676851851851845,0.54705,0.26352898994749774,0.15341765157339493
0.5777296296296297,0.5534157407407407,0.02431388888888889,0.55555,0.26721596301415296,0.1588406392703096
0.5722666666666667,0.5534157407407407,0.018850925925925924,0.5359,0.26919823533326154,0.15552971558207515
0.5658925925925926,0.5534157407407407,0.012476851851851848,0.5385,0.26247504579339287,0.15694832747289342
0.5542527777777778,0.5534157407407407,0.0008370370370370342,0.52545,0.273878994174719,0.15456888105071356
0.5748916666666666,0.5534157407407407,0.021475925925925926,0.5469999999999999,0.26076188878014156,0.1627338793545734
0.5586722222222222,0.5534157407407407,0.005256481481481478,0.5305500000000001,0.2630152320784786,0.15480848419911517
0.5605388888888889,0.5534157407407407,0.007123148148148151,0.54705,0.27513087789059115,0.15379827703814852
0.5637027777777778,0.5534157407407407,0.010287037037037036,0.5556000000000001,0.26714803605825355,0.14564122483846123
0.5593592592592592,0.5534157407407407,0.005943518518518514,0.5305500000000001,0.26349055633542323,0.1495633896636849
0.5672425925925926,0.5534157407407407,0.013826851851851849,0.5528,0.26397883383137494,0.16667805141542003
0.582025925925926,0.5534157407407407,0.028610185185185183,0.5556000000000001,0.2641396838655498,0.15220613048420467
0.5749981481481482,0.5534157407407407,0.021582407407407415,0.5528,0.27067407651541575,0.1609082717904795
0.5552259259259258,0.5534157407407407,0.0018101851851851781,0.5126499999999999,0.2748300964930642,0.15009813982037046
0.5716777777777778,0.5534157407407407,0.01826203703703703,0.57365,0.2767668131249699,0.16703111060467266
0.5662962962962963,0.5534157407407407,0.012880555555555551,0.51895,0.2785680486760169,0.1569146946403714
0.5711305555555556,0.5534157407407407,0.017714814814814808,0.5556000000000001,0.26786612448463404,0.14651496610411086
0.553012037037037,0.5534157407407407,-0.00040370370370370446,0.5185,0.2678012244838773,0.16533619045449438
0.5620685185185186,0.5534157407407407,0.008652777777777777,0.53095,0.27213349996535185,0.15640158379240468
0.5606944444444444,0.5534157407407407,0.0072787037037036996,0.5359,0.27102856277153936,0.15049147586685527
0.5606157407407407,0.5534157407407407,0.007199999999999996,0.5305500000000001,0.2602342737353191,0.16191915832221862
0.5679,0.5534157407407407,0.014484259259259256,0.54585,0.2659009361594413,0.1594118900348807
0.5723518518518519,0.5534157407407407,0.018936111111111112,0.5528,0.26971938636241216,0.1520587413907314
0.5563564814814815,0.5534157407407407,0.0029407407407407386,0.5359,0.2674380659451386,0.15426860422624386
0.5681759259259259,0.5534157407407407,0.014760185185185185,0.53095,0.27536887371539326,0.1567511892007625
0.571312962962963,0.5534157407407407,0.017897222222222217,0.5469999999999999,0.27082365579962087,0.15092306170019046
0.5652064814814814,0.5534157407407407,0.011790740740740734,0.5385,0.2523595729702904,0.15514846946398234
0.5673055555555556,0.5534157407407407,0.013889814814814808,0.5398,0.26538949222919467,0.1531855785773502
0.5715342592592593,0.5534157407407407,0.018118518518518516,0.57365,0.2669939157702375,0.15818865653304168
0.5617333333333333,0.5534157407407407,0.008317592592592593,0.5398,0.26758218127954214,0.14909219867685822
0.5718435185185184,0.5534157407407407,0.018427777777777772,0.55185,0.26224698006979724,0.14872040620299487
0.5573212962962963,0.5534157407407407,0.0039055555555555545,0.5282,0.2580485356255502,0.14560206673672674
0.5497009259259259,0.5534157407407407,-0.003714814814814817,0.5,0.27080598997205013,0.14186530719646256
0.5541722222222222,0.5534157407407407,0.0007564814814814804,0.51895,0.2680307099273784,0.14808394075320813
0.5561916666666666,0.5534157407407407,0.0027759259259259204,0.5326,0.26933091487166394,0.1586387036429861
0.5716296296296296,0.5534157407407407,0.018213888888888887,0.5635000000000001,0.25808472536944227,0.15081252796217784
0.5659185185185185,0.5534157407407407,0.012502777777777776,0.5359,0.2711235419157884,0.16214612854322988
0.5668925925925926,0.5534157407407407,0.013476851851851854,0.5433,0.272516742417578,0.14976401287563498
0.5651083333333333,0.5534157407407407,0.011692592592592595,0.5305500000000001,0.27071047717676355,0.15750804204580632
0.5707731481481481,0.5534157407407407,0.017357407407407408,0.5556000000000001,0.26378071557214633,0.15285391975915766
0.5611824074074074,0.5534157407407407,0.007766666666666666,0.5359,0.25738726625028496,0.14906472783362315
0.5662425925925926,0.5534157407407407,0.012826851851851855,0.5462,0.2699196028462777,0.14759011225301089
0.5619268518518519,0.5534157407407407,0.00851111111111111,0.5185,0.2623806201551235,0.16444674354992395
0.5843666666666667,0.5534157407407407,0.03095092592592592,0.54705,0.27150362383771115,0.16540857230968162
0.5543166666666668,0.5534157407407407,0.0009009259259259244,0.5127,0.26401637321784194,0.1462804434296525
0.5731472222222221,0.5534157407407407,0.01973148148148148,0.5469999999999999,0.2677648160628722,0.15652079832426447
0.5651435185185185,0.5534157407407407,0.011727777777777774,0.5359,0.2613676818158372,0.15545115158658368
0.5671055555555555,0.5534157407407407,0.01368981481481481,0.5556000000000001,0.2677529199412616,0.15381170606728825
0.549687962962963,0.5534157407407407,-0.0037277777777777804,0.5305500000000001,0.26551842068473236,0.15254907519444072
0.5680898148148148,0.5534157407407407,0.014674074074074075,0.5460499999999999,0.26771613434173386,0.15891798059127676
0.5763425925925926,0.5534157407407407,0.022926851851851855,0.53765,0.2568386679347303,0.1528488084487483
0.5690027777777777,0.5534157407407407,0.015587037037037035,0.5695000000000001,0.2718533450358209,0.15547556113667824
0.5658601851851851,0.5534157407407407,0.012444444444444444,0.5305500000000001,0.2746309251258485,0.16530149081615572
0.5813759259259259,0.5534157407407407,0.027960185185185185,0.5556000000000001,0.2656385098582196,0.1887988163968794
0.5787546296296296,0.5534157407407407,0.025338888888888886,0.5556000000000001,0.25557112636714624,0.1696171642221208
0.5642277777777779,0.5534157407407407,0.010812037037037037,0.54705,0.26787200417933366,0.15012060554399523
0.5708157407407407,0.5534157407407407,0.0174,0.5556000000000001,0.2566124778115925,0.15240662347320957
0.5777703703703704,0.5534157407407407,0.024354629629629625,0.5556000000000001,0.26851139562627496,0.15547487063486165
0.5648805555555556,0.5534157407407407,0.011464814814814815,0.5556000000000001,0.2599986522101419,0.15357731062633478
0.5590685185185185,0.5534157407407407,0.0056527777777777765,0.5298,0.2611135484188405,0.14940008348552844
0.5602657407407408,0.5534157407407407,0.00685,0.52105,0.2724979201368066,0.16208583251723063
0.5589481481481481,0.5534157407407407,0.005532407407407407,0.51895,0.2659400148376805,0.16120275259628017
0.5606277777777777,0.5534157407407407,0.007212037037037037,0.5305500000000001,0.2589373022777974,0.14474646201192823
0.5573546296296296,0.5534157407407407,0.003938888888888886,0.5305500000000001,0.27847588341168367,0.16560602715640996
0.5609037037037036,0.5534157407407407,0.007487962962962961,0.5359,0.2717648371572863,0.1587162846485329
0.5616148148148148,0.5534157407407407,0.008199074074074072,0.5556000000000001,0.26766503575785744,0.15099836756892587
0.5516046296296295,0.5534157407407407,-0.001811111111111112,0.5122,0.2568225316869696,0.1454270824983694
0.5704046296296296,0.5534157407407407,0.01698888888888889,0.5359,0.26257696811406306,0.15824417388004586
0.5681398148148148,0.5534157407407407,0.014724074074074077,0.54705,0.2727006704973147,0.15499539509009502
0.5677731481481482,0.5534157407407407,0.014357407407407409,0.5556000000000001,0.2714003962167926,0.15780254620720585
0.5652222222222222,0.5534157407407407,0.011806481481481479,0.5359,0.26086505743994615,0.13937552130451814
0.5566342592592592,0.5534157407407407,0.0032185185185185177,0.5305500000000001,0.266252096885091,0.15811515154844133
0.5672425925925926,0.5534157407407407,0.013826851851851849,0.5556000000000001,0.26349577315012473,0.15439092426868425
0.5636555555555555,0.5534157407407407,0.010239814814814816,0.54705,0.2643758887069602,0.1519319399641622
0.5764962962962963,0.5534157407407407,0.023080555555555552,0.55625,0.25797273127137355,0.15020316861295144
0.5628305555555555,0.5534157407407407,0.009414814814814813,0.5398,0.26495225013580265,0.14731904332479767
0.5696620370370371,0.5534157407407407,0.016246296296296297,0.5667,0.2692310267068157,0.156244141229031
0.5762111111111111,0.5534157407407407,0.02279537037037037,0.5635000000000001,0.2579545172302698,0.15071427841012267
0.5458842592592593,0.5534157407407407,-0.007531481481481484,0.51895,0.27765770198130574,0.14774689689367398
0.5621694444444445,0.5534157407407407,0.008753703703703703,0.5401,0.2588182859312664,0.15536316239425943
0.5608722222222222,0.5534157407407407,0.007456481481481482,0.5141,0.2592110884589282,0.16021760860507964
0.5696277777777777,0.5534157407407407,0.016212037037037035,0.55555,0.2695596658010825,0.15248320864664472
0.5599685185185186,0.5534157407407407,0.006552777777777781,0.5359,0.2683634645273305,0.16506358868620555
0.5633675925925925,0.5534157407407407,0.009951851851851854,0.5305500000000001,0.2609391499334318,0.1534785835353429
0.5628055555555556,0.5534157407407407,0.009389814814814811,0.5401,0.2669427880995852,0.155991903659908
0.5467083333333332,0.5534157407407407,-0.006707407407407411,0.51055,0.2727479097378294,0.1539527319761987
0.5674722222222223,0.5534157407407407,0.014056481481481482,0.5433,0.2604811862305267,0.15042297887763095
0.5699231481481482,0.5534157407407407,0.016507407407407405,0.5556,0.2627743353684189,0.14756542012153642
0.5589814814814814,0.5534157407407407,0.00556574074074074,0.5305500000000001,0.25571216483117204,0.14973145129505294
0.5737749999999999,0.5534157407407407,0.020359259259259258,0.5875,0.26279873508742657,0.15752339036344953
0.5577277777777778,0.5534157407407407,0.004312037037037036,0.55185,0.2697521357379817,0.15172412724525744
0.559212962962963,0.5534157407407407,0.00579722222222222,0.5305500000000001,0.26277670670628417,0.15098975855492158
0.5491564814814814,0.5534157407407407,-0.004259259259259265,0.51945,0.26201690010170375,0.14985870793307743
0.5460083333333333,0.5534157407407407,-0.0074074074074074086,0.512,0.27238295681549424,0.15077024403599534
0.5591037037037038,0.5534157407407407,0.0056879629629629615,0.52105,0.276849104595132,0.1503944313927299
0.5736499999999999,0.5534157407407407,0.02023425925925926,0.54705,0.27704603602066996,0.1654720385572922
0.5625574074074075,0.5534157407407407,0.009141666666666666,0.51895,0.2771993163278995,0.17127771301788075
0.5724194444444444,0.5534157407407407,0.0190037037037037,0.54705,0.2507101209735398,0.15459040419853531
0.5548101851851851,0.5534157407407407,0.0013944444444444482,0.5359,0.27465920903957647,0.1525316065505269
0.5559731481481482,0.5534157407407407,0.0025574074074074062,0.5166,0.2614040484804303,0.15549160340566381
0.5658351851851852,0.5534157407407407,0.012419444444444446,0.5556,0.26881929145936134,0.17148695787488855
0.5632185185185185,0.5534157407407407,0.009802777777777778,0.5359,0.2695494198608437,0.14250586179669045
0.5687305555555555,0.5534157407407407,0.015314814814814814,0.5527500000000001,0.26081192007989823,0.1500305905348208
0.5614342592592592,0.5534157407407407,0.008018518518518513,0.53765,0.2614354912881066,0.15013265856527738
0.5706046296296295,0.5534157407407407,0.01718888888888889,0.5305500000000001,0.2641778742262544,0.1549680174018029
0.5620240740740741,0.5534157407407407,0.008608333333333332,0.54425,0.26935116045660834,0.15176420663610984
0.5605925925925926,0.5534157407407407,0.007176851851851849,0.55555,0.2590547283511075,0.14849734483071486
0.5678175925925926,0.5534157407407407,0.014401851851851851,0.5359,0.27447306690085876,0.1630186136849211
0.5713537037037038,0.5534157407407407,0.017937962962962965,0.5556000000000001,0.2670818315657385,0.16526548831942062
0.564787962962963,0.5534157407407407,0.01137222222222222,0.53765,0.2662765190926732,0.15270698705062907
0.5696472222222222,0.5534157407407407,0.016231481481481482,0.5359,0.27012207709527913,0.1578924114043899
0.5588740740740741,0.5534157407407407,0.005458333333333333,0.5385,0.26165992103269387,0.15847108296315143
0.5528333333333334,0.5534157407407407,-0.0005824074074074091,0.5289,0.2648813234526336,0.15112152183096014
0.5647583333333333,0.5534157407407407,0.011342592592592593,0.5528,0.26604496462240096,0.14787803777697026
0.5616296296296297,0.5534157407407407,0.008213888888888889,0.5359,0.2685620136740239,0.14993291986585724
0.5620305555555555,0.5534157407407407,0.008614814814814813,0.51895,0.26562842273404114,0.15899181946557733
0.5507046296296296,0.5534157407407407,-0.0027111111111111116,0.50505,0.2698588954181613,0.1568741053269098
0.5587287037037036,0.5534157407407407,0.005312962962962963,0.52105,0.26511530027409846,0.16192621262496087
0.5677842592592593,0.5534157407407407,0.014368518518518518,0.5556000000000001,0.2755419822014804,0.15976673044952872
0.5453018518518518,0.5534157407407407,-0.00811388888888889,0.5194,0.27508346804026945,0.14290185996339197
0.5777259259259259,0.5534157407407407,0.024310185185185188,0.55905,0.26882998496613364,0.154469386580706
0.5558203703703704,0.5534157407407407,0.00240462962962963,0.5359,0.2554257826107056,0.14598173639720755
0.5589805555555556,0.5534157407407407,0.005564814814814811,0.5528,0.26300223390484884,0.15353022735946656
0.5631416666666668,0.5534157407407407,0.009725925925925924,0.5359,0.27008229591259875,0.14981508937289176
0.5563638888888889,0.5534157407407407,0.0029481481481481464,0.538,0.26285531980747573,0.15732589693691845
0.5656824074074074,0.5534157407407407,0.012266666666666664,0.5385,0.2502640787785185,0.14029699006237
0.5750675925925925,0.5534157407407407,0.02165185185185185,0.5385,0.2617569975423284,0.1648155250158741
0.5719296296296296,0.5534157407407407,0.018513888888888892,0.5653000000000001,0.27046063692009975,0.15687646694154705
0.5547962962962963,0.5534157407407407,0.0013805555555555526,0.5359,0.2674073786461,0.1444062056672167
0.56535,0.5534157407407407,0.011934259259259259,0.54705,0.26705326134036145,0.15361741843046497
0.5651157407407408,0.5534157407407407,0.011699999999999999,0.5359,0.2720746575530763,0.16488330679548213
0.571699074074074,0.5534157407407407,0.018283333333333335,0.55905,0.2673214860706533,0.15179108275435127
0.5647555555555556,0.5534157407407407,0.011339814814814815,0.53765,0.2584796018030951,0.1395500325243082
0.5570722222222222,0.5534157407407407,0.0036564814814814754,0.51055,0.26398948996118926,0.15515239434703054
0.5644601851851853,0.5534157407407407,0.011044444444444442,0.55555,0.27303028107020255,0.14884022942094988
0.5627583333333332,0.5534157407407407,0.009342592592592592,0.5385,0.2664305541980506,0.14032634141226022
0.5747787037037038,0.5534157407407407,0.021362962962962962,0.5556000000000001,0.2668391433443261,0.15937723989562083
0.5610231481481481,0.5534157407407407,0.007607407407407408,0.5359,0.27089625168831993,0.15287085912882722
0.5533657407407407,0.5534157407407407,-4.999999999999552e-05,0.5305500000000001,0.25948093159626007,0.14620124748563243
0.5755361111111111,0.5534157407407407,0.022120370370370374,0.5944499999999999,0.261873182712525,0.14688252649827258
0.5617111111111112,0.5534157407407407,0.00829537037037037,0.5546,0.26349407389577695,0.14248930203113314
0.5694490740740741,0.5534157407407407,0.016033333333333337,0.5359,0.26697972988105095,0.15865745444342438
0.5726444444444445,0.5534157407407407,0.019228703703703703,0.54425,0.26302267353077613,0.1571219640861961
0.5560361111111112,0.5534157407407407,0.0026203703703703684,0.54705,0.2609627944471583,0.15363600188919604
0.5761,0.5534157407407407,0.022684259259259255,0.5625,0.2637420284484319,0.15558769211229195
0.5772722222222222,0.5534157407407407,0.02385648148148148,0.54425,0.2599825769983041,0.15604068800392407
0.5685342592592592,0.5534157407407407,0.015118518518518519,0.5528,0.2633984087129804,0.15550800511182525
0.5785129629629628,0.5534157407407407,0.025097222222222215,0.54865,0.2618770211815357,0.15561989725648318
0.5729898148148148,0.5534157407407407,0.01957407407407407,0.5469999999999999,0.2562514988111407,0.1668212454086571
0.5465898148148148,0.5534157407407407,-0.006825925925925926,0.50505,0.26759322314450074,0.15201628501693362
0.5674148148148148,0.5534157407407407,0.013999074074074072,0.5359,0.26167012257706856,0.15635872934417605
0.5663583333333333,0.5534157407407407,0.012942592592592594,0.5460499999999999,0.25825797619116264,0.15206896996711888
0.5585944444444444,0.5534157407407407,0.005178703703703701,0.5333,0.2553967969534485,0.1547758771871495
0.5669314814814815,0.5534157407407407,0.013515740740740741,0.54425,0.2643299536946477,0.14515874273027773
0.5726064814814814,0.5534157407407407,0.01919074074074074,0.5518000000000001,0.26294183901627627,0.14881684819262983
0.5682435185185185,0.5534157407407407,0.014827777777777773,0.5556000000000001,0.26666946927882135,0.15774659190792992
0.5643675925925925,0.5534157407407407,0.010951851851851855,0.5401,0.2653323462879594,0.15114705130446282
0.5798962962962964,0.5534157407407407,0.026480555555555552,0.5556,0.25832716991274135,0.16057791159791068
0.5602472222222222,0.5534157407407407,0.006831481481481486,0.5305500000000001,0.25436101008243334,0.15317126853403926
0.5725879629629629,0.5534157407407407,0.019172222222222226,0.5359,0.26642276141065885,0.1495037115991823
0.5602824074074073,0.5534157407407407,0.006866666666666668,0.5359,0.27425332100109845,0.16047929787585988
0.5516148148148147,0.5534157407407407,-0.001800925925925928,0.51055,0.26134218189980796,0.14959591396749497
0.5575879629629629,0.5534157407407407,0.00417222222222222,0.5359,0.2654246098209724,0.17040477201060872
0.5696212962962962,0.5534157407407407,0.016205555555555553,0.5664,0.27730582329927206,0.163546425906503
0.5446722222222222,0.5534157407407407,-0.008743518518518515,0.5187,0.26581582227308537,0.1550317165458987
0.5698185185185185,0.5534157407407407,0.016402777777777773,0.5556000000000001,0.264495635053342,0.15587052166757548
0.5708120370370371,0.5534157407407407,0.017396296296296302,0.54705,0.26916745429543754,0.14755775040905356
0.5688305555555556,0.5534157407407407,0.015414814814814819,0.5305500000000001,0.27394483326840613,0.16189713061066088
0.5651351851851851,0.5534157407407407,0.011719444444444447,0.55185,0.27177560126328754,0.15094082733540923
0.5618787037037037,0.5534157407407407,0.008462962962962962,0.5359,0.26188563247245955,0.14232520323277587
0.5623009259259258,0.5534157407407407,0.008885185185185183,0.54425,0.2595357780588114,0.14507543111447058
0.5555925925925925,0.5534157407407407,0.0021768518518518504,0.5231,0.2582536131976942,0.1435323029234879
0.5630833333333333,0.5534157407407407,0.009667592592592592,0.54765,0.26670619085988734,0.16764615485900664
0.5723370370370371,0.5534157407407407,0.018921296296296294,0.54705,0.26896320374835303,0.16086459741381148
0.5702777777777778,0.5534157407407407,0.016862037037037033,0.54865,0.2644792846801468,0.15258091018479683
0.560699074074074,0.5534157407407407,0.007283333333333332,0.54425,0.25352486227888416,0.1418995593836395
0.5608027777777779,0.5534157407407407,0.007387037037037033,0.53505,0.26350877069881845,0.14851768269597326
0.5559805555555556,0.5534157407407407,0.002564814814814814,0.5305500000000001,0.2635172258315741,0.16057529070214238
0.5530055555555555,0.5534157407407407,-0.0004101851851851873,0.5305500000000001,0.26367584560902124,0.14800966559737158
0.565025,0.5534157407407407,0.011609259259259255,0.5359,0.2626377581117789,0.1582944066156518
0.5581787037037037,0.5534157407407407,0.0047629629629629645,0.5556,0.26506787177067104,0.15352974237263592
0.5802722222222223,0.5534157407407407,0.02685648148148148,0.57365,0.264550539606765,0.16486323772709144
0.5571675925925925,0.5534157407407407,0.0037518518518518517,0.5359,0.25810995730781083,0.14248631052886232
0.5649962962962962,0.5534157407407407,0.011580555555555552,0.55555,0.253752448697149,0.14138495303773616
0.5580879629629629,0.5534157407407407,0.00467222222222222,0.51895,0.26980432636755997,0.15081664973737557
0.5649499999999998,0.5534157407407407,0.011534259259259258,0.5359,0.26872978246057583,0.15346463208607816
0.57235,0.5534157407407407,0.01893425925925926,0.5527500000000001,0.26083156505128513,0.14214052883266387
0.5738203703703704,0.5534157407407407,0.020404629629629627,0.55625,0.2697278121834715,0.17568126532932307
0.5847685185185184,0.5534157407407407,0.03135277777777778,0.5556000000000001,0.2707997041123151,0.16086802767691422
0.5608009259259258,0.5534157407407407,0.007385185185185184,0.5469999999999999,0.2680784556997253,0.1471812969469743
0.5626083333333334,0.5534157407407407,0.00919259259259259,0.5527500000000001,0.26599109433654944,0.1489333029569419
0.5726777777777777,0.5534157407407407,0.019262037037037036,0.54705,0.2715853798844448,0.15287450703267888
0.5653148148148147,0.5534157407407407,0.011899074074074074,0.54425,0.2627395468864484,0.14651649104680112
0.562312037037037,0.5534157407407407,0.008896296296296298,0.5305500000000001,0.2617968894946667,0.15372911661284466
0.5647518518518518,0.5534157407407407,0.011336111111111115,0.5410999999999999,0.27608006473860314,0.1574113976910597
0.571238888888889,0.5534157407407407,0.01782314814814814,0.54705,0.2637631268233888,0.15768697823224095
0.5632990740740741,0.5534157407407407,0.009883333333333334,0.5460499999999999,0.274181730270432,0.1642424020632736
0.5534277777777777,0.5534157407407407,1.203703703703571e-05,0.53335,0.2641920084938697,0.1470869510261425
0.570601851851852,0.5534157407407407,0.01718611111111111,0.5556000000000001,0.2664981352116839,0.14919796010878653
0.5716537037037037,0.5534157407407407,0.01823796296296296,0.5398,0.2701319263798816,0.1595288464335207
0.571462037037037,0.5534157407407407,0.018046296296296296,0.54705,0.27022902910589125,0.15726404454223014
0.5691018518518519,0.5534157407407407,0.015686111111111112,0.5469999999999999,0.26200261466251923,0.15635954520076284
0.5534509259259258,0.5534157407407407,3.518518518518645e-05,0.5305500000000001,0.2558652827101225,0.14351273043588034
0.5629148148148148,0.5534157407407407,0.009499074074074073,0.54905,0.26073287394222266,0.1592234499327296
0.5600342592592592,0.5534157407407407,0.0066185185185185175,0.5359,0.26572872090611405,0.14475191742351706
0.568937037037037,0.5534157407407407,0.015521296296296295,0.5305500000000001,0.276483718603503,0.16177002832908707
0.5811064814814815,0.5534157407407407,0.027690740740740738,0.5556000000000001,0.26911139175544213,0.169828062879791
0.5606203703703704,0.5534157407407407,0.007204629629629631,0.5546,0.26607160435978605,0.16404262745770087
0.5723638888888889,0.5534157407407407,0.018948148148148145,0.54585,0.2578491888639934,0.1646299058020415
0.5545935185185185,0.5534157407407407,0.0011777777777777765,0.5305500000000001,0.2704521835786459,0.15600909411147437
0.5622444444444444,0.5534157407407407,0.008828703703703703,0.5215,0.2599260438790318,0.15363079608218516
0.5613888888888889,0.5534157407407407,0.00797314814814815,0.5359,0.2605816058998281,0.15792173478963717
0.5621916666666666,0.5534157407407407,0.008775925925925925,0.5359499999999999,0.26944444752812835,0.14831486642254843
0.5566157407407407,0.5534157407407407,0.003199999999999997,0.5469999999999999,0.2640024072964576,0.14566632783667116
0.5616888888888889,0.5534157407407407,0.008273148148148148,0.5385,0.25586557522587866,0.14418328263660007
0.5587361111111111,0.5534157407407407,0.005320370370370375,0.5433,0.27120138789458687,0.14412253273164138
0.5674611111111111,0.5534157407407407,0.014045370370370371,0.5359,0.25857506866879426,0.15226331004494434
0.5685055555555555,0.5534157407407407,0.015089814814814816,0.5359,0.274594315830835,0.1689002381763867
0.5709055555555556,0.5534157407407407,0.017489814814814812,0.54555,0.27029757946414257,0.16016527208253917
0.5584796296296296,0.5534157407407407,0.005063888888888886,0.54425,0.264862349987655,0.149438522012802
0.5444055555555556,0.5534157407407407,-0.009010185185185189,0.5105999999999999,0.2592034018300092,0.14196395813484203
0.5677537037037038,0.5534157407407407,0.014337962962962966,0.53165,0.25689116115145566,0.1589196415506216
0.5481185185185186,0.5534157407407407,-0.005297222222222223,0.5,0.2731222653014437,0.14661352556999066
0.5730814814814814,0.5534157407407407,0.01966574074074074,0.55625,0.2614172026846492,0.15899786641843466
0.5507416666666667,0.5534157407407407,-0.002674074074074075,0.51895,0.26870952427217654,0.14774825923377669
0.5532046296296296,0.5534157407407407,-0.00021111111111111306,0.50505,0.26739738826210374,0.15420046021806866
0.5525925925925926,0.5534157407407407,-0.0008231481481481531,0.5359,0.2737088441144836,0.14443613704144295
0.5642703703703704,0.5534157407407407,0.010854629629629629,0.5546,0.272228809842516,0.16209401067319923
0.5643574074074075,0.5534157407407407,0.010941666666666664,0.53765,0.26802826577252764,0.15121474123672504
0.5622648148148147,0.5534157407407407,0.008849074074074077,0.54425,0.2636866606639686,0.15429141895047652
0.578212037037037,0.5534157407407407,0.0247962962962963,0.5556,0.2685573444107109,0.17212470046312023
0.5598833333333333,0.5534157407407407,0.006467592592592592,0.51895,0.26410783853159636,0.14523542655585275
0.5479601851851852,0.5534157407407407,-0.005455555555555557,0.52655,0.2570077368702747,0.1392813996433277
0.5631935185185184,0.5534157407407407,0.009777777777777776,0.5359,0.25973598826973826,0.15450508646820751
0.5691277777777778,0.5534157407407407,0.015712037037037038,0.5556,0.26160102811872243,0.14378391674164642
0.5545472222222222,0.5534157407407407,0.0011314814814814803,0.5305500000000001,0.26719629609412154,0.14872917031456068
0.5639296296296297,0.5534157407407407,0.010513888888888885,0.54705,0.26085369919728624,0.1479937144777511
0.5698981481481481,0.5534157407407407,0.016482407407407407,0.55555,0.26231909903048384,0.14943996251969732
0.5721768518518519,0.5534157407407407,0.01876111111111111,0.5556000000000001,0.25909178888307527,0.15778703015373347
0.5664601851851851,0.5534157407407407,0.013044444444444444,0.5305500000000001,0.2642627526131085,0.1426252119729982
0.5602962962962962,0.5534157407407407,0.006880555555555556,0.5359,0.2695060666963814,0.15260692556541985
0.5631148148148148,0.5534157407407407,0.009699074074074077,0.52105,0.25939640858696533,0.1542909277079065
0.5652925925925926,0.5534157407407407,0.011876851851851855,0.5469999999999999,0.25951430504705664,0.15609728012052157
0.5664481481481481,0.5534157407407407,0.013032407407407406,0.5305500000000001,0.2693450711999686,0.15307486277257218
0.558675,0.5534157407407407,0.005259259259259257,0.5401,0.2561106898275143,0.14083278481216951
0.5722787037037037,0.5534157407407407,0.018862962962962963,0.5684499999999999,0.2733558589403115,0.1676536720612608
0.5664648148148148,0.5534157407407407,0.01304907407407407,0.5359,0.2666643268913448,0.1516314645024971
0.5519453703703703,0.5534157407407407,-0.0014703703703703738,0.50505,0.269173912924204,0.15833290685847357
0.5539175925925927,0.5534157407407407,0.000501851851851849,0.5305500000000001,0.26764239421835856,0.15018887484557472
0.556375,0.5534157407407407,0.002959259259259259,0.5359,0.26744674065836926,0.1566474099210076
0.5800324074074075,0.5534157407407407,0.026616666666666667,0.5695000000000001,0.2705711521563172,0.16031523531123673
0.5562148148148147,0.5534157407407407,0.002799074074074073,0.5282,0.2619371262273202,0.1560190723396152
0.5552537037037037,0.5534157407407407,0.001837962962962962,0.5359,0.27278595642653153,0.15541360656677417
0.5618620370370371,0.5534157407407407,0.008446296296296294,0.5359,0.258057023227296,0.1536823823964594
0.5789740740740741,0.5534157407407407,0.025558333333333332,0.5944499999999999,0.27605232044058237,0.1544185761457426
0.5611333333333333,0.5534157407407407,0.007717592592592594,0.5469999999999999,0.2548285074796363,0.14339517766413135
0.5458870370370371,0.5534157407407407,-0.007528703703703702,0.5,0.2646977115918835,0.15602268409896072
0.5570759259259259,0.5534157407407407,0.003660185185185183,0.5350999999999999,0.2640097045336018,0.14521721142283145
0.5754546296296296,0.5534157407407407,0.022038888888888882,0.54865,0.26450816865794036,0.1538573649647429
0.561175,0.5534157407407407,0.007759259259259262,0.5333,0.2566909899517899,0.15070004436432258
0.5656657407407407,0.5534157407407407,0.012249999999999999,0.54705,0.26403626491292026,0.15190496629487374
0.5524666666666667,0.5534157407407407,-0.0009490740740740749,0.50505,0.2779514151050117,0.15356724332823624
0.5660175925925925,0.5534157407407407,0.01260185185185185,0.5528,0.26110037487980464,0.15374941986455795
0.5721055555555555,0.5534157407407407,0.01868981481481482,0.5333000000000001,0.26941688428704835,0.16705402223200322
0.5605129629629628,0.5534157407407407,0.0070972222222222174,0.5359499999999999,0.26061587126220004,0.15699756737107787
0.5668064814814815,0.5534157407407407,0.013390740740740743,0.54705,0.272140272472714,0.15513228032697182
0.5748268518518519,0.5534157407407407,0.02141111111111111,0.5305500000000001,0.2672403635101965,0.15475324364111234
0.5821833333333334,0.5534157407407407,0.028767592592592588,0.5556000000000001,0.2630279244974202,0.1709676702392807
0.5767620370370371,0.5534157407407407,0.023346296296296296,0.5556000000000001,0.2716587154946863,0.16598745725946523
0.5578083333333334,0.5534157407407407,0.004392592592592592,0.5359,0.25786917501949247,0.14848205323046085
0.5655685185185185,0.5534157407407407,0.012152777777777778,0.54705,0.26420953722453233,0.14976903867449662
0.5652925925925926,0.5534157407407407,0.011876851851851854,0.54705,0.2772480139749043,0.15992717829172026
0.5477620370370371,0.5534157407407407,-0.005653703703703706,0.52545,0.26347597904932174,0.14489674081970605
0.5715407407407407,0.5534157407407407,0.018125,0.54705,0.26147560492240884,0.1661984070039608
0.5620296296296295,0.5534157407407407,0.00861388888888889,0.5305500000000001,0.2610716359811618,0.15798131940812327
0.5560055555555555,0.5534157407407407,0.0025898148148148113,0.53095,0.2710662424930752,0.14659212021243367
0.5522574074074074,0.5534157407407407,-0.0011583333333333374,0.5359,0.2771626437060248,0.1527946157520079
0.5501768518518518,0.5534157407407407,-0.0032388888888888892,0.5305500000000001,0.263823903179871,0.14766342749413153
0.5552842592592593,0.5534157407407407,0.0018685185185185163,0.5359,0.2728345512700617,0.1503846082600311
0.5619685185185185,0.5534157407407407,0.008552777777777777,0.5305500000000001,0.2733308435352499,0.1487771182903852
0.5705111111111112,0.5534157407407407,0.017095370370370372,0.5556,0.266282890235927,0.14293143927599133
0.5636175925925927,0.5534157407407407,0.01020185185185185,0.5359499999999999,0.2726113730489716,0.1536005086522204
0.5610092592592593,0.5534157407407407,0.007593518518518517,0.5556000000000001,0.25628368027105813,0.15325706476871795
0.570662037037037,0.5534157407407407,0.01724629629629629,0.5556,0.2682058801607844,0.16519838338798853
0.5558787037037037,0.5534157407407407,0.002462962962962962,0.55375,0.2620606896431585,0.14365309108423213
0.5572,0.5534157407407407,0.003784259259259256,0.5359,0.2683854352776225,0.15032456609108907
0.5784287037037037,0.5534157407407407,0.025012962962962966,0.5508500000000001,0.2663227025221052,0.16636722363921078
0.5656462962962963,0.5534157407407407,0.012230555555555555,0.5333,0.2679597826658719,0.15866471759352888
0.5656351851851852,0.5534157407407407,0.012219444444444446,0.54705,0.280392225056131,0.15418240227010968
0.5595296296296296,0.5534157407407407,0.006113888888888885,0.5359,0.26920193832857436,0.1438733194455685
0.573412037037037,0.5534157407407407,0.019996296296296293,0.5359499999999999,0.2557272019484287,0.14859880310830167
0.558762037037037,0.5534157407407407,0.0053462962962962934,0.5359499999999999,0.25791752638101834,0.15768360751711738
0.5673444444444443,0.5534157407407407,0.013928703703703704,0.5556000000000001,0.26083169864028477,0.1746063990492849
0.5745972222222222,0.5534157407407407,0.02118148148148148,0.5556,0.26501419128227244,0.15726566376566073
0.574712037037037,0.5534157407407407,0.021296296296296303,0.5359,0.2703518232940709,0.17000730711394638
0.5618731481481481,0.5534157407407407,0.008457407407407405,0.53095,0.26820195543360187,0.14516895100930116
0.5734027777777777,0.5534157407407407,0.01998703703703704,0.5556000000000001,0.26474844857005153,0.16807151075535495
0.5662546296296296,0.5534157407407407,0.012838888888888893,0.5305500000000001,0.26667537070913055,0.16660740906062393
0.571349074074074,0.5534157407407407,0.01793333333333333,0.5333,0.2663551436006054,0.15950638460253544
0.5733981481481482,0.5534157407407407,0.019982407407407407,0.5547500000000001,0.2546034005769044,0.16682543443809353
0.5716425925925926,0.5534157407407407,0.018226851851851848,0.5359,0.27611309351768754,0.16778237440234894
0.566350925925926,0.5534157407407407,0.012935185185185183,0.5556,0.26620381043614577,0.145764201670885
0.5656907407407408,0.5534157407407407,0.012274999999999996,0.54705,0.26267959287237314,0.14536433192268006
0.5498851851851851,0.5534157407407407,-0.003530555555555554,0.512,0.2639712745682031,0.14883721299970734
0.5698064814814815,0.5534157407407407,0.01639074074074074,0.5556000000000001,0.2662645582955545,0.15110866705539844
0.5714833333333333,0.5534157407407407,0.01806759259259259,0.5556000000000001,0.25724274455495966,0.14571901961742117
0.5522018518518519,0.5534157407407407,-0.001213888888888889,0.5305500000000001,0.27309036879620796,0.15526560388322067
0.5611444444444443,0.5534157407407407,0.0077287037037036994,0.53765,0.26371714928813494,0.15277172944602702
0.5613453703703702,0.5534157407407407,0.007929629629629628,0.5398,0.26922349204695156,0.15381729680410858
0.5748351851851852,0.5534157407407407,0.02141944444444445,0.5556000000000001,0.27349608731839303,0.15854559735549256
0.5429851851851851,0.5534157407407407,-0.010430555555555557,0.50505,0.2643758581223129,0.15053877226425313
0.5633314814814814,0.5534157407407407,0.009915740740740737,0.5469999999999999,0.2739158110131986,0.1579202988154178
0.5552990740740741,0.5534157407407407,0.0018833333333333356,0.5359,0.2664597893584115,0.15311052784938647
0.5566092592592593,0.5534157407407407,0.003193518518518515,0.5359,0.25921824260001924,0.15186763559970407
0.55635,0.5534157407407407,0.002934259259259259,0.5289,0.26961585843843705,0.15101037728904224
0.5540842592592592,0.5534157407407407,0.0006685185185185204,0.5305500000000001,0.2650830774949856,0.15658139363101084
0.5569435185185184,0.5534157407407407,0.0035277777777777777,0.5556000000000001,0.2645268632095178,0.1568139851867676
0.5633351851851851,0.5534157407407407,0.009919444444444448,0.5546,0.26283754668367754,0.14488894326366764
0.5654064814814815,0.5534157407407407,0.011990740740740736,0.54765,0.2558277846094097,0.14334293011655458
0.5553796296296295,0.5534157407407407,0.0019638888888888874,0.5359,0.26854153014561016,0.15311200619419094
0.5636537037037036,0.5534157407407407,0.01023796296296296,0.54705,0.2757059972181277,0.15248910530570106
0.5738731481481482,0.5534157407407407,0.02045740740740741,0.5359,0.2663489028648068,0.16622467972664284
0.5696685185185184,0.5534157407407407,0.01625277777777778,0.5385,0.26316523456166635,0.15759817498488674
0.5661333333333334,0.5534157407407407,0.012717592592592593,0.5359,0.2737159807735769,0.15359155924329224
0.5625888888888889,0.5534157407407407,0.00917314814814815,0.54705,0.26219570750542026,0.14843299794761328
0.5693777777777778,0.5534157407407407,0.01596203703703704,0.5486,0.2638865450538093,0.1619549710799083
0.5735120370370369,0.5534157407407407,0.020096296296296296,0.53765,0.26446675275296805,0.16140238908116467
0.5603990740740741,0.5534157407407407,0.00698333333333333,0.5401,0.26028319354168095,0.15119378015936535
0.5436861111111111,0.5534157407407407,-0.009729629629629631,0.51895,0.2697572059818379,0.14965932607169982
0.5570879629629629,0.5534157407407407,0.0036722222222222195,0.5282,0.2603238689971465,0.14168342481053886
0.558350925925926,0.5534157407407407,0.0049351851851851805,0.5359499999999999,0.2789794483756054,0.15708703243673067
0.5617101851851851,0.5534157407407407,0.008294444444444448,0.5359,0.268212377121353,0.15667621105015997
0.5671425925925926,0.5534157407407407,0.013726851851851848,0.5305500000000001,0.2747968184676537,0.1493600326918064
0.5441435185185186,0.5534157407407407,-0.009272222222222223,0.5305500000000001,0.26132263092628105,0.15724575255891435
0.5559064814814815,0.5534157407407407,0.0024907407407407387,0.5305500000000001,0.26620975261530955,0.14385238509844595
0.5761157407407407,0.5534157407407407,0.0227,0.5546,0.2654976118526232,0.1449549856005901
0.5541537037037036,0.5534157407407407,0.0007379629629629629,0.5359,0.2656753160110217,0.15118769588318323
0.5521425925925926,0.5534157407407407,-0.0012731481481481509,0.51895,0.25623416794627957,0.14960971756539257
0.5787046296296295,0.5534157407407407,0.02528888888888889,0.57365,0.26897619509868914,0.16589611451136776
0.5649657407407407,0.5534157407407407,0.011549999999999994,0.5359,0.26990903665433374,0.16542580317211755
0.5554629629629629,0.5534157407407407,0.002047222222222222,0.5359,0.2763595905488627,0.14413149075662074
0.5722351851851851,0.5534157407407407,0.01881944444444444,0.5385,0.26416658094609624,0.1488856253352357
0.5526842592592592,0.5534157407407407,-0.0007314814814814822,0.54425,0.2657293149340773,0.15113072057192226
0.5721055555555555,0.5534157407407407,0.018689814814814815,0.5385,0.260957472753071,0.15078416581872126
0.5709648148148148,0.5534157407407407,0.01754907407407407,0.5359,0.2744647073356838,0.16574571419748862
0.5757805555555555,0.5534157407407407,0.02236481481481482,0.5556000000000001,0.26820126507968356,0.16408983083118947
0.5538972222222223,0.5534157407407407,0.0004814814814814768,0.5305500000000001,0.2612159716096769,0.16277130344121754
0.5692722222222221,0.5534157407407407,0.015856481481481475,0.5305500000000001,0.2586809393443249,0.13837968779767126
0.5610194444444444,0.5534157407407407,0.007603703703703701,0.5359,0.2646669352747446,0.1482639821310939
0.5720046296296297,0.5534157407407407,0.018588888888888884,0.5333,0.2649615212353967,0.1741088355149197
0.5609092592592593,0.5534157407407407,0.007493518518518515,0.51895,0.2659516776911473,0.1526420700409387
0.5561175925925926,0.5534157407407407,0.0027018518518518546,0.53095,0.26550135780447415,0.1419110403070338
0.5565444444444444,0.5534157407407407,0.0031287037037037013,0.5556,0.2645748730072289,0.14516594889917964
0.5716694444444445,0.5534157407407407,0.0182537037037037,0.5460499999999999,0.26755175006748594,0.15607917199318944
0.5468999999999999,0.5534157407407407,-0.006515740740740745,0.5126499999999999,0.2615586766070115,0.14762322409421066
0.5669481481481481,0.5534157407407407,0.013532407407407408,0.5359,0.2721970518636592,0.1498255470452928
0.5444814814814815,0.5534157407407407,-0.00893425925925926,0.5,0.26861702131443715,0.15070142304833078
0.5659694444444444,0.5534157407407407,0.012553703703703702,0.54705,0.2600661215197114,0.15409217075814757
0.5700666666666666,0.5534157407407407,0.016650925925925923,0.5556000000000001,0.26340219770725026,0.15678362761138395
0.5698111111111112,0.5534157407407407,0.01639537037037037,0.5730500000000001,0.2724556118639091,0.14776713075524353
0.5602703703703704,0.5534157407407407,0.0068546296296296315,0.5359,0.2662695943416927,0.15120404570086787
0.5618092592592593,0.5534157407407407,0.008393518518518519,0.5305500000000001,0.27303185481778597,0.15398979591946155
0.5652314814814815,0.5534157407407407,0.011815740740740733,0.52655,0.26041441403470167,0.15836946401718685
0.5657342592592592,0.5534157407407407,0.012318518518518517,0.5359,0.2598852302988447,0.15610091161530895
0.5592833333333334,0.5534157407407407,0.005867592592592592,0.5528,0.2691353526339176,0.15508273452393484
0.5610722222222222,0.5534157407407407,0.007656481481481482,0.5556000000000001,0.26957607697505087,0.15179959506007096
0.5644398148148148,0.5534157407407407,0.011024074074074072,0.5385,0.2616492161753958,0.15491425959619554
0.5795935185185185,0.5534157407407407,0.026177777777777782,0.5875,0.2696591844384135,0.16564948035740748
0.5671240740740741,0.5534157407407407,0.013708333333333335,0.5469999999999999,0.2686090456686493,0.1465759750844681
0.5599268518518519,0.5534157407407407,0.006511111111111111,0.54425,0.25363642040965023,0.15059141995226644
0.5604296296296296,0.5534157407407407,0.007013888888888888,0.5359,0.2652143693895613,0.1455432552579828
0.5620574074074074,0.5534157407407407,0.00864166666666667,0.54705,0.26108450746468176,0.15212263444739232
0.5660777777777777,0.5534157407407407,0.012662037037037036,0.5359,0.26217304705930655,0.15793552376473047
0.556149074074074,0.5534157407407407,0.0027333333333333285,0.5398,0.2720246980593395,0.15286186177410874
0.5695407407407407,0.5534157407407407,0.016124999999999997,0.5460499999999999,0.26274813035856753,0.1541746752571712
0.5667305555555555,0.5534157407407407,0.013314814814814816,0.54705,0.2605115436688655,0.15438087372143425
0.5419314814814814,0.5534157407407407,-0.011484259259259258,0.50505,0.2796145894366424,0.1541110663708186
0.5567842592592592,0.5534157407407407,0.0033685185185185185,0.5359,0.2753162776527528,0.15265237072962046
0.5701351851851852,0.5534157407407407,0.016719444444444443,0.53095,0.26856826498311404,0.1608954408596095
0.5735370370370371,0.5534157407407407,0.02012129629629629,0.5556000000000001,0.2681197697893359,0.15556465858341048
0.5642148148148148,0.5534157407407407,0.010799074074074074,0.54705,0.25937964951439113,0.14469523853675842
0.5566592592592593,0.5534157407407407,0.00324351851851852,0.5305500000000001,0.2596299761061964,0.14911953761883068
0.5716398148148149,0.5534157407407407,0.018224074074074073,0.55185,0.2695982129713559,0.16770836885831297
0.575525,0.5534157407407407,0.022109259259259263,0.5556000000000001,0.2668152219049485,0.15195857744549748
0.5718953703703703,0.5534157407407407,0.018479629629629627,0.5359,0.2673881589533457,0.15662909563635213
0.5504287037037037,0.5534157407407407,-0.002987037037037037,0.53165,0.26801184729390737,0.15395526786468963
0.590287037037037,0.5534157407407407,0.03687129629629629,0.6053999999999999,0.25564749682742727,0.1667575827702837
0.5658203703703704,0.5534157407407407,0.012404629629629627,0.5398,0.26271971481625156,0.15266099783094586
0.5685324074074074,0.5534157407407407,0.015116666666666667,0.5359,0.2679059500997003,0.15451610296265678
0.5715768518518519,0.5534157407407407,0.018161111111111104,0.5305500000000001,0.26778744137509664,0.15869036083849883
0.5626898148148147,0.5534157407407407,0.009274074074074072,0.55455,0.26273681154014783,0.16197094603337886
0.5647898148148148,0.5534157407407407,0.011374074074074076,0.56115,0.2705135113110518,0.15621638860640744
0.5529379629629629,0.5534157407407407,-0.00047777777777777657,0.5305500000000001,0.2732263830522443,0.16663434720903708
0.5556111111111112,0.5534157407407407,0.002195370370370368,0.5385,0.2684077694786627,0.1595469669133933
0.5662148148148148,0.5534157407407407,0.012799074074074072,0.5546,0.2607677983154422,0.14991454356721504
0.5569462962962963,0.5534157407407407,0.003530555555555551,0.53505,0.2674857628933554,0.14361919043557764
0.5666703703703703,0.5534157407407407,0.013254629629629628,0.538,0.2671815813854639,0.14970488750489142
0.5538444444444445,0.5534157407407407,0.00042870370370370274,0.51895,0.25545762540989514,0.14270337842926614
0.5439851851851851,0.5534157407407407,-0.009430555555555555,0.51895,0.2695936675310876,0.15718913927568448
0.5790194444444444,0.5534157407407407,0.025603703703703705,0.5684499999999999,0.26285039149670075,0.16581897962792427
0.5820064814814815,0.5534157407407407,0.028590740740740743,0.5556000000000001,0.2753594019422101,0.16757046030193185
0.5638277777777777,0.5534157407407407,0.010412037037037036,0.54705,0.263097043264372,0.15363959022833706
0.5572314814814815,0.5534157407407407,0.0038157407407407398,0.5215,0.27466004906257435,0.1573665280243446
0.5638231481481482,0.5534157407407407,0.010407407407407412,0.5359,0.26859461327730555,0.14877512523450534
0.5483833333333332,0.5534157407407407,-0.005032407407407408,0.5,0.26005409196485174,0.13582443851834292
0.562475925925926,0.5534157407407407,0.009060185185185183,0.5359,0.2634402199901914,0.15169638697255164
0.5529444444444445,0.5534157407407407,-0.0004712962962962999,0.50505,0.2692501832567633,0.15227221631008778
0.5482425925925926,0.5534157407407407,-0.00517314814814815,0.50505,0.27113812295639733,0.1448595604815013
0.5570805555555556,0.5534157407407407,0.00366481481481481,0.52655,0.27211163475293143,0.14520431581007476
0.5449703703703703,0.5534157407407407,-0.008445370370370374,0.50505,0.26017265735900214,0.148346026021293
0.5621342592592592,0.5534157407407407,0.008718518518518518,0.5305500000000001,0.2687294084828795,0.1517791386969207
0.5703268518518518,0.5534157407407407,0.01691111111111111,0.5305500000000001,0.26408470518988825,0.15083597040774907
0.5595787037037037,0.5534157407407407,0.006162962962962965,0.5359,0.27204338097262026,0.1596307266656758
0.5615740740740741,0.5534157407407407,0.00815833333333333,0.5556,0.27615831243540734,0.16188590139383188
0.5678111111111112,0.5534157407407407,0.014395370370370371,0.5556,0.26887272892833647,0.1537675034542511
0.5650972222222221,0.5534157407407407,0.011681481481481478,0.5385,0.2606287736528015,0.14885950482661142
0.5657481481481482,0.5534157407407407,0.012332407407407408,0.55555,0.2795271372583141,0.16321146069612097
0.5655685185185184,0.5534157407407407,0.012152777777777778,0.5385,0.2660418878719244,0.1551055428779519
0.5743259259259259,0.5534157407407407,0.020910185185185177,0.5556000000000001,0.2595631518317927,0.14937004037193355
0.5630518518518518,0.5534157407407407,0.00963611111111111,0.5359,0.26722950704551873,0.15221100176279112
0.5707351851851852,0.5534157407407407,0.017319444444444443,0.5556000000000001,0.2643523354447726,0.15038104402958102
0.5769861111111111,0.5534157407407407,0.023570370370370373,0.5469999999999999,0.27178553132744354,0.167154407468993
0.5774203703703703,0.5534157407407407,0.02400462962962963,0.56115,0.253701926345933,0.1529229910553658
0.5723324074074074,0.5534157407407407,0.018916666666666665,0.54865,0.26274993257998325,0.15502652441123757
0.564725,0.5534157407407407,0.011309259259259257,0.5385,0.2602141756700164,0.15542814040370143
0.5650379629629629,0.5534157407407407,0.011622222222222221,0.5556,0.26575366104426207,0.14826485541767787
0.5647944444444445,0.5534157407407407,0.011378703703703703,0.5460499999999999,0.2592126993807387,0.1499921406357997
0.5634916666666666,0.5534157407407407,0.010075925925925922,0.54705,0.2666670832599939,0.145841909589091
0.5624583333333333,0.5534157407407407,0.009042592592592595,0.5359,0.26814392359641914,0.14424497866425423
0.5545351851851852,0.5534157407407407,0.0011194444444444455,0.50505,0.2632988325060155,0.15378889612599178
0.566350925925926,0.5534157407407407,0.012935185185185183,0.5359,0.2567762390000728,0.1526890213967775
0.5703342592592593,0.5534157407407407,0.016918518518518517,0.54705,0.2612733406510511,0.15947077671417445
0.5791925925925926,0.5534157407407407,0.02577685185185185,0.5556,0.26346413638210947,0.1469070986282818
0.5666074074074074,0.5534157407407407,0.013191666666666664,0.5359,0.2713735514573939,0.15091663300253694
0.5523481481481481,0.5534157407407407,-0.0010675925925925892,0.51055,0.2648317524379249,0.15918830078925056
0.5580583333333332,0.5534157407407407,0.004642592592592585,0.5333,0.26732397094896904,0.15859340017835402
0.5524157407407406,0.5534157407407407,-0.0010000000000000009,0.50505,0.26411734759632005,0.1568099570079095
0.5677287037037037,0.5534157407407407,0.014312962962962958,0.5333,0.26283876798038014,0.16121719087656083
0.5645296296296296,0.5534157407407407,0.011113888888888883,0.55555,0.26698557007429996,0.1439702328126793
0.5773287037037037,0.5534157407407407,0.023912962962962966,0.54705,0.2610096775700468,0.15282482433556036
0.5528685185185185,0.5534157407407407,-0.0005472222222222257,0.54705,0.2622007024121947,0.14559370779405675
0.5575416666666667,0.5534157407407407,0.004125925925925926,0.53095,0.27143871139182796,0.14919574006745245
0.5729740740740742,0.5534157407407407,0.019558333333333327,0.5556000000000001,0.2592442107683249,0.15646419203079812
0.5495027777777778,0.5534157407407407,-0.003912962962962962,0.5,0.2709291149347272,0.15391285317492887
0.5552703703703704,0.5534157407407407,0.0018546296296296288,0.5176999999999999,0.25905777050626105,0.15883720425329115
0.5757324074074075,0.5534157407407407,0.022316666666666665,0.5556000000000001,0.26293687022742046,0.1539580635338819
0.5702490740740741,0.5534157407407407,0.01683333333333333,0.5305500000000001,0.2619071607273389,0.15786562545701513
0.5486342592592592,0.5534157407407407,-0.004781481481481482,0.5166,0.26307638283939017,0.1425711418730346
0.5528388888888889,0.5534157407407407,-0.0005768518518518526,0.5305500000000001,0.27775481248161626,0.154145858591263
0.5734898148148149,0.5534157407407407,0.020074074074074074,0.5556000000000001,0.2687835198621711,0.16158828516016813
0.5600120370370371,0.5534157407407407,0.006596296296296295,0.525,0.2723209557449955,0.15439166357205591
0.5570361111111111,0.5534157407407407,0.0036203703703703684,0.5556,0.278999301060436,0.15358558864396712
0.5578231481481482,0.5534157407407407,0.0044074074074074085,0.5305500000000001,0.27088255571716996,0.14954712551017432
0.5705907407407408,0.5534157407407407,0.017175000000000003,0.5469999999999999,0.26269646907930816,0.15699020930541183
0.5516037037037037,0.5534157407407407,-0.0018120370370370406,0.5182500000000001,0.26588141019112227,0.1499236632657655
0.5819972222222222,0.5534157407407407,0.02858148148148148,0.58335,0.2652032239476207,0.1609377351870297
0.5516324074074074,0.5534157407407407,-0.0017833333333333373,0.5556,0.2680998467333566,0.14418500933137204
0.5512527777777778,0.5534157407407407,-0.0021629629629629655,0.51895,0.25578554337143317,0.1458990385731152
0.5562111111111111,0.5534157407407407,0.0027953703703703678,0.5305500000000001,0.2752634430013537,0.15403011441465111
0.593400925925926,0.5534157407407407,0.039985185185185186,0.59285,0.26757157396740844,0.16629548513594977
0.5657861111111111,0.5534157407407407,0.012370370370370367,0.52105,0.2729608490835247,0.15845073662280695
0.5657092592592592,0.5534157407407407,0.01229351851851852,0.5398,0.2689606292757004,0.1497409584265273
0.5661499999999999,0.5534157407407407,0.012734259259259261,0.5359,0.2661451334442822,0.15099506160274961
0.5660555555555555,0.5534157407407407,0.012639814814814814,0.5359,0.26024305114600454,0.15147411853805678
0.5656,0.5534157407407407,0.01218425925925926,0.5385,0.2595448914045615,0.13951853470279282
0.5584601851851853,0.5534157407407407,0.0050444444444444425,0.5359,0.2677107324154799,0.15006383210875668
0.5719444444444444,0.5534157407407407,0.018528703703703703,0.55185,0.2678245852671488,0.1621686280843262
0.5592509259259258,0.5534157407407407,0.005835185185185186,0.53165,0.2644062540776907,0.1498209263266849
0.554312037037037,0.5534157407407407,0.0008962962962962963,0.51895,0.2601284760639694,0.14951696989044352
0.5662851851851851,0.5534157407407407,0.012869444444444442,0.5433,0.25592591247403285,0.16684642188816856
0.5640379629629629,0.5534157407407407,0.010622222222222224,0.5305500000000001,0.2778126483995374,0.16986354244792937
0.5638101851851851,0.5534157407407407,0.010394444444444447,0.5528,0.27165257083467276,0.15490433214852342
0.570537037037037,0.5534157407407407,0.017121296296296294,0.5556000000000001,0.26974441748620226,0.16902913869846534
0.5617898148148148,0.5534157407407407,0.008374074074074069,0.5556000000000001,0.2717211795720068,0.15132790130735282
0.5627092592592593,0.5534157407407407,0.00929351851851852,0.538,0.26694895326968904,0.16574562667333367
0.5597101851851852,0.5534157407407407,0.006294444444444445,0.5326,0.2572996808842618,0.15080524782840177
0.5684435185185185,0.5534157407407407,0.015027777777777777,0.5359499999999999,0.265299017429742,0.15619813611518127
0.5808305555555555,0.5534157407407407,0.027414814814814812,0.5732,0.260340854380371,0.15616412574914065
0.5803916666666666,0.5534157407407407,0.026975925925925924,0.5556000000000001,0.2651173829690095,0.16179090918072983
0.5621925925925926,0.5534157407407407,0.00877685185185185,0.5359499999999999,0.2674270478577773,0.14402748154593217
0.5685962962962963,0.5534157407407407,0.01518055555555556,0.55555,0.26325781398026615,0.1500725403776101
0.5774657407407408,0.5534157407407407,0.024050000000000002,0.5635000000000001,0.25824133542097194,0.1524470200601955
0.5458407407407407,0.5534157407407407,-0.007574999999999999,0.52545,0.2652582392026056,0.15432764279861108
0.5594425925925925,0.5534157407407407,0.006026851851851854,0.5433,0.26638483061541,0.14658276511667012
0.6032175925925926,0.5534157407407407,0.049801851851851854,0.5986,0.26268876642400446,0.17750234905987086
0.5723259259259259,0.5534157407407407,0.018910185185185183,0.54865,0.26640529672906815,0.1597071572081752
0.5554296296296296,0.5534157407407407,0.0020138888888888884,0.54425,0.2664583992917704,0.14447198897948513
0.5642037037037037,0.5534157407407407,0.010787962962962964,0.5556000000000001,0.2732094998847512,0.16800616239120272
0.5592814814814814,0.5534157407407407,0.005865740740740737,0.5305500000000001,0.2613017667347836,0.14716716425852192
0.5573666666666667,0.5534157407407407,0.003950925925925921,0.5305500000000001,0.2701604265520144,0.1605808204789
0.5691333333333333,0.5534157407407407,0.0157175925925926,0.5398,0.257841451682245,0.15444023725658365
0.5735648148148148,0.5534157407407407,0.020149074074074066,0.5729,0.26148416449785816,0.15148026397180073
0.5684231481481482,0.5534157407407407,0.015007407407407407,0.5566500000000001,0.26914229624378944,0.1586789597932445
0.5614166666666667,0.5534157407407407,0.008000925925925927,0.54705,0.2627118333520163,0.15031383897050377
0.5688712962962963,0.5534157407407407,0.015455555555555554,0.5354,0.25882376858992096,0.14178828387946185
0.5767203703703703,0.5534157407407407,0.023304629629629633,0.5944499999999999,0.2741236748511158,0.15897767161404822
0.5792861111111111,0.5534157407407407,0.02587037037037037,0.5508500000000001,0.2677658055609899,0.1735025692714283
0.5696981481481481,0.5534157407407407,0.016282407407407405,0.54425,0.27196728946436677,0.16729443395263752
0.5570166666666666,0.5534157407407407,0.0036009259259259263,0.5122,0.25705326532637796,0.15244006482424702
0.5616185185185185,0.5534157407407407,0.008202777777777781,0.5305500000000001,0.26262765374893887,0.14877761077812532
0.5765981481481481,0.5534157407407407,0.02318240740740741,0.55185,0.26361234459113947,0.16414699693718438
0.5714990740740741,0.5534157407407407,0.018083333333333333,0.5556000000000001,0.2635877021564295,0.16573128261551343
0.5607749999999999,0.5534157407407407,0.007359259259259258,0.54585,0.25719764905140574,0.15332612791774894
0.5591990740740741,0.5534157407407407,0.00578333333333333,0.5305500000000001,0.2658592634140475,0.14320903126379292
0.5462546296296296,0.5534157407407407,-0.007161111111111113,0.5359,0.27132504160630894,0.1482010479823033
0.5656601851851851,0.5534157407407407,0.01224444444444444,0.51895,0.27060304097172105,0.17583350043546708
0.5647287037037036,0.5534157407407407,0.011312962962962959,0.5359499999999999,0.2695222287404507,0.1540539637777126
0.5667416666666667,0.5534157407407407,0.013325925925925929,0.5433,0.26791445109862333,0.15514538756979332
0.577400925925926,0.5534157407407407,0.023985185185185182,0.5635000000000001,0.27515531196048026,0.17233948501787705
0.552700925925926,0.5534157407407407,-0.0007148148148148153,0.5325500000000001,0.264995546601751,0.15098669361115546
0.5655287037037037,0.5534157407407407,0.012112962962962957,0.5305500000000001,0.2602937284228105,0.14761841253123406
0.5552083333333333,0.5534157407407407,0.0017925925925925926,0.5305500000000001,0.2739365006319981,0.14931649300999683
0.570475,0.5534157407407407,0.01705925925925926,0.5469999999999999,0.25999838645257767,0.14702028026997205
0.561787962962963,0.5534157407407407,0.008372222222222217,0.5359,0.2730664472616707,0.15423665748097445
0.5581638888888888,0.5534157407407407,0.004748148148148147,0.54425,0.26547711993157735,0.1520993406816444
0.5571166666666666,0.5534157407407407,0.003700925925925919,0.5125,0.25927005244234813,0.15149818449630578
0.5614657407407406,0.5534157407407407,0.008050000000000002,0.5556000000000001,0.2633411763672256,0.14709132550012313
0.5693185185185184,0.5534157407407407,0.015902777777777776,0.5556000000000001,0.2743143745822621,0.16531617820787706
0.5744546296296296,0.5534157407407407,0.021038888888888888,0.54705,0.2649951021886512,0.15798918147827232
0.5631314814814814,0.5534157407407407,0.009715740740740738,0.54705,0.2816176448274478,0.1675035282998663
0.5551768518518518,0.5534157407407407,0.0017611111111111074,0.54705,0.2672214464105983,0.159521601287282
0.5603916666666667,0.5534157407407407,0.006975925925925924,0.525,0.2567618461353655,0.15145148562868127
0.5624407407407408,0.5534157407407407,0.009025000000000002,0.5546,0.27068700690623737,0.15398549520537597
0.5617907407407408,0.5534157407407407,0.008374999999999999,0.53765,0.2668624678292074,0.15964424592514867
0.56805,0.5534157407407407,0.014634259259259262,0.58755,0.2626332066113371,0.15309591713488446
0.5729675925925926,0.5534157407407407,0.019551851851851845,0.5462,0.2647277059276928,0.1507236795153039
0.5627055555555556,0.5534157407407407,0.009289814814814813,0.5690500000000001,0.26327571413081446,0.15758715015918168
0.5462268518518518,0.5534157407407407,-0.0071888888888888905,0.5,0.2690816933264961,0.14258844137484344
0.5779518518518518,0.5534157407407407,0.024536111111111113,0.5556,0.2674878414501141,0.15473761358387428
0.5657666666666666,0.5534157407407407,0.012350925925925928,0.5385,0.2647565391954068,0.15064220995356978
0.5598342592592592,0.5534157407407407,0.006418518518518517,0.5359,0.2679079647945928,0.15080599479156795
0.5821462962962963,0.5534157407407407,0.028730555555555554,0.5556000000000001,0.273433810756203,0.15996087515701107
0.5710981481481482,0.5534157407407407,0.017682407407407407,0.5359,0.2634719155373347,0.15543253837814522
0.5635842592592591,0.5534157407407407,0.010168518518518521,0.53335,0.27011184085919554,0.15036609570635134
0.5689453703703704,0.5534157407407407,0.01552962962962963,0.5556000000000001,0.27095425222866704,0.15470426611765345
0.5874981481481482,0.5534157407407407,0.03408240740740741,0.5903,0.2671385625201342,0.1781462178134945
0.5666629629629629,0.5534157407407407,0.013247222222222221,0.5556000000000001,0.2696232472133436,0.14921003289807788
0.5553759259259259,0.5534157407407407,0.0019601851851851846,0.5282,0.26514027564699155,0.14473941647090888
0.5709787037037037,0.5534157407407407,0.01756296296296296,0.5359,0.2635126388821613,0.1635253311953248
0.5588129629629629,0.5534157407407407,0.005397222222222222,0.5359,0.2621792146186549,0.15668547246612072
0.552149074074074,0.5534157407407407,-0.0012666666666666649,0.5359,0.27573524667843413,0.15688450362172648
0.5841185185185185,0.5534157407407407,0.03070277777777777,0.56115,0.26906725877987725,0.15796168082492115
0.5662824074074074,0.5534157407407407,0.012866666666666663,0.5556,0.26876768234068943,0.14682770626521005
0.572962962962963,0.5534157407407407,0.019547222222222223,0.54585,0.26656168846183576,0.15584559783979657
0.5638175925925926,0.5534157407407407,0.010401851851851853,0.5398,0.26083424135513555,0.15469481742642405
0.5516425925925925,0.5534157407407407,-0.0017731481481481472,0.52655,0.2658928978408179,0.1649989632402894
0.5809305555555556,0.5534157407407407,0.027514814814814815,0.5791999999999999,0.2667910325309695,0.16381085674586973
0.5742629629629629,0.5534157407407407,0.02084722222222222,0.5608500000000001,0.27544256099925873,0.16412287137416187
0.5648296296296297,0.5534157407407407,0.011413888888888888,0.5433,0.25414232426543815,0.14965460824148638
0.5697953703703703,0.5534157407407407,0.016379629629629626,0.5556,0.2613991220459694,0.15246794408561204
0.5747425925925926,0.5534157407407407,0.02132685185185185,0.5359,0.2690378054953226,0.15256936072811997
0.5543268518518518,0.5534157407407407,0.0009111111111111043,0.53505,0.26984918896720483,0.15190524304988162
0.5649842592592592,0.5534157407407407,0.011568518518518514,0.5359,0.26675891918522,0.1444214488485153
0.5614814814814815,0.5534157407407407,0.008065740740740741,0.5556000000000001,0.27378146109425705,0.15769029516481287
0.5677564814814814,0.5534157407407407,0.014340740740740736,0.538,0.26469818442162096,0.15363243794274445
0.5656305555555555,0.5534157407407407,0.012214814814814814,0.52545,0.26548470095432986,0.1578902385900454
0.5636314814814815,0.5534157407407407,0.01021574074074074,0.53335,0.2598876319539745,0.1494013294002064
0.5749453703703704,0.5534157407407407,0.021529629629629635,0.5556,0.26567442283804593,0.15220489649071545
0.5672611111111111,0.5534157407407407,0.013845370370370366,0.5398,0.2615617962162582,0.1513272695244671
0.5655203703703704,0.5534157407407407,0.01210462962962963,0.5305500000000001,0.2768222250002105,0.1544338871245068
0.5597629629629629,0.5534157407407407,0.006347222222222222,0.525,0.2677391123095348,0.1551098757127144
0.5710444444444445,0.5534157407407407,0.017628703703703702,0.5556000000000001,0.268231932467064,0.16751667739595524
0.5650824074074074,0.5534157407407407,0.011666666666666662,0.5359,0.2670590654779637,0.15932238345304428
0.5699,0.5534157407407407,0.016484259259259258,0.5556000000000001,0.26597707651909563,0.14839824240214003
0.5743472222222222,0.5534157407407407,0.020931481481481478,0.5547500000000001,0.27477222290143,0.18960429706877316
0.5624138888888889,0.5534157407407407,0.008998148148148146,0.5546,0.2658823745474972,0.15702910854716726
0.5651333333333333,0.5534157407407407,0.011717592592592595,0.5385,0.260051237941949,0.16310148141267766
0.569124074074074,0.5534157407407407,0.01570833333333333,0.53095,0.26426319147451,0.14914124217272173
0.573637962962963,0.5534157407407407,0.020222222222222225,0.5359,0.2637606411788234,0.16611032778513424
0.5537416666666666,0.5534157407407407,0.0003259259259259281,0.52105,0.26664124454853666,0.15029834838471123
0.5617351851851852,0.5534157407407407,0.008319444444444449,0.5359,0.264964971874635,0.14495841070228846
0.5623203703703703,0.5534157407407407,0.008904629629629627,0.5556,0.25823908894240905,0.14267492453306485
0.5626259259259259,0.5534157407407407,0.009210185185185182,0.5359,0.26494135072042746,0.15280361101803944
0.5754416666666666,0.5534157407407407,0.02202592592592592,0.55555,0.26008999561258983,0.1503160958359382
0.5674907407407407,0.5534157407407407,0.014074999999999997,0.5635000000000001,0.26627446964456225,0.14764806357541602
0.5506851851851852,0.5534157407407407,-0.002730555555555555,0.50505,0.26702784055026424,0.15650173834293782
0.5609666666666666,0.5534157407407407,0.007550925925925921,0.54705,0.26874941912564915,0.15485661712788876
0.5838935185185185,0.5534157407407407,0.030477777777777774,0.5556000000000001,0.2652624414703183,0.16508954598382786
0.574887962962963,0.5534157407407407,0.021472222222222222,0.5556000000000001,0.25184294457510675,0.15711474991783725
0.5674999999999999,0.5534157407407407,0.014084259259259256,0.53335,0.2658266218744772,0.1483410349401329
0.5580027777777777,0.5534157407407407,0.004587037037037033,0.51895,0.26124603380554456,0.14818988771520597
0.5593342592592593,0.5534157407407407,0.005918518518518521,0.5401,0.26011728992181316,0.15422010132878097
0.5681185185185185,0.5534157407407407,0.014702777777777776,0.54425,0.2816402594243689,0.1690508591603901
0.575637962962963,0.5534157407407407,0.022222222222222216,0.5410999999999999,0.2667638234793223,0.16702858971425058
0.5572777777777778,0.5534157407407407,0.0038620370370370384,0.5359499999999999,0.2707787879892406,0.14861006476373909
0.5568287037037037,0.5534157407407407,0.0034129629629629592,0.5398,0.26500579575779054,0.14789967620963376
0.5710194444444444,0.5534157407407407,0.017603703703703705,0.5528,0.2762275898495315,0.16588540461050183
0.571512037037037,0.5534157407407407,0.018096296296296298,0.5556000000000001,0.26098415775946854,0.14747592480594696
0.5585731481481481,0.5534157407407407,0.005157407407407404,0.5398,0.2692252552367371,0.15129078531198933
0.5593953703703703,0.5534157407407407,0.005979629629629629,0.5398,0.2725273534704015,0.1502922030916505
0.5638222222222221,0.5534157407407407,0.01040648148148148,0.5166,0.26476682858743694,0.15855978693339662
0.5636787037037037,0.5534157407407407,0.010262962962962963,0.54705,0.26613820633146973,0.15225649325047913
0.5751018518518518,0.5534157407407407,0.021686111111111104,0.5875,0.2667088373522187,0.1665519208194863
0.5713351851851852,0.5534157407407407,0.017919444444444446,0.5556000000000001,0.2685133649590791,0.15510546153446472
0.5640037037037037,0.5534157407407407,0.010587962962962959,0.5556,0.26143586155265797,0.1560370311413303
0.5687027777777777,0.5534157407407407,0.015287037037037031,0.5555,0.26622085148972224,0.16279831229038197
0.5583972222222223,0.5534157407407407,0.004981481481481479,0.52545,0.2673445921031343,0.15822778513999386
0.5775472222222222,0.5534157407407407,0.024131481481481483,0.5786,0.2696028960916349,0.16273251353761695
0.540811111111111,0.5534157407407407,-0.012604629629629629,0.50385,0.2723327123768454,0.1555545283390279
0.5615083333333333,0.5534157407407407,0.008092592592592594,0.5546,0.26160598650049505,0.15219150731196712
0.568324074074074,0.5534157407407407,0.01490833333333333,0.52105,0.26887753730876834,0.16223055137385628
0.5746888888888889,0.5534157407407407,0.02127314814814814,0.5413999999999999,0.2626447297795958,0.14966015995530343
0.5609064814814815,0.5534157407407407,0.007490740740740735,0.5508500000000001,0.27460122566217343,0.14880019064468555
0.5773231481481481,0.5534157407407407,0.023907407407407405,0.5556000000000001,0.28090745827293556,0.15974373502330838
0.553412037037037,0.5534157407407407,-3.7037037037053516e-06,0.5298,0.25515428124359035,0.14672118063172565
0.5522018518518518,0.5534157407407407,-0.001213888888888889,0.5305500000000001,0.26868700582525823,0.157301962995715
0.5665268518518519,0.5534157407407407,0.01311111111111111,0.54425,0.2662040474517925,0.1480749054782705
0.55645,0.5534157407407407,0.003034259259259257,0.5460499999999999,0.2611200642308538,0.14672432677531858
0.562049074074074,0.5534157407407407,0.00863333333333333,0.5385,0.25705409063688,0.1415113924940585
0.5512888888888889,0.5534157407407407,-0.0021268518518518546,0.5460499999999999,0.26726436781826335,0.14733372481716875
0.5576462962962963,0.5534157407407407,0.004230555555555556,0.5359,0.2664093426226296,0.15564124543941255
0.5580944444444446,0.5534157407407407,0.004678703703703703,0.54425,0.2681139082914474,0.15462848817508776
0.5846787037037037,0.5534157407407407,0.03126296296296296,0.55625,0.2647756031236996,0.17302440246705875
0.5690944444444445,0.5534157407407407,0.0156787037037037,0.54705,0.26269236079004177,0.15874846561973968
0.5604675925925925,0.5534157407407407,0.0070518518518518526,0.54425,0.2619770039949835,0.14914443321544193
0.5575675925925926,0.5534157407407407,0.0041518518518518475,0.5359,0.2706263823918257,0.15281677776550603
0.5842666666666666,0.5534157407407407,0.030850925925925917,0.5708500000000001,0.2684706298003947,0.17132453899744207
0.5543379629629629,0.5534157407407407,0.0009222222222222214,0.51895,0.25761728395808875,0.1492970947212699
0.5769138888888888,0.5534157407407407,0.023498148148148143,0.5861000000000001,0.26651032504707545,0.15495746958348333
0.559923148148148,0.5534157407407407,0.006507407407407401,0.52545,0.2713745012458708,0.15320109544501334
0.5661546296296296,0.5534157407407407,0.012738888888888888,0.5556,0.2659796620656772,0.1496658495145216
0.5669425925925926,0.5534157407407407,0.013526851851851852,0.5433,0.2689454752105086,0.15027949947956412
0.5716768518518518,0.5534157407407407,0.01826111111111111,0.54765,0.25783532910714724,0.15566400482691523
0.5748731481481482,0.5534157407407407,0.021457407407407408,0.5635000000000001,0.26600398338893644,0.15794287397646217
0.5665814814814815,0.5534157407407407,0.013165740740740743,0.5359,0.27503141269974324,0.1505977461709923
0.5585768518518518,0.5534157407407407,0.0051611111111111085,0.5556000000000001,0.2677477120530121,0.15900302520682466
0.5662074074074075,0.5534157407407407,0.012791666666666661,0.5433,0.2655450760629032,0.14500534448738964
0.566462037037037,0.5534157407407407,0.013046296296296297,0.5401,0.25728079453572356,0.15368271868865918
0.5500444444444444,0.5534157407407407,-0.003371296296296297,0.52545,0.2688969949517491,0.14350981864284423
0.5633074074074074,0.5534157407407407,0.009891666666666661,0.5546,0.2572452743192201,0.14571205257752406
0.5525157407407407,0.5534157407407407,-0.0008999999999999986,0.5089,0.26623262232334677,0.14620679759693597
0.5586222222222222,0.5534157407407407,0.00520648148148148,0.5305500000000001,0.25848979275689316,0.1514736683407002
0.556262037037037,0.5534157407407407,0.0028462962962962964,0.5359,0.2599940019860245,0.16226572036276166
0.5716472222222222,0.5534157407407407,0.018231481481481477,0.538,0.26244600885192615,0.1503888670617026
0.5506009259259259,0.5534157407407407,-0.0028148148148148143,0.5,0.2676472167162533,0.1556301119355984
0.5740064814814816,0.5534157407407407,0.020590740740740743,0.5556000000000001,0.2636551444429686,0.1573652151572966
0.5664444444444444,0.5534157407407407,0.013028703703703702,0.5556000000000001,0.26635283055128045,0.14345106499047694
0.5534796296296297,0.5534157407407407,6.388888888888597e-05,0.5385,0.26952860745267015,0.14480965492824066
0.5725518518518519,0.5534157407407407,0.019136111111111107,0.54865,0.2648896128689919,0.16226188158810098
0.5848240740740741,0.5534157407407407,0.03140833333333332,0.56875,0.2723329311639173,0.18112559804278117
0.5657583333333333,0.5534157407407407,0.012342592592592594,0.5433,0.2683781768657001,0.15516198301341375
0.5687092592592593,0.5534157407407407,0.015293518518518519,0.5359499999999999,0.2589472311332865,0.1473936380480414
0.5529768518518519,0.5534157407407407,-0.00043888888888888786,0.5305500000000001,0.2594941566001491,0.1502873060553376
0.5661435185185185,0.5534157407407407,0.012727777777777774,0.5398,0.26646126904584655,0.15772520041943847
0.5645222222222221,0.5534157407407407,0.011106481481481478,0.5546,0.2558215445953052,0.151763257760882
0.5702055555555555,0.5534157407407407,0.016789814814814813,0.5556000000000001,0.2717397307668839,0.1536715042019948
0.5475351851851852,0.5534157407407407,-0.0058805555555555555,0.50505,0.26274435509371125,0.15040304385114175
0.5534888888888888,0.5534157407407407,7.314814814814935e-05,0.55555,0.25991015174131454,0.15028761000441007
0.5559194444444444,0.5534157407407407,0.0025037037037037046,0.5359,0.2603593919620839,0.1482015897388002
0.5584046296296296,0.5534157407407407,0.004988888888888892,0.5359,0.26342303505754194,0.14665123375331937
0.5590462962962963,0.5534157407407407,0.0056305555555555544,0.5359,0.2705533752601491,0.1624536641103119
0.5635787037037038,0.5534157407407407,0.010162962962962962,0.51895,0.2716502100956907,0.14772360626887882
0.5544851851851852,0.5534157407407407,0.001069444444444445,0.52655,0.26188248303133405,0.15162103425842674
0.5651092592592593,0.5534157407407407,0.011693518518518516,0.5359,0.2520398016101978,0.14429653610336446
0.562637037037037,0.5534157407407407,0.009221296296296293,0.5359499999999999,0.25753729304127326,0.15321714665209782
0.5645342592592593,0.5534157407407407,0.011118518518518515,0.5359,0.25604286774629215,0.15346962142583281
0.5611231481481481,0.5534157407407407,0.007707407407407406,0.53765,0.26223570463660784,0.14051429215477584
0.5621777777777778,0.5534157407407407,0.008762037037037033,0.5556000000000001,0.2586583592139973,0.14695142354462923
0.5513805555555555,0.5534157407407407,-0.002035185185185188,0.52105,0.2602996484852748,0.14367999315379879
0.5662249999999999,0.5534157407407407,0.012809259259259258,0.5359,0.2711320112048741,0.15670075746498607
0.5596083333333333,0.5534157407407407,0.00619259259259259,0.5305500000000001,0.2518164789857587,0.1525217666118902
0.5567916666666667,0.5534157407407407,0.0033759259259259233,0.5385,0.26815623815370704,0.15843409011431092
0.5626148148148148,0.5534157407407407,0.009199074074074075,0.5305500000000001,0.2624222960434442,0.1558472793638566
0.5729314814814814,0.5534157407407407,0.01951574074074074,0.5944499999999999,0.2758905836375007,0.1467023358961612
0.5444287037037037,0.5534157407407407,-0.008987037037037042,0.50505,0.26963038634983955,0.1440793758987146
0.5721740740740741,0.5534157407407407,0.018758333333333335,0.5556,0.25955600889108904,0.1440614751468807
0.5691768518518519,0.5534157407407407,0.01576111111111111,0.5305500000000001,0.26453003313634926,0.15515161944232592
0.5728824074074074,0.5534157407407407,0.019466666666666663,0.5722500000000001,0.2737813995404676,0.1657398462516302
0.5583055555555556,0.5534157407407407,0.004889814814814813,0.5398,0.2676267640365224,0.14798395842579443
0.5528101851851852,0.5534157407407407,-0.0006055555555555557,0.51895,0.26762805719523547,0.1535237823418518
0.5693611111111111,0.5534157407407407,0.015945370370370367,0.5385,0.2630182801057408,0.14461620841169762
0.5601787037037037,0.5534157407407407,0.006762962962962964,0.5359,0.2700571040516639,0.1463284077494978
0.5738333333333333,0.5534157407407407,0.02041759259259259,0.54705,0.2681248617628121,0.16789779536256028
0.5630240740740741,0.5534157407407407,0.009608333333333333,0.5556000000000001,0.26097942442991584,0.14199705810102473
0.5727407407407407,0.5534157407407407,0.019325,0.54705,0.26790605482618396,0.15154421588816538
0.5718379629629629,0.5534157407407407,0.018422222222222222,0.54585,0.25130778303978657,0.1539965367575951
0.5650305555555556,0.5534157407407407,0.011614814814814814,0.5556000000000001,0.2676869438331909,0.15240065482652682
0.5746435185185185,0.5534157407407407,0.021227777777777776,0.53335,0.26125943394786083,0.17438179395311107
0.559325,0.5534157407407407,0.005909259259259261,0.5433,0.26133517745729434,0.15223262421728692
0.5600962962962963,0.5534157407407407,0.0066805555555555516,0.54705,0.26808406511290966,0.16529478705550835
0.5735435185185185,0.5534157407407407,0.020127777777777772,0.53765,0.26052228034417446,0.14664957522193028
0.5623685185185185,0.5534157407407407,0.00895277777777778,0.5462,0.2605361275639312,0.1566649042868328
0.5715953703703703,0.5534157407407407,0.01817962962962963,0.5556,0.27297442842965536,0.1644323664385203
0.560436111111111,0.5534157407407407,0.00702037037037037,0.5460499999999999,0.2701218906097845,0.1581459604758048
0.5613157407407406,0.5534157407407407,0.007900000000000003,0.52545,0.26627727245238153,0.15495848283288385
0.5843972222222222,0.5534157407407407,0.030981481481481478,0.58125,0.2547835340922727,0.15235583051892634
0.5632638888888889,0.5534157407407407,0.00984814814814815,0.54705,0.26278425444599074,0.1442446017593917
0.5806212962962962,0.5534157407407407,0.027205555555555552,0.5556000000000001,0.2599813933136984,0.15230183744286713
0.5513712962962963,0.5534157407407407,-0.0020444444444444455,0.5194,0.26885358140411286,0.1583749232801315
0.5625990740740741,0.5534157407407407,0.009183333333333333,0.55185,0.270778850861549,0.14725073695133167
0.5550962962962962,0.5534157407407407,0.0016805555555555545,0.53335,0.2688894898339534,0.15706933492416733
0.5574898148148147,0.5534157407407407,0.004074074074074074,0.5282,0.2750997735537257,0.16770293404684275
0.5669509259259259,0.5534157407407407,0.013535185185185183,0.5354,0.2614107998167193,0.14702748570988688
0.5570009259259259,0.5534157407407407,0.003585185185185184,0.5305500000000001,0.26847597553298314,0.15074601454090047
0.5619157407407407,0.5534157407407407,0.008499999999999995,0.5359499999999999,0.26706301512747677,0.15842151451643885
0.5569657407407407,0.5534157407407407,0.0035500000000000006,0.51615,0.2706457394676102,0.16727881448557952
0.5548870370370371,0.5534157407407407,0.0014712962962962978,0.50505,0.27266639508373824,0.1560254221143704
0.5736555555555556,0.5534157407407407,0.020239814814814808,0.557,0.26364989186962706,0.1659623079265344
0.5506509259259259,0.5534157407407407,-0.0027648148148148146,0.50505,0.27537756595429186,0.1476670226948257
0.5621361111111112,0.5534157407407407,0.00872037037037037,0.5305500000000001,0.2627772694825369,0.14295042782312622
0.5696055555555556,0.5534157407407407,0.016189814814814813,0.54705,0.2669222963809804,0.16068927811431594
0.567399074074074,0.5534157407407407,0.013983333333333335,0.5556000000000001,0.27409481322098866,0.16008197053297296
0.5607731481481482,0.5534157407407407,0.007357407407407406,0.5305500000000001,0.2544789294498108,0.15059499452015015
0.5718657407407407,0.5534157407407407,0.018449999999999998,0.5460499999999999,0.26523979457920366,0.1474899087313098
0.5600166666666667,0.5534157407407407,0.006600925925925927,0.5469999999999999,0.2731918960292834,0.15263240153759833
0.5530638888888889,0.5534157407407407,-0.0003518518518518532,0.52545,0.2644220032194831,0.1505441168496262
0.5775111111111112,0.5534157407407407,0.02409537037037037,0.5905,0.27502820019668306,0.15887867197416006
0.5695796296296296,0.5534157407407407,0.016163888888888884,0.5556000000000001,0.26714719375762086,0.16086985420585123
0.5689425925925926,0.5534157407407407,0.01552685185185185,0.5359,0.26609481101534166,0.14849026187050235
0.5696611111111111,0.5534157407407407,0.016245370370370372,0.5359,0.2667473616029189,0.15819032035811081
0.5600166666666667,0.5534157407407407,0.0066009259259259215,0.5359,0.2812154329328783,0.15790768123662371
0.5670796296296297,0.5534157407407407,0.013663888888888887,0.54705,0.27129750361737653,0.15443008003099676
0.5848509259259259,0.5534157407407407,0.031435185185185184,0.5556,0.2627876423129628,0.18194343750563594
0.5549287037037036,0.5534157407407407,0.0015129629629629618,0.5359499999999999,0.26411513598475916,0.14796566796325322
0.5623546296296296,0.5534157407407407,0.008938888888888887,0.5359,0.2586669288328606,0.15220329115366144
0.553887037037037,0.5534157407407407,0.00047129629629629323,0.5385,0.2723311583906461,0.14934448796083913
0.5523574074074074,0.5534157407407407,-0.0010583333333333356,0.5282,0.2720029944872631,0.15212623700723457
0.5568907407407407,0.5534157407407407,0.0034749999999999976,0.53335,0.2670134976941204,0.13677387992219844
0.5786842592592593,0.5534157407407407,0.025268518518518517,0.5385,0.2528972899867133,0.1582572262295137
0.5687055555555556,0.5534157407407407,0.015289814814814815,0.5556000000000001,0.26879162093128206,0.14893041650620953
0.5590203703703703,0.5534157407407407,0.005604629629629628,0.5385,0.25375515417969097,0.14960972367335804
0.5485046296296296,0.5534157407407407,-0.004911111111111112,0.51055,0.27604443614394725,0.15345617252080543
0.5642898148148148,0.5534157407407407,0.010874074074074072,0.5359,0.26458551783956863,0.15115925461626223
0.5678935185185184,0.5534157407407407,0.014477777777777782,0.5305500000000001,0.27000514404000725,0.1651732538900383
0.5694175925925925,0.5534157407407407,0.01600185185185185,0.55555,0.2502737091679673,0.14474014290617934
0.5646361111111111,0.5534157407407407,0.011220370370370372,0.5385,0.25976060742495566,0.1501183861542076
0.5655462962962963,0.5534157407407407,0.012130555555555556,0.5166,0.2616820445045111,0.15330087480673715
0.5836666666666667,0.5534157407407407,0.030250925925925924,0.5944499999999999,0.2630967726440234,0.16491236159997358
0.5768648148148148,0.5534157407407407,0.023449074074074077,0.5556,0.2684007379528049,0.1624706026581628
0.5587296296296297,0.5534157407407407,0.005313888888888889,0.5359,0.2685799549445051,0.15378913495300964
0.5664296296296296,0.5534157407407407,0.013013888888888884,0.54705,0.2687365649792951,0.16347192016918566
0.5563888888888888,0.5534157407407407,0.0029731481481481475,0.5359,0.26452936353920115,0.14303430645702236
0.5573694444444445,0.5534157407407407,0.003953703703703703,0.5187,0.2661046816217199,0.16194171238582555
0.5517472222222222,0.5534157407407407,-0.0016685185185185214,0.51615,0.26754133524929974,0.14777216591207373
0.5677129629629629,0.5534157407407407,0.01429722222222222,0.5333,0.26538304007835967,0.16138085472752234
0.5549027777777777,0.5534157407407407,0.0014870370370370378,0.5359,0.2761631000743566,0.1637666673218889
0.5501027777777778,0.5534157407407407,-0.0033129629629629694,0.5359,0.26362199731594355,0.1448276746495981
0.5617972222222223,0.5534157407407407,0.008381481481481478,0.5359,0.2815839449073668,0.15392229265841886
0.566861111111111,0.5534157407407407,0.013445370370370368,0.54765,0.2615550330159031,0.14702561311875442
0.5647592592592593,0.5534157407407407,0.011343518518518517,0.5359,0.2649714613576821,0.14771804872870006
0.5784379629629629,0.5534157407407407,0.02502222222222222,0.5556000000000001,0.27414660506507993,0.16067937502253485
0.576286111111111,0.5534157407407407,0.02287037037037037,0.55555,0.26695443710030176,0.16262450658470148
0.5474824074074074,0.5534157407407407,-0.005933333333333333,0.50505,0.2736886459487369,0.1559733610133294
0.5537435185185184,0.5534157407407407,0.00032777777777777764,0.5333000000000001,0.25946701419048407,0.1558855270348752
0.5731675925925926,0.5534157407407407,0.019751851851851847,0.5333000000000001,0.2615493816345253,0.15450040285552627
0.5748148148148148,0.5534157407407407,0.021399074074074074,0.5556000000000001,0.25928397985293383,0.15608004446279633
0.5615833333333333,0.5534157407407407,0.00816759259259259,0.5385,0.25389766703753464,0.16028593249221185
0.5619416666666667,0.5534157407407407,0.00852592592592593,0.5359,0.2692598814559686,0.15857883877305726
0.5608481481481481,0.5534157407407407,0.007432407407407405,0.5385,0.26819933355603826,0.1487535042098537
0.5742777777777778,0.5534157407407407,0.020862037037037037,0.5556000000000001,0.27094228282616384,0.1685473026133661
0.5584351851851851,0.5534157407407407,0.005019444444444441,0.5305500000000001,0.2667089972567899,0.14468423075002285
0.5661972222222222,0.5534157407407407,0.012781481481481475,0.5528,0.2529174426486836,0.1470909554886695
0.5674657407407407,0.5534157407407407,0.014049999999999998,0.5354,0.25874893368764423,0.16540752082032192
0.5598287037037036,0.5534157407407407,0.00641296296296296,0.5215,0.2768097997599863,0.16054115848812384
0.5685574074074073,0.5534157407407407,0.015141666666666666,0.5385,0.2695644105588581,0.15149874070294922
0.5702333333333333,0.5534157407407407,0.01681759259259259,0.5359,0.26869609835468033,0.15178099928410976
0.5662268518518518,0.5534157407407407,0.012811111111111106,0.5528,0.26535814331862995,0.14804552932761622
0.5610527777777777,0.5534157407407407,0.007637037037037032,0.54705,0.26117585562663576,0.15549782195943923
0.5503898148148147,0.5534157407407407,-0.003025925925925929,0.52655,0.25949062718377147,0.1470907535804147
0.5634101851851852,0.5534157407407407,0.009994444444444448,0.5359,0.26790981741833253,0.16078878339624195
0.5596694444444444,0.5534157407407407,0.006253703703703701,0.512,0.2727738673379329,0.15225217057269924
0.5722435185185185,0.5534157407407407,0.018827777777777777,0.5305500000000001,0.2730795527078703,0.1624523802740293
0.5537824074074074,0.5534157407407407,0.00036666666666666125,0.5305500000000001,0.26742396345440744,0.16510997694258608
0.5598120370370371,0.5534157407407407,0.006396296296296297,0.5556000000000001,0.2771280259211469,0.15709909363137406
0.5682935185185185,0.5534157407407407,0.014877777777777774,0.54705,0.2733266893599604,0.1600843360286838
0.5672592592592592,0.5534157407407407,0.01384351851851852,0.5359,0.25827073530929356,0.15426800764220963
0.5546749999999999,0.5534157407407407,0.0012592592592592625,0.5122,0.2674713313749282,0.15624095161062557
0.5672305555555556,0.5534157407407407,0.013814814814814811,0.5286,0.2728748319604531,0.15335252029035792
0.546862962962963,0.5534157407407407,-0.006552777777777779,0.50505,0.27465213532369953,0.15554110281565137
0.5678527777777778,0.5534157407407407,0.014437037037037035,0.5359,0.28236272637256543,0.1650412594081451
0.5635046296296297,0.5534157407407407,0.010088888888888889,0.54765,0.26457903731722965,0.15634706261244227
0.565200925925926,0.5534157407407407,0.011785185185185183,0.525,0.2558003180400975,0.15356450245412862
0.570475925925926,0.5534157407407407,0.01706018518518518,0.53765,0.26167072155253873,0.1486544176154913
0.5510037037037038,0.5534157407407407,-0.0024120370370370368,0.51895,0.27660482251150587,0.1445827530190861
0.5795555555555555,0.5534157407407407,0.026139814814814814,0.5789,0.2748236383789393,0.16063560081884923
0.5693555555555556,0.5534157407407407,0.015939814814814813,0.5547500000000001,0.27507201889018806,0.1738844674665728
0.5554,0.5534157407407407,0.0019842592592592607,0.5289,0.2661101212571856,0.15321031977762484
0.573875,0.5534157407407407,0.02045925925925926,0.57915,0.2713792535838009,0.1549273016352171
0.5629046296296296,0.5534157407407407,0.009488888888888889,0.51895,0.25664050983189973,0.1456238114280376
0.5725972222222222,0.5534157407407407,0.019181481481481483,0.5556000000000001,0.2708695776994031,0.16702423303285846
0.5631657407407408,0.5534157407407407,0.00975,0.5333000000000001,0.2680468054964083,0.16769751891565746
0.5697601851851851,0.5534157407407407,0.016344444444444436,0.54705,0.2673233618706651,0.170721981094001
0.5526805555555554,0.5534157407407407,-0.0007351851851851824,0.52545,0.26778151732382355,0.15125125615594218
0.5526592592592592,0.5534157407407407,-0.0007564814814814804,0.5333,0.25794133725494006,0.14072364265629853
0.5645518518518519,0.5534157407407407,0.011136111111111109,0.5359,0.26981301884217057,0.16527888719663955
0.5759101851851851,0.5534157407407407,0.02249444444444444,0.5556000000000001,0.2548300323927915,0.16209119726416238
0.5672907407407407,0.5534157407407407,0.013875,0.5305500000000001,0.2649898963113683,0.1551433609706552
0.5679046296296296,0.5534157407407407,0.014488888888888884,0.5385,0.25461006227198074,0.1495262120823251
0.5729425925925926,0.5534157407407407,0.019526851851851854,0.5518000000000001,0.2621657563000805,0.14390886888328866
0.5700527777777777,0.5534157407407407,0.016637037037037034,0.5556000000000001,0.26684453994205076,0.1484189747754033
0.5722333333333333,0.5534157407407407,0.01881759259259259,0.55555,0.2609484627027258,0.15103410942887258
0.5749574074074074,0.5534157407407407,0.021541666666666664,0.5556000000000001,0.2587052207687907,0.16002996222086419
0.5549268518518519,0.5534157407407407,0.0015111111111111065,0.5359,0.26185710471730783,0.1549204820649609
0.5589759259259258,0.5534157407407407,0.005560185185185184,0.538,0.2706422827449825,0.15290584357079434
0.5583601851851852,0.5534157407407407,0.004944444444444442,0.5305500000000001,0.2662794831869713,0.15360970893510517
0.576175,0.5534157407407407,0.02275925925925926,0.59285,0.2613608566838999,0.15389533039440537
0.5787370370370369,0.5534157407407407,0.025321296296296293,0.55625,0.2718414197541327,0.17226511574598266
0.564825,0.5534157407407407,0.01140925925925926,0.5460499999999999,0.26812168813718285,0.15219264018522372
0.5560601851851852,0.5534157407407407,0.00264444444444444,0.5,0.2586088743552558,0.15045813795623872
0.5696796296296296,0.5534157407407407,0.016263888888888887,0.5401,0.25539008893278375,0.16385209791825014
0.5550555555555555,0.5534157407407407,0.0016398148148148173,0.5398,0.26730405325160184,0.1577535691731926
0.5651129629629629,0.5534157407407407,0.011697222222222222,0.5359,0.25466752380478047,0.1612971498600006
0.5680092592592593,0.5534157407407407,0.014593518518518518,0.5635000000000001,0.2728009991680927,0.16363677880647284
0.5646185185185186,0.5534157407407407,0.01120277777777778,0.53165,0.25561453498379344,0.14523380341973846
0.5802342592592593,0.5534157407407407,0.026818518518518512,0.5359,0.25937556473517154,0.1689461376026952
0.5858666666666666,0.5534157407407407,0.032450925925925925,0.5556000000000001,0.2652907422883905,0.15696804454563495
0.5547814814814815,0.5534157407407407,0.0013657407407407466,0.5305500000000001,0.2701218067742421,0.15098513212811795
0.5776916666666667,0.5534157407407407,0.02427592592592593,0.5556000000000001,0.26860826882179045,0.1536833666082047
0.5833425925925926,0.5534157407407407,0.02992685185185185,0.5664,0.2610755518550008,0.1587849292540726
0.5750296296296296,0.5534157407407407,0.021613888888888887,0.5556000000000001,0.2591251216045841,0.16817765776597998
0.552312037037037,0.5534157407407407,-0.001103703703703707,0.5305500000000001,0.2623258460005873,0.14318262629291198
0.5597925925925926,0.5534157407407407,0.00637685185185185,0.5556,0.264670316771888,0.14581799730369394
0.5609305555555555,0.5534157407407407,0.007514814814814814,0.51895,0.2643130611439345,0.1512503821358051
0.543049074074074,0.5534157407407407,-0.010366666666666665,0.5,0.2677195311932101,0.14927975430958135
0.5586398148148148,0.5534157407407407,0.005224074074074074,0.5359,0.2722493266779569,0.15874865154795342
0.5632148148148148,0.5534157407407407,0.009799074074074075,0.5305500000000001,0.25729955189358233,0.14965005066048603
0.562675925925926,0.5534157407407407,0.009260185185185186,0.5546,0.27184480209187056,0.1436712407175186
0.5624814814814815,0.5534157407407407,0.009065740740740739,0.5298499999999999,0.2675757369063239,0.15060881504903428
0.5621537037037038,0.5534157407407407,0.008737962962962965,0.5359,0.2660292283941487,0.15839201204582207
0.5758629629629629,0.5534157407407407,0.022447222222222223,0.5556000000000001,0.26546109474091556,0.15869166980966012
0.5570064814814815,0.5534157407407407,0.003590740740740742,0.5305500000000001,0.26330753430380455,0.15074682776658738
0.5499953703703704,0.5534157407407407,-0.003420370370370373,0.5385,0.2706958915079813,0.14976154863758864
0.5686194444444445,0.5534157407407407,0.015203703703703704,0.53505,0.26469262881542654,0.14916842073027295
0.5600925925925926,0.5534157407407407,0.00667685185185185,0.51895,0.2657802502819662,0.16987212046013525
0.5747055555555556,0.5534157407407407,0.021289814814814813,0.5556000000000001,0.2614023624779131,0.1550870668576443
0.5581175925925925,0.5534157407407407,0.004701851851851854,0.5305500000000001,0.2640341006823213,0.14752551180068013
0.570400925925926,0.5534157407407407,0.016985185185185186,0.5460499999999999,0.26919386909440035,0.15142491110680467
0.5767712962962962,0.5534157407407407,0.023355555555555556,0.54705,0.27280347417790984,0.16476259064866203
0.5640407407407407,0.5534157407407407,0.010624999999999996,0.5305500000000001,0.2636395365656822,0.1435969795877649
0.5690407407407407,0.5534157407407407,0.015625,0.5401,0.26179887872968266,0.15485238441155477
0.5714953703703703,0.5534157407407407,0.01807962962962963,0.54705,0.2651409384989158,0.16087965012443498
0.5544777777777777,0.5534157407407407,0.0010620370370370404,0.5305500000000001,0.26522007449054946,0.1437069465588551
0.575087962962963,0.5534157407407407,0.021672222222222225,0.55555,0.26048619340870904,0.16027435055392633
0.5719777777777778,0.5534157407407407,0.01856203703703703,0.5556000000000001,0.2638594833963584,0.16803560132215895
0.5577629629629629,0.5534157407407407,0.004347222222222225,0.5305500000000001,0.2628184162570216,0.14949260942463233
0.5626962962962963,0.5534157407407407,0.00928055555555555,0.5305500000000001,0.2587861867516195,0.14769354509673022
0.5616185185185185,0.5534157407407407,0.008202777777777774,0.53335,0.26598892119017953,0.14092790525014254
0.5573546296296296,0.5534157407407407,0.00393888888888889,0.5293,0.2690446099216614,0.1458061476040284
0.5734092592592593,0.5534157407407407,0.019993518518518518,0.5556000000000001,0.26380996719602834,0.15660906520183365
0.5600083333333333,0.5534157407407407,0.00659259259259259,0.5385,0.2602693131171389,0.15195963046286967
0.5808324074074074,0.5534157407407407,0.027416666666666662,0.5556000000000001,0.2626128808753045,0.16294051291088887
0.57205,0.5534157407407407,0.018634259259259264,0.5556000000000001,0.26123112175229546,0.1604405448803458
0.561075,0.5534157407407407,0.007659259259259259,0.5305500000000001,0.2589165365915448,0.1483943256825317
0.5636277777777777,0.5534157407407407,0.010212037037037037,0.5401,0.25895873082001464,0.16156211659082406
0.5675805555555554,0.5534157407407407,0.01416481481481481,0.5462,0.2648789476498645,0.14707965501270723
0.5702351851851852,0.5534157407407407,0.01681944444444444,0.5359,0.2636935705023246,0.157294874261202
0.5650055555555555,0.5534157407407407,0.011589814814814811,0.54425,0.26234429287909145,0.15913415837771036
0.5691324074074073,0.5534157407407407,0.015716666666666664,0.5401,0.2593344615716087,0.14856249731165883
0.5664685185185185,0.5534157407407407,0.013052777777777773,0.5305500000000001,0.2639900821728634,0.16012551412122203
0.5737314814814815,0.5534157407407407,0.02031574074074074,0.5556000000000001,0.2607982507567578,0.1664618269855627
0.5549953703703703,0.5534157407407407,0.0015796296296296272,0.51895,0.2690467507525704,0.1520328492291102
0.5550777777777779,0.5534157407407407,0.0016620370370370391,0.51055,0.2575189837239056,0.1462520227306995
0.5674305555555554,0.5534157407407407,0.014014814814814813,0.5359,0.2629292874122769,0.1573214821644923
0.5677064814814815,0.5534157407407407,0.014290740740740741,0.5556000000000001,0.26423096321251716,0.15681239671636982
0.5693018518518519,0.5534157407407407,0.015886111111111108,0.55555,0.2745559837644004,0.14905178329815907
0.5583722222222223,0.5534157407407407,0.0049564814814814775,0.5433,0.2591874754795896,0.14572710270320577
0.5602824074074074,0.5534157407407407,0.006866666666666665,0.5359,0.26341766410469614,0.149371351830475
0.5525,0.5534157407407407,-0.0009157407407407386,0.5305500000000001,0.2672814904556373,0.15364353705537184
0.5492388888888888,0.5534157407407407,-0.004176851851851854,0.51895,0.26667033196468587,0.168150369735939
0.5844555555555555,0.5534157407407407,0.031039814814814812,0.56945,0.26385165661374826,0.1593558974271903
0.5508666666666667,0.5534157407407407,-0.002549074074074077,0.50505,0.2843756936522299,0.15888908815769334
0.556975,0.5534157407407407,0.003559259259259259,0.5359,0.26529264924417084,0.1578787557027541
0.5598074074074074,0.5534157407407407,0.006391666666666663,0.5305500000000001,0.2785975379807161,0.16200229785205453
0.5585842592592593,0.5534157407407407,0.005168518518518521,0.5556,0.27210572545369166,0.1493408868829329
0.5635657407407407,0.5534157407407407,0.01015,0.5359,0.2724258064690041,0.17123488240796916
0.5757527777777777,0.5534157407407407,0.022337037037037037,0.5608500000000001,0.27284732078490626,0.1616086854521399
0.5676064814814814,0.5534157407407407,0.014190740740740733,0.5556,0.26591108037815603,0.1504988530629983
0.5606194444444443,0.5534157407407407,0.007203703703703706,0.5359,0.2655436016640868,0.1461543819070792
0.5657055555555555,0.5534157407407407,0.012289814814814816,0.5359,0.2578505474662803,0.16355279060857758
0.5693583333333334,0.5534157407407407,0.01594259259259259,0.5354,0.26086077968622395,0.15677993637353732
0.567073148148148,0.5534157407407407,0.013657407407407405,0.5385,0.2612898997323587,0.15939811277374794
0.5614768518518518,0.5534157407407407,0.00806111111111111,0.5359,0.27839506810490866,0.16470325671517752
0.5491750000000001,0.5534157407407407,-0.004240740740740745,0.5,0.2623238827530136,0.1475212166188891
0.5662425925925926,0.5534157407407407,0.012826851851851851,0.5305500000000001,0.2699229350744337,0.16103246413653485
0.5627361111111111,0.5534157407407407,0.009320370370370371,0.5359,0.24898967491948518,0.1508253776207472
0.5624203703703704,0.5534157407407407,0.009004629629629626,0.5556000000000001,0.26983320973612024,0.15736735009385674
0.5707129629629629,0.5534157407407407,0.017297222222222224,0.56945,0.2646167859033002,0.155907391909508
0.5673046296296296,0.5534157407407407,0.013888888888888885,0.55455,0.27161089278813905,0.1522318468734194
0.569925,0.5534157407407407,0.016509259259259255,0.5556000000000001,0.2715593324697236,0.16312687369900353
0.5642583333333332,0.5534157407407407,0.010842592592592591,0.5305500000000001,0.2606367408435927,0.15711833459565705
0.5606851851851852,0.5534157407407407,0.0072694444444444456,0.5401,0.25748064578923235,0.1450381570537823
0.556699074074074,0.5534157407407407,0.0032833333333333325,0.5305500000000001,0.26116835995603543,0.148852180643224
0.5749046296296296,0.5534157407407407,0.021488888888888887,0.5556000000000001,0.2597451613733563,0.15838786376931818
0.5728435185185186,0.5534157407407407,0.01942777777777778,0.5528,0.26790028598085863,0.15939413785895837
0.5597888888888889,0.5534157407407407,0.006373148148148149,0.50505,0.26222660576796103,0.15199707609489865
0.5511435185185185,0.5534157407407407,-0.0022722222222222237,0.5,0.2619007796262026,0.14342901519132695
0.5767453703703703,0.5534157407407407,0.023329629629629627,0.5556000000000001,0.2695900222037606,0.16241773259574765
0.569812037037037,0.5534157407407407,0.016396296296296294,0.5359,0.26064119811116016,0.1531916043708198
0.5755527777777778,0.5534157407407407,0.02213703703703704,0.5556000000000001,0.2730881027459284,0.15317287685560688
0.5640435185185185,0.5534157407407407,0.01062777777777777,0.5326,0.26712980822734683,0.15503653523788183
0.5685935185185185,0.5534157407407407,0.015177777777777776,0.5359,0.2526125111682303,0.15627240076186003
0.5630555555555556,0.5534157407407407,0.009639814814814816,0.5469999999999999,0.2688378534808193,0.153626041247889
0.570262037037037,0.5534157407407407,0.016846296296296293,0.538,0.26961835253183325,0.1528065226050261
0.5764249999999999,0.5534157407407407,0.023009259259259257,0.53765,0.27668242773576535,0.17371068521094354
0.5642018518518518,0.5534157407407407,0.01078611111111111,0.5460499999999999,0.26750734394023495,0.14115805117942293
0.5551083333333333,0.5534157407407407,0.0016925925925925932,0.51895,0.26890025289068226,0.1516608523984518
0.5539148148148147,0.5534157407407407,0.0004990740740740735,0.50505,0.2650003226289042,0.14347836562006067
0.5581620370370369,0.5534157407407407,0.004746296296296299,0.51895,0.26385360983668404,0.15569050261007192
0.5664907407407408,0.5534157407407407,0.013074999999999996,0.5385,0.26398775231326316,0.14918423354156152
0.5476342592592592,0.5534157407407407,-0.005781481481481484,0.50505,0.2635967878642366,0.14291045438181377
0.561175,0.5534157407407407,0.007759259259259259,0.5359,0.2698685246265524,0.13996075220023477
0.5842537037037037,0.5534157407407407,0.030837962962962956,0.5556000000000001,0.2674349282110994,0.15868716165561841
0.5542944444444443,0.5534157407407407,0.0008787037037037057,0.5282,0.27902021594039883,0.15514326936161446
0.5439296296296295,0.5534157407407407,-0.009486111111111115,0.51895,0.2623842588662592,0.14689604593034097
0.5593499999999999,0.5534157407407407,0.005934259259259263,0.5401,0.27620992507562137,0.15913394179795978
0.5690657407407408,0.5534157407407407,0.01565,0.5359,0.2727591605362788,0.16733999611290007
0.5668777777777778,0.5534157407407407,0.013462037037037036,0.54705,0.28339681612433143,0.1773148673693332
0.5639574074074074,0.5534157407407407,0.010541666666666663,0.5305500000000001,0.26887075351207357,0.16935333363163987
0.5560231481481481,0.5534157407407407,0.0026074074074074038,0.50505,0.27088773327449633,0.1537116998591502
0.5853777777777778,0.5534157407407407,0.03196203703703703,0.54705,0.25994188830573295,0.17420762009879073
0.572,0.5534157407407407,0.01858425925925926,0.55185,0.26306607250778824,0.15683592900996293
0.565037037037037,0.5534157407407407,0.011621296296296298,0.54865,0.2583528875458688,0.15020988372406582
0.5606324074074074,0.5534157407407407,0.0072166666666666655,0.5398,0.2619749380995844,0.15153663786960048
0.5716453703703702,0.5534157407407407,0.018229629629629627,0.54865,0.2613270756076682,0.16215953968281335
0.5623351851851851,0.5534157407407407,0.008919444444444447,0.5359,0.2736889329539299,0.15311185664871757
0.562186111111111,0.5534157407407407,0.008770370370370366,0.5556000000000001,0.2670361515860616,0.15222522680103945
0.5740685185185185,0.5534157407407407,0.020652777777777773,0.53335,0.25792128903233724,0.15412100686981958
0.5520240740740741,0.5534157407407407,-0.0013916666666666665,0.53335,0.26310411814549,0.1504310442986588
0.5718824074074074,0.5534157407407407,0.018466666666666666,0.55185,0.2526904429692228,0.1417988986683303
0.5703990740740741,0.5534157407407407,0.016983333333333333,0.55555,0.2688200028352955,0.16769087408781805
0.560250925925926,0.5534157407407407,0.006835185185185179,0.5305500000000001,0.2667231675913732,0.15024441788490134
0.5649925925925926,0.5534157407407407,0.01157685185185185,0.5556000000000001,0.27202689727637924,0.1540886524817496
0.563837037037037,0.5534157407407407,0.010421296296296298,0.5556000000000001,0.268812185969532,0.15642293199649046
0.5741268518518519,0.5534157407407407,0.020711111111111104,0.57735,0.26509730169448625,0.1460104229625651
0.5756166666666667,0.5534157407407407,0.022200925925925926,0.5556000000000001,0.25814075762588046,0.15554500715699973
0.5698675925925926,0.5534157407407407,0.016451851851851853,0.5462,0.26389578084075554,0.17060483524690237
0.5569027777777777,0.5534157407407407,0.0034870370370370376,0.51895,0.2525004245238712,0.14135186499276614
0.563925,0.5534157407407407,0.010509259259259262,0.53335,0.2707824226149036,0.1519266193610396
0.5694055555555555,0.5534157407407407,0.015989814814814814,0.5305500000000001,0.2724124065111275,0.1570160727172673
0.5686009259259259,0.5534157407407407,0.015185185185185184,0.5359,0.267485317439787,0.15681260488078788
0.5806314814814815,0.5534157407407407,0.027215740740740735,0.5556000000000001,0.2627642138567693,0.16967779755630472
0.5709851851851852,0.5534157407407407,0.017569444444444443,0.5556,0.258380539042785,0.16613484583782429
0.5650462962962963,0.5534157407407407,0.011630555555555555,0.5556000000000001,0.267697622144916,0.16649339941357016
0.5690453703703704,0.5534157407407407,0.01562962962962963,0.55455,0.2637296450520889,0.15413310563946717
0.5605796296296297,0.5534157407407407,0.007163888888888888,0.5433,0.26455970432260356,0.16113962219975297
0.552651851851852,0.5534157407407407,-0.000763888888888889,0.5305500000000001,0.27639901824402024,0.15561606688445015
0.5575398148148148,0.5534157407407407,0.00412407407407407,0.5359,0.2641946549226252,0.14727452265242327
0.5557027777777778,0.5534157407407407,0.002287037037037034,0.5215,0.2656802696723007,0.15012546223019727
0.5552296296296296,0.5534157407407407,0.001813888888888887,0.5359,0.2546622767287032,0.15048585145301516
0.5651953703703703,0.5534157407407407,0.011779629629629628,0.53335,0.2625749425319483,0.15822185640060038
0.5745805555555555,0.5534157407407407,0.021164814814814817,0.56945,0.25864921449800715,0.15623037944238966
0.5682324074074074,0.5534157407407407,0.014816666666666664,0.5556,0.2667461356844021,0.14945025334304077
0.5732259259259259,0.5534157407407407,0.019810185185185184,0.5359,0.2540791864093247,0.15791649629419513
0.5700453703703703,0.5534157407407407,0.016629629629629633,0.525,0.2567388252113217,0.15555461898546122
0.5575787037037037,0.5534157407407407,0.004162962962962959,0.5359,0.2672303609321205,0.14772419020745117
0.5531601851851852,0.5534157407407407,-0.0002555555555555541,0.5359,0.27317501354650575,0.15823108165746771
0.5626296296296296,0.5534157407407407,0.009213888888888886,0.5556000000000001,0.25872271819125736,0.14673855347632395
0.5530101851851851,0.5534157407407407,-0.00040555555555555923,0.5282,0.2632737656692839,0.13773513443768431
0.5593685185185185,0.5534157407407407,0.005952777777777778,0.5305500000000001,0.27468443360531813,0.1585258494551689
0.5704203703703704,0.5534157407407407,0.017004629629629633,0.5359499999999999,0.26739402189588296,0.15218867801740044
0.5712351851851851,0.5534157407407407,0.017819444444444447,0.5326,0.26552345349876216,0.15137887509156467
0.5519629629629629,0.5534157407407407,-0.0014527777777777822,0.53335,0.2646098106391105,0.14378974945484327
0.5574203703703704,0.5534157407407407,0.004004629629629628,0.5385,0.26915336133442314,0.1543145418579646
0.5683851851851851,0.5534157407407407,0.014969444444444447,0.5433,0.2658912098573487,0.15016549154857425
0.5638574074074074,0.5534157407407407,0.010441666666666667,0.5359,0.2666663318858231,0.14940103724508255
0.568975,0.5534157407407407,0.01555925925925926,0.5528,0.25892859374522254,0.1550660902433908
0.5586740740740741,0.5534157407407407,0.005258333333333333,0.5359,0.2594648328935551,0.16512776878334084
0.5804268518518518,0.5534157407407407,0.027011111111111104,0.5556000000000001,0.2552499455294756,0.15228693302068746
0.5616074074074073,0.5534157407407407,0.008191666666666665,0.5528,0.2620285176402886,0.15003208138236712
0.5665990740740741,0.5534157407407407,0.013183333333333333,0.5556,0.2596069586698108,0.1466492831315266
0.5636629629629629,0.5534157407407407,0.010247222222222225,0.5469999999999999,0.2672029088600802,0.16045386529905753
0.5467314814814814,0.5534157407407407,-0.006684259259259257,0.51895,0.2760599964074409,0.1493203112687289
0.5533731481481481,0.5534157407407407,-4.2592592592592016e-05,0.5325500000000001,0.26288152073726434,0.1477368038629696
0.5768296296296297,0.5534157407407407,0.023413888888888887,0.56115,0.2701510941923417,0.1565431751726865
0.5601601851851852,0.5534157407407407,0.006744444444444445,0.5354,0.2695818270656936,0.15098593196417454
0.5716814814814815,0.5534157407407407,0.01826574074074074,0.5556000000000001,0.26045317197923773,0.146499988939451
0.5616166666666667,0.5534157407407407,0.008200925925925924,0.52655,0.2701663307329065,0.15791544377391406
0.5641731481481481,0.5534157407407407,0.010757407407407403,0.55185,0.2691759850998646,0.1562628514064179
0.5645351851851852,0.5534157407407407,0.01111944444444444,0.5359,0.26643934145629905,0.15874158949438075
0.5699787037037036,0.5534157407407407,0.016562962962962963,0.5359,0.2643097174499848,0.1496264242697022
0.5666555555555556,0.5534157407407407,0.01323981481481481,0.5460499999999999,0.2656463545200309,0.16129242668097682
0.5686490740740742,0.5534157407407407,0.015233333333333342,0.55,0.26166749411375145,0.1594067494672071
0.5656537037037036,0.5534157407407407,0.012237962962962963,0.5556000000000001,0.27455297683499646,0.16061350411538539
0.5677277777777777,0.5534157407407407,0.014312037037037033,0.55555,0.2708958912462147,0.15006592427815368
0.5680574074074074,0.5534157407407407,0.014641666666666667,0.5359,0.26322879078808553,0.1542974292037249
0.5632342592592592,0.5534157407407407,0.009818518518518518,0.54425,0.27396822012372885,0.15093510343274022
0.5695472222222221,0.5534157407407407,0.016131481481481486,0.5483,0.2618475390958059,0.151674700881539
0.5718,0.5534157407407407,0.018384259259259263,0.5385,0.2630550342191485,0.14821810410819417
0.5515231481481481,0.5534157407407407,-0.0018925925925925907,0.51895,0.2620771754803412,0.15352956834379647
0.5823157407407408,0.5534157407407407,0.0289,0.5986,0.2730569493720692,0.15842220709526358
0.5719833333333333,0.5534157407407407,0.01856759259259259,0.57365,0.271348848305342,0.16417682331491368
0.5538944444444445,0.5534157407407407,0.0004787037037037019,0.5546,0.2689532943622119,0.15509825589438936
0.5672712962962964,0.5534157407407407,0.013855555555555555,0.5359499999999999,0.26854831029591286,0.15855307984307923
0.569575,0.5534157407407407,0.01615925925925925,0.5483499999999999,0.2713522045273802,0.15327350914314464
0.5661055555555555,0.5534157407407407,0.012689814814814813,0.5359,0.25948157762686325,0.14631710534265377
0.5595138888888889,0.5534157407407407,0.006098148148148148,0.5556000000000001,0.26691669583519184,0.15313001377272167
0.5643379629629629,0.5534157407407407,0.010922222222222222,0.5359,0.2660260558237108,0.17105228054348684
0.568262037037037,0.5534157407407407,0.0148462962962963,0.5556000000000001,0.2745361620010723,0.16704923468422203
0.5643657407407408,0.5534157407407407,0.01095,0.5325500000000001,0.25680387409444094,0.13590797016783152
0.5653472222222222,0.5534157407407407,0.01193148148148148,0.5433,0.2740494584799365,0.15969528147345963
0.5760648148148148,0.5534157407407407,0.022649074074074075,0.5556000000000001,0.2694104499200683,0.16059979079336614
0.5558527777777778,0.5534157407407407,0.0024370370370370357,0.5305500000000001,0.2664735162300842,0.15438185428733156
0.5607064814814815,0.5534157407407407,0.007290740740740737,0.54425,0.2637766377647857,0.15494843491806662
0.5689342592592593,0.5534157407407407,0.015518518518518523,0.54705,0.26196151503110165,0.14575325337299588
0.5631601851851852,0.5534157407407407,0.009744444444444444,0.5359,0.2708555886358863,0.17105720545753345
0.5458083333333333,0.5534157407407407,-0.0076074074074074126,0.5,0.25452242400706054,0.14331796341075426
0.5595342592592593,0.5534157407407407,0.006118518518518518,0.5547500000000001,0.27565935336154995,0.15535692768899068
0.5719157407407407,0.5534157407407407,0.018500000000000003,0.5556000000000001,0.2735302597902863,0.1518938709671433
0.5597916666666667,0.5534157407407407,0.0063759259259259255,0.5298499999999999,0.2643500752153385,0.15553757298892182
0.5740481481481482,0.5534157407407407,0.02063240740740741,0.5547500000000001,0.257921818728036,0.16221595380515624
0.5485666666666666,0.5534157407407407,-0.004849074074074076,0.5305500000000001,0.26449040192468304,0.14192416067150873
0.5525953703703704,0.5534157407407407,-0.0008203703703703726,0.5196,0.2664080470790244,0.14020231960381915
0.557448148148148,0.5534157407407407,0.004032407407407405,0.5354,0.26403055525580393,0.15056685839349465
0.573775925925926,0.5534157407407407,0.020360185185185183,0.5875,0.27077306388432154,0.1606946962700113
0.5692138888888889,0.5534157407407407,0.015798148148148144,0.5359,0.2662331791740962,0.16214893291396257
0.5578935185185185,0.5534157407407407,0.004477777777777774,0.54705,0.27782004135439636,0.1460510321344527
0.5669407407407407,0.5534157407407407,0.013524999999999997,0.5398,0.271850616289565,0.15709368900808274
0.5599314814814814,0.5534157407407407,0.00651574074074074,0.5305500000000001,0.2657440387663301,0.14855697680482766
0.5658240740740742,0.5534157407407407,0.012408333333333332,0.5556000000000001,0.2652075120763955,0.16987247120108254
0.5446777777777777,0.5534157407407407,-0.008737962962962963,0.5,0.2659917830693951,0.14198505233791506
0.5632444444444444,0.5534157407407407,0.0098287037037037,0.54705,0.26665583486567995,0.15000508094256101
0.5757712962962963,0.5534157407407407,0.022355555555555556,0.5401,0.26506110811953576,0.15963687902993293
0.5776296296296296,0.5534157407407407,0.02421388888888889,0.54705,0.2634282910669258,0.16678427639326474
0.5619101851851851,0.5534157407407407,0.00849444444444444,0.5359,0.26434307075119445,0.14874733003703433
0.5506842592592592,0.5534157407407407,-0.0027314814814814827,0.5282,0.26415497581011144,0.15177325725066418
0.5528870370370371,0.5534157407407407,-0.000528703703703703,0.51895,0.2635906264172989,0.14401528348990514
0.57105,0.5534157407407407,0.01763425925925926,0.5483499999999999,0.26667490989985065,0.15681956007721315
0.5694814814814814,0.5534157407407407,0.01606574074074074,0.5305500000000001,0.25821719617702266,0.1492384644876238
0.5483611111111111,0.5534157407407407,-0.00505462962962963,0.51615,0.2675014046022459,0.15152061726049604
0.549737962962963,0.5534157407407407,-0.00367777777777778,0.5,0.2712245900816712,0.14747656511651938
0.5663398148148149,0.5534157407407407,0.012924074074074076,0.5433,0.2663907192750026,0.16059689238876648
0.5622351851851852,0.5534157407407407,0.00881944444444444,0.5359,0.2609036042546164,0.14993703504535877
0.5721675925925925,0.5534157407407407,0.018751851851851846,0.5649500000000001,0.2643751253122537,0.15372843970491826
0.5524490740740741,0.5534157407407407,-0.000966666666666665,0.51895,0.2648289225583824,0.14033061229704497
0.5527962962962962,0.5534157407407407,-0.0006194444444444502,0.5126499999999999,0.26707672317317493,0.16276390702936622
0.5542944444444444,0.5534157407407407,0.0008787037037037025,0.5556000000000001,0.26105798003663855,0.15296387274339993
0.5586342592592592,0.5534157407407407,0.005218518518518519,0.5305500000000001,0.25860173332536934,0.14176776860276502
0.5553601851851852,0.5534157407407407,0.0019444444444444472,0.5289,0.2577221901165479,0.14549851290843827
0.5639638888888888,0.5534157407407407,0.010548148148148147,0.5385,0.2635504879749571,0.16111985988348873
0.5590268518518519,0.5534157407407407,0.005611111111111109,0.5305500000000001,0.26523253053414836,0.14439556607305376
0.5595537037037037,0.5534157407407407,0.006137962962962962,0.51895,0.26388820573557525,0.14422120258240936
0.557362962962963,0.5534157407407407,0.003947222222222224,0.5305500000000001,0.2660175022674901,0.14944382213233254
0.5844277777777778,0.5534157407407407,0.031012037037037036,0.5527500000000001,0.2640746215811733,0.15824535292675895
0.5669,0.5534157407407407,0.01348425925925926,0.5635000000000001,0.2672998582221986,0.15508261058240427
0.5655157407407407,0.5534157407407407,0.012100000000000003,0.5556000000000001,0.266928997231469,0.15338806262877613
0.5730537037037037,0.5534157407407407,0.019637962962962965,0.57365,0.26303946948988255,0.15634678428595633
0.5695425925925925,0.5534157407407407,0.01612685185185185,0.58155,0.260756606605744,0.15775246349749739
0.563075,0.5534157407407407,0.009659259259259258,0.50505,0.2728710503458042,0.16025339982807077
0.5569037037037037,0.5534157407407407,0.00348796296296296,0.525,0.2596506128123289,0.1531314814184829
0.5715296296296296,0.5534157407407407,0.018113888888888888,0.5556000000000001,0.2667823580946007,0.1514009385632048
0.561961111111111,0.5534157407407407,0.008545370370370366,0.5305500000000001,0.2627439483580048,0.14620236032732886
0.5777398148148148,0.5534157407407407,0.024324074074074078,0.54705,0.2731799940472013,0.157395813853993
0.572936111111111,0.5534157407407407,0.01952037037037037,0.5556000000000001,0.2624418901264553,0.14539646909753265
0.5675314814814815,0.5534157407407407,0.014115740740740738,0.53095,0.2614854988378086,0.1491648038978233
0.5574472222222222,0.5534157407407407,0.00403148148148148,0.5359,0.2725608444319277,0.15168593331004637
0.5782574074074075,0.5534157407407407,0.024841666666666668,0.5556000000000001,0.2663153215745673,0.16357660363575638
0.5665185185185185,0.5534157407407407,0.013102777777777777,0.5398,0.2566892405145092,0.1608958219042077
0.5635990740740741,0.5534157407407407,0.01018333333333333,0.5385,0.2600160374260803,0.14238022905645373
0.5590407407407406,0.5534157407407407,0.005625000000000001,0.5298499999999999,0.2696131056456543,0.14473888195159632
0.5664740740740741,0.5534157407407407,0.013058333333333332,0.54865,0.26047008164799673,0.14837576830970525
0.5540972222222221,0.5534157407407407,0.0006814814814814804,0.51895,0.269326008703531,0.14602785430628884
0.5687481481481482,0.5534157407407407,0.015332407407407407,0.54865,0.26538079939612697,0.1489831921955193
0.5548768518518519,0.5534157407407407,0.0014611111111111094,0.5385,0.2706365568576306,0.15823176886809967
0.5705101851851851,0.5534157407407407,0.017094444444444443,0.5469999999999999,0.2675578263778508,0.15090230412226346
0.5642685185185184,0.5534157407407407,0.010852777777777775,0.5325500000000001,0.25654999463519274,0.15428991248625287
0.5695194444444444,0.5534157407407407,0.016103703703703707,0.538,0.2615058522096119,0.15957605571089864
0.5574499999999999,0.5534157407407407,0.0040342592592592635,0.5298,0.2661397677561706,0.16256564693377742
0.5540444444444445,0.5534157407407407,0.0006287037037037013,0.5305500000000001,0.27099091454002633,0.1430609974153734
0.561737962962963,0.5534157407407407,0.008322222222222222,0.5401,0.2679148566513311,0.15839021100058542
0.5672759259259259,0.5534157407407407,0.013860185185185182,0.5469999999999999,0.2650054857024769,0.14668505580401522
0.559437962962963,0.5534157407407407,0.006022222222222225,0.54425,0.2591048806941892,0.14719692724173322
0.5718037037037037,0.5534157407407407,0.01838796296296296,0.54865,0.26184184958054707,0.15173898747864817
0.5743499999999999,0.5534157407407407,0.02093425925925926,0.5556,0.2686552334982167,0.17581644111079808
0.5784259259259259,0.5534157407407407,0.025010185185185187,0.5433,0.2628495395526876,0.1626098891934829
0.553399074074074,0.5534157407407407,-1.6666666666670997e-05,0.52085,0.2784055511905502,0.1692246134966309
0.5633490740740741,0.5534157407407407,0.009933333333333336,0.54705,0.2739679998693382,0.15201898983688858
0.5585444444444444,0.5534157407407407,0.005128703703703704,0.51895,0.2681922696877172,0.14786067517042964
0.5591287037037037,0.5534157407407407,0.0057129629629629605,0.52545,0.2677278807676929,0.15932528420037834
0.5597333333333333,0.5534157407407407,0.006317592592592597,0.5305500000000001,0.2639044031817044,0.15521438765851026
0.559873148148148,0.5534157407407407,0.006457407407407402,0.52545,0.2707811126250916,0.15113317096249343
0.5595037037037036,0.5534157407407407,0.006087962962962966,0.5215,0.27074672715755627,0.14722410326684818
0.5746185185185185,0.5534157407407407,0.021202777777777775,0.5556000000000001,0.2694923299753478,0.1590568002103224
0.575238888888889,0.5534157407407407,0.021823148148148147,0.5556000000000001,0.26347967551236223,0.14351552041274956
0.5672944444444444,0.5534157407407407,0.013878703703703697,0.5528,0.2714879824996763,0.16393315884916793
0.5511324074074074,0.5534157407407407,-0.002283333333333332,0.50505,0.26090336551337606,0.15291345942972565
0.5575657407407407,0.5534157407407407,0.004149999999999997,0.5359,0.2576720505560584,0.15304605042732028
0.5542453703703704,0.5534157407407407,0.0008296296296296246,0.54705,0.26579036303291725,0.15452301238608732
0.550749074074074,0.5534157407407407,-0.0026666666666666696,0.50505,0.2703689958637423,0.1578266439252583
0.5721999999999999,0.5534157407407407,0.018784259259259257,0.54865,0.2656766867249719,0.15710252927048785
0.5753111111111111,0.5534157407407407,0.02189537037037037,0.54705,0.2736532618586095,0.15610288027676705
0.5690138888888889,0.5534157407407407,0.015598148148148146,0.55555,0.26669894661031746,0.15222263882957596
0.5592314814814815,0.5534157407407407,0.005815740740740739,0.5359,0.25285497843852944,0.15445461854268328
0.5700444444444444,0.5534157407407407,0.016628703703703705,0.54705,0.2646064495555946,0.1450215369444937
0.5726805555555555,0.5534157407407407,0.01926481481481481,0.5433,0.25869574539176443,0.15946106624386075
0.5732351851851851,0.5534157407407407,0.01981944444444444,0.5556,0.26810361412952116,0.1608179602760588
0.5759018518518518,0.5534157407407407,0.022486111111111113,0.53335,0.25917586494213,0.16939376372367881
0.5534462962962964,0.5534157407407407,3.055555555555836e-05,0.5359,0.2671961890523484,0.15044708913011864
0.5593712962962962,0.5534157407407407,0.005955555555555557,0.512,0.26558648134824075,0.1604924369099552
0.5839166666666666,0.5534157407407407,0.030500925925925924,0.54705,0.25748122243484484,0.16124598060360107
0.5702564814814814,0.5534157407407407,0.01684074074074074,0.55625,0.26362879215111484,0.15638266930596642
0.5685351851851852,0.5534157407407407,0.015119444444444442,0.54705,0.2689662197164609,0.15615221453556577
0.554225,0.5534157407407407,0.0008092592592592611,0.5305500000000001,0.2719425998137437,0.14896090407050516
0.5595351851851851,0.5534157407407407,0.006119444444444438,0.5333,0.2603220102696015,0.14832170797840888
0.5605342592592593,0.5534157407407407,0.00711851851851852,0.5385,0.265121453797938,0.1477136527381993
0.568437962962963,0.5534157407407407,0.015022222222222222,0.5546,0.258693792474753,0.14998615221645573
0.5736898148148148,0.5534157407407407,0.020274074074074073,0.54705,0.2677875269965326,0.1587764850938602
0.5614537037037036,0.5534157407407407,0.008037962962962962,0.5433,0.26595416772810454,0.15072707880026787
0.5503805555555555,0.5534157407407407,-0.003035185185185185,0.51895,0.27250642878752346,0.14989116632105737
0.5720953703703704,0.5534157407407407,0.01867962962962963,0.5556000000000001,0.2624585155948893,0.15563767638377898
0.5666583333333333,0.5534157407407407,0.013242592592592592,0.5359,0.26548487579465035,0.14956210800274577
0.5609518518518519,0.5534157407407407,0.007536111111111114,0.53165,0.2626462520860642,0.15399172963490654
0.5581583333333334,0.5534157407407407,0.004742592592592591,0.51945,0.2551921340030083,0.14417253630629984
0.5638898148148148,0.5534157407407407,0.010474074074074071,0.5527500000000001,0.2694681965663352,0.15721952351378313
0.569474074074074,0.5534157407407407,0.01605833333333333,0.55185,0.2542443836376414,0.14248830227442083
0.5676777777777778,0.5534157407407407,0.014262037037037035,0.51895,0.26777126461919554,0.16051600713120298
0.5672935185185185,0.5534157407407407,0.013877777777777775,0.5359,0.2614443641868656,0.14789254834743304
0.5814842592592593,0.5534157407407407,0.028068518518518517,0.5556,0.26209450359619146,0.14664624523882128
0.5714694444444445,0.5534157407407407,0.018053703703703707,0.5528,0.25714520043034317,0.16181786948094032
0.5490157407407407,0.5534157407407407,-0.004399999999999995,0.54705,0.2727722994000801,0.15958467473794266
0.5649092592592593,0.5534157407407407,0.011493518518518517,0.57735,0.2636538262578048,0.15434244803685407
0.5592435185185184,0.5534157407407407,0.005827777777777773,0.51895,0.2665579165112041,0.15597353407977052
0.5474916666666667,0.5534157407407407,-0.005924074074074072,0.512,0.2646474103388609,0.1552930439796981
0.5719675925925927,0.5534157407407407,0.018551851851851847,0.55555,0.2684209919882285,0.162883686774027
0.571512037037037,0.5534157407407407,0.01809629629629629,0.54865,0.2693910293164669,0.15662276181597828
0.5667490740740742,0.5534157407407407,0.013333333333333332,0.5359,0.26497972643146755,0.15288872992577887
0.5701685185185186,0.5534157407407407,0.016752777777777773,0.5469999999999999,0.2612487809382274,0.15755776004126607
0.5644277777777778,0.5534157407407407,0.011012037037037039,0.5385,0.2668043197093636,0.15492551403976235
0.5498953703703703,0.5534157407407407,-0.003520370370370371,0.5305500000000001,0.2758758668379673,0.15271276119446353
0.5780879629629629,0.5534157407407407,0.024672222222222224,0.56945,0.2643741146000834,0.1595887593735225
0.5652629629629629,0.5534157407407407,0.011847222222222219,0.5546,0.2667728490831877,0.1552842870521546
0.553162037037037,0.5534157407407407,-0.00025370370370370455,0.50505,0.2587545001523311,0.14719716666432425
0.5585694444444443,0.5534157407407407,0.005153703703703706,0.5359,0.2690784388498902,0.15161592734738233
0.5669416666666666,0.5534157407407407,0.013525925925925929,0.5354,0.26164194522285605,0.1509683251858317
0.5654175925925925,0.5534157407407407,0.01200185185185185,0.55555,0.2658294284211418,0.15130237595127582
0.5793805555555556,0.5534157407407407,0.025964814814814812,0.54705,0.2673277709012208,0.16070506177863159
0.5880231481481482,0.5534157407407407,0.034607407407407406,0.5986,0.2641765752618868,0.16517800746535538
0.5729583333333333,0.5534157407407407,0.01954259259259259,0.5556000000000001,0.2644604527172293,0.16943044954888464
0.5763907407407407,0.5534157407407407,0.022974999999999995,0.5359,0.2685870142291512,0.17536459703293414
0.5774425925925926,0.5534157407407407,0.02402685185185185,0.5649,0.26710959009774926,0.16328610611380753
0.5635046296296297,0.5534157407407407,0.010088888888888889,0.5527500000000001,0.26202043737948083,0.15437822248077604
0.552212962962963,0.5534157407407407,-0.001202777777777781,0.5126499999999999,0.268151541090611,0.16434090250209316
0.5590657407407408,0.5534157407407407,0.005649999999999999,0.538,0.27108525132922895,0.14776017351947268
0.5729148148148148,0.5534157407407407,0.019499074074074075,0.5359,0.2688522767141054,0.15866400430096578
0.5636555555555556,0.5534157407407407,0.01023981481481482,0.5122,0.2646560449307366,0.1564576822782781
0.5634898148148147,0.5534157407407407,0.01007407407407407,0.54705,0.2683435742113571,0.14687437150097885
0.5862907407407407,0.5534157407407407,0.032875,0.58155,0.2658185933796996,0.1660825400721654
0.5649351851851852,0.5534157407407407,0.011519444444444445,0.5359,0.26851883461840287,0.15020722723526705
0.5715916666666667,0.5534157407407407,0.01817592592592592,0.54705,0.26848558920759513,0.14992279936741673
0.5699592592592593,0.5534157407407407,0.016543518518518516,0.5556000000000001,0.2606110845495647,0.1513785162803581
0.5644046296296297,0.5534157407407407,0.010988888888888888,0.5359,0.2668656196484081,0.15858419405590635
0.5640648148148147,0.5534157407407407,0.010649074074074073,0.51895,0.2645728326891513,0.17300691223583417
0.5652768518518518,0.5534157407407407,0.011861111111111112,0.52545,0.2596282405496966,0.1474895819753967
0.5612990740740741,0.5534157407407407,0.007883333333333332,0.5413999999999999,0.25670424325243935,0.1477062078308684
0.5634490740740741,0.5534157407407407,0.010033333333333335,0.5359,0.2701007709128813,0.1602887400503101
0.5642675925925926,0.5534157407407407,0.010851851851851849,0.5194,0.26634357995792657,0.16094817908780074
0.5686462962962963,0.5534157407407407,0.015230555555555558,0.54705,0.26467746036173456,0.1555408546615562
0.5607166666666666,0.5534157407407407,0.007300925925925926,0.5385,0.2539585106669727,0.14890712874066456
0.5620925925925926,0.5534157407407407,0.00867685185185185,0.5359,0.2579527170697819,0.15210861441960064
0.561787037037037,0.5534157407407407,0.008371296296296297,0.5398,0.27066296526301964,0.1636265911089334
0.5557333333333333,0.5534157407407407,0.002317592592592591,0.5305500000000001,0.2588896058890414,0.14823210508296708
0.5590675925925925,0.5534157407407407,0.005651851851851852,0.54705,0.2581909091650181,0.1435804274802701
0.5608601851851851,0.5534157407407407,0.00744444444444444,0.5359,0.2705537149976522,0.14695332359168248
0.5713296296296296,0.5534157407407407,0.01791388888888889,0.5359,0.26242558010832073,0.14719334697628486
0.567862037037037,0.5534157407407407,0.014446296296296294,0.5359,0.2687367762337053,0.15481584865736508
0.5568620370370371,0.5534157407407407,0.003446296296296295,0.5401,0.25735918632979676,0.15751013521813367
0.5675879629629629,0.5534157407407407,0.014172222222222223,0.5289,0.2721463805943009,0.16076989642036713
0.5747342592592593,0.5534157407407407,0.021318518518518514,0.56115,0.2678971144964442,0.14433223106737975
0.5682416666666666,0.5534157407407407,0.014825925925925925,0.5556000000000001,0.2653687228909712,0.16394505084142164
0.5601296296296295,0.5534157407407407,0.006713888888888892,0.5305500000000001,0.27211530962204733,0.14935919225132696
0.5543731481481482,0.5534157407407407,0.0009574074074074058,0.51895,0.26110610676861945,0.14262810225230563
0.5737685185185185,0.5534157407407407,0.020352777777777782,0.54705,0.2636088151236009,0.15884493258846588
0.5738064814814815,0.5534157407407407,0.02039074074074074,0.5527500000000001,0.2676621029571929,0.1483056023525942
0.5605175925925925,0.5534157407407407,0.007101851851851852,0.5359,0.2640012456883326,0.15762063054723735
0.5634888888888889,0.5534157407407407,0.010073148148148147,0.54705,0.2541644093459845,0.14653377181245736
0.5652851851851852,0.5534157407407407,0.011869444444444443,0.5649,0.27013246968911236,0.14750156815788187
0.5658546296296296,0.5534157407407407,0.012438888888888888,0.5359499999999999,0.267097694816891,0.14947227782437192
0.5670833333333334,0.5534157407407407,0.01366759259259259,0.5359,0.2710660341315619,0.15213851646536145
0.5727453703703703,0.5534157407407407,0.01932962962962963,0.5556000000000001,0.2695380462746979,0.15852077858981564
0.5701324074074074,0.5534157407407407,0.016716666666666668,0.5635000000000001,0.2576890115952831,0.14762716963673478
0.5653731481481482,0.5534157407407407,0.011957407407407408,0.54705,0.26872099369012764,0.15707322192984155
0.5698351851851852,0.5534157407407407,0.016419444444444445,0.5556000000000001,0.2570807823563923,0.13847279260301373
0.5731018518518517,0.5534157407407407,0.019686111111111113,0.5528,0.2676160623336509,0.16525419980429998
0.5726305555555555,0.5534157407407407,0.019214814814814813,0.5556000000000001,0.2655742684227646,0.15719698090773704
0.5710509259259259,0.5534157407407407,0.017635185185185184,0.54705,0.2733561961967108,0.15871335256727126
0.5545592592592592,0.5534157407407407,0.0011435185185185179,0.5359,0.2671124615395668,0.14147374002434618
0.5620453703703703,0.5534157407407407,0.008629629629629628,0.5556,0.27393386724395,0.15413844745240918
0.5634546296296296,0.5534157407407407,0.010038888888888885,0.53335,0.26801034098624343,0.1519974119512414
0.5797157407407408,0.5534157407407407,0.026299999999999997,0.5556000000000001,0.27155439590776165,0.163475723997322
0.5452296296296297,0.5534157407407407,-0.008186111111111113,0.5282,0.26840597311460834,0.15169562888886265
0.5456407407407408,0.5534157407407407,-0.007774999999999996,0.5359,0.25692097881005593,0.14586644584469893
0.5555268518518518,0.5534157407407407,0.0021111111111111087,0.5302,0.2707218777022501,0.151440784105018
0.5599759259259259,0.5534157407407407,0.006560185185185187,0.5359,0.26379529796436213,0.14403082350521904
0.5649537037037037,0.5534157407407407,0.011537962962962965,0.5413999999999999,0.2564016276450904,0.14992324436040602
0.5596398148148148,0.5534157407407407,0.006224074074074077,0.51945,0.2678114694450567,0.1520326310709303
0.5551175925925926,0.5534157407407407,0.0017018518518518526,0.5,0.2699475725591894,0.15954810072557032
0.5664666666666667,0.5534157407407407,0.013050925925925926,0.55455,0.2651252435479412,0.14314294959174986
0.5589601851851851,0.5534157407407407,0.005544444444444441,0.51895,0.2713024773096588,0.14881377833740045
0.5611037037037037,0.5534157407407407,0.00768796296296296,0.5333,0.2716421948855316,0.15304455567572445
0.5568574074074074,0.5534157407407407,0.003441666666666662,0.5359,0.2719982209272851,0.15227054447578908
0.5649175925925926,0.5534157407407407,0.011501851851851852,0.5556000000000001,0.27135975804407514,0.15749495288247964
0.5606527777777777,0.5534157407407407,0.007237037037037037,0.5469999999999999,0.26554422848544734,0.16052369760861646
0.5674453703703703,0.5534157407407407,0.014029629629629626,0.5635000000000001,0.2714516247101967,0.15261970528402624
0.5519981481481481,0.5534157407407407,-0.0014175925925925957,0.51055,0.2694027312135563,0.143304001958521
0.5569194444444444,0.5534157407407407,0.0035037037037037025,0.5305500000000001,0.2595476894066368,0.1420619628703109
0.5726953703703704,0.5534157407407407,0.01927962962962963,0.5556000000000001,0.2724355746131823,0.17605532146653216
0.5681194444444443,0.5534157407407407,0.0147037037037037,0.557,0.26675076135561565,0.14441368209051186
0.5558148148148148,0.5534157407407407,0.002399074074074076,0.5282,0.26974592989396134,0.14915420515366806
0.5677046296296296,0.5534157407407407,0.014288888888888886,0.5401,0.2672459689542416,0.16885600973883672
0.5555018518518517,0.5534157407407407,0.0020861111111111063,0.5410999999999999,0.26539062022790066,0.15183040246836982
0.5575157407407407,0.5534157407407407,0.0040999999999999925,0.5305500000000001,0.26583961933439754,0.15103625176027904
0.5656175925925926,0.5534157407407407,0.01220185185185185,0.5359,0.27218715140238114,0.15022391572699628
0.5635777777777777,0.5534157407407407,0.010162037037037039,0.5325500000000001,0.2597355144093369,0.14674068214943278
0.5714129629629631,0.5534157407407407,0.01799722222222222,0.5359,0.2738861067242356,0.1616159954714008
0.5530018518518518,0.5534157407407407,-0.0004138888888888911,0.5359,0.2599539736333214,0.15583068960890706
0.5568981481481481,0.5534157407407407,0.0034824074074074054,0.5359,0.25700471503056216,0.1538129497779165
0.5667537037037036,0.5534157407407407,0.01333796296296296,0.5469999999999999,0.27259135840621057,0.15327602535039053
0.5781324074074073,0.5534157407407407,0.024716666666666658,0.5326,0.2664057725893277,0.16057508768500403
0.5567601851851852,0.5534157407407407,0.0033444444444444433,0.52545,0.26766981960093866,0.14524607372133738
0.5666666666666667,0.5534157407407407,0.013250925925925925,0.56315,0.2659324937177728,0.1457697060276803
0.55925,0.5534157407407407,0.00583425925925926,0.5305500000000001,0.26397803947886045,0.16125031517003877
0.5678157407407407,0.5534157407407407,0.014399999999999998,0.54705,0.25522537673100526,0.16298199315709067
0.569699074074074,0.5534157407407407,0.016283333333333334,0.54705,0.26638980309951116,0.1623696051962583
0.5490935185185185,0.5534157407407407,-0.004322222222222221,0.51895,0.25853550029129235,0.1503411226059505
0.5694537037037037,0.5534157407407407,0.016037962962962966,0.5528,0.25872464178452004,0.15361711761948355
0.5621601851851852,0.5534157407407407,0.008744444444444447,0.5359,0.2622316461650513,0.14878656376713725
0.5513324074074074,0.5534157407407407,-0.002083333333333332,0.51895,0.26432738473930806,0.14867387787576142
0.5573842592592592,0.5534157407407407,0.0039685185185185205,0.52085,0.2690738922109308,0.15767335254397807
0.5572916666666666,0.5534157407407407,0.0038759259259259255,0.51895,0.2631923926282505,0.150568396524121
0.5707990740740742,0.5534157407407407,0.01738333333333333,0.55555,0.2713324124326429,0.1602367468676551
0.559599074074074,0.5534157407407407,0.006183333333333333,0.5385,0.27543021284649827,0.15229896784770616
0.5551009259259259,0.5534157407407407,0.0016851851851851867,0.51895,0.2679393111977336,0.1492696555192779
0.554262037037037,0.5534157407407407,0.0008462962962962945,0.5333,0.2552606337886178,0.14400944051733897
0.5715796296296296,0.5534157407407407,0.01816388888888889,0.56945,0.26506995682475315,0.15851656268799624
0.5617287037037036,0.5534157407407407,0.008312962962962963,0.55625,0.2654916261596978,0.15319640871598544
0.5678361111111111,0.5534157407407407,0.01442037037037037,0.5556,0.25739481708334905,0.1526320967698063
0.5677148148148148,0.5534157407407407,0.014299074074074072,0.5333000000000001,0.26190688215214386,0.16236041452503785
0.5706666666666667,0.5534157407407407,0.017250925925925923,0.5398,0.2656595773316622,0.15126406970652806
0.5805925925925925,0.5534157407407407,0.02717685185185185,0.5556000000000001,0.25344930356449547,0.14698656026456214
0.5410166666666666,0.5534157407407407,-0.012399074074074075,0.5,0.26344567210249004,0.14697059372437535
0.5657018518518518,0.5534157407407407,0.012286111111111112,0.5481,0.26493188367426224,0.1561807372965444
0.5689759259259259,0.5534157407407407,0.015560185185185184,0.5556000000000001,0.2634285499150569,0.15889123237947456
0.555212962962963,0.5534157407407407,0.0017972222222222218,0.54705,0.2655933611279675,0.1449923139814906
0.561775925925926,0.5534157407407407,0.00836018518518519,0.53765,0.26195365426944506,0.15253786534032202
0.5590407407407407,0.5534157407407407,0.005625000000000001,0.52545,0.2738573132934485,0.15862214263939955
0.5712324074074074,0.5534157407407407,0.017816666666666665,0.5359,0.25719262639272095,0.14648680620630433
0.589436111111111,0.5534157407407407,0.03602037037037037,0.58155,0.26555928125631517,0.16871343661166852
0.5546657407407407,0.5534157407407407,0.0012499999999999992,0.5242,0.2615324065129511,0.14873456976436464
0.5731055555555555,0.5534157407407407,0.019689814814814813,0.5608500000000001,0.2739639558915111,0.15552600404008218
0.5629101851851852,0.5534157407407407,0.009494444444444443,0.51895,0.25722300152224903,0.16569475078027388
0.5664231481481481,0.5534157407407407,0.013007407407407409,0.5305500000000001,0.2674111286056474,0.1548554053952639
0.553275,0.5534157407407407,-0.00014074074074073862,0.5305500000000001,0.2592522136911049,0.16170280229051395
0.5530787037037036,0.5534157407407407,-0.00033703703703704,0.55455,0.2685499929270296,0.1446775296561304
0.5496981481481481,0.5534157407407407,-0.0037175925925925953,0.5359,0.26435081158438617,0.1506894862835268
0.5633277777777776,0.5534157407407407,0.009912037037037037,0.54555,0.2640954188342183,0.15148294356198727
0.5698518518518517,0.5534157407407407,0.016436111111111113,0.5528,0.256896366421658,0.15589941488762973
0.553150925925926,0.5534157407407407,-0.0002648148148148175,0.5305500000000001,0.2603278147271819,0.14637380154409482
0.5688944444444444,0.5534157407407407,0.0154787037037037,0.5556000000000001,0.27812511701842196,0.15490016383846217
0.5567574074074074,0.5534157407407407,0.0033416666666666634,0.54425,0.26189244250253696,0.14899395341491414
0.5783166666666666,0.5534157407407407,0.024900925925925924,0.5556,0.26715939080155493,0.1618149314964766
0.5703435185185185,0.5534157407407407,0.016927777777777778,0.5359,0.2681839403197892,0.15881714980332287
0.5718546296296296,0.5534157407407407,0.01843888888888888,0.54865,0.26067492248394564,0.15000926503058262
0.5647453703703703,0.5534157407407407,0.011329629629629624,0.55555,0.2720760405613201,0.1489054672579244
0.5610555555555555,0.5534157407407407,0.007639814814814815,0.5305500000000001,0.26582712087585497,0.1549006289482503
0.5656101851851852,0.5534157407407407,0.012194444444444445,0.5359,0.2624551913477536,0.1523106207803389
0.557262037037037,0.5534157407407407,0.0038462962962962973,0.52105,0.2684537345815196,0.15205267374706377
0.5746268518518519,0.5534157407407407,0.021211111111111108,0.5518000000000001,0.2606649339226748,0.16579754591226492
0.5614879629629629,0.5534157407407407,0.008072222222222224,0.54705,0.26882089952602256,0.152755288287144
0.5630296296296297,0.5534157407407407,0.009613888888888889,0.5398,0.2576187690016347,0.153365973914779
0.5624379629629629,0.5534157407407407,0.009022222222222218,0.5359,0.26570956061349993,0.1493988779583116
0.5731564814814815,0.5534157407407407,0.01974074074074074,0.57365,0.26829236782006116,0.15587888782793588
0.5617203703703703,0.5534157407407407,0.008304629629629634,0.5305500000000001,0.2690563734694542,0.15035592127508102
0.5707592592592593,0.5534157407407407,0.01734351851851852,0.5528,0.2587732992036748,0.14805618488543942
0.5624055555555555,0.5534157407407407,0.008989814814814813,0.54425,0.26476196250835815,0.1521553208763776
0.5670972222222223,0.5534157407407407,0.01368148148148148,0.5528,0.25992705463365984,0.15972371364512045
0.5629555555555554,0.5534157407407407,0.009539814814814819,0.5359,0.26964974246920237,0.16128321982802868
0.5651953703703704,0.5534157407407407,0.011779629629629626,0.5305500000000001,0.2658184572623897,0.14723624525781198
0.5726712962962963,0.5534157407407407,0.019255555555555557,0.5944499999999999,0.2676728890334947,0.15261521667701
0.5924953703703704,0.5534157407407407,0.039079629629629624,0.5944499999999999,0.27346008281695167,0.16568885532054242
0.5560861111111111,0.5534157407407407,0.0026703703703703694,0.5305500000000001,0.27223481393357,0.15128250805933033
0.5690333333333333,0.5534157407407407,0.01561759259259259,0.5305500000000001,0.2651040733742622,0.15093791991715197
0.5627324074074074,0.5534157407407407,0.009316666666666666,0.54705,0.26673435832660786,0.15611380075139653
0.5578027777777778,0.5534157407407407,0.004387037037037034,0.5359,0.2631993010026558,0.14498603161374346
0.568712037037037,0.5534157407407407,0.015296296296296296,0.54425,0.2668397719090001,0.15477656426593617
0.5651027777777777,0.5534157407407407,0.011687037037037037,0.5289,0.2685805441274565,0.15490293499363875
0.5579287037037036,0.5534157407407407,0.004512962962962962,0.54865,0.2632873999316904,0.1444890495430978
0.5577833333333333,0.5534157407407407,0.004367592592592594,0.5359,0.2653586592470334,0.14729387043270817
0.5610148148148147,0.5534157407407407,0.0075990740740740715,0.5546,0.27347465081481165,0.15871954133903288
0.5576796296296296,0.5534157407407407,0.004263888888888885,0.5518000000000001,0.2667148478215258,0.14216000229985254
0.5770361111111112,0.5534157407407407,0.023620370370370368,0.5632,0.2622221917433365,0.14972353572923466
0.5655898148148149,0.5534157407407407,0.012174074074074073,0.5460499999999999,0.26761077431748986,0.1566601431221735
0.5628203703703704,0.5534157407407407,0.00940462962962963,0.53165,0.26231555469581963,0.14152989604212007
0.572237962962963,0.5534157407407407,0.018822222222222223,0.5556000000000001,0.26468266618535724,0.16355029254986495
0.5681814814814815,0.5534157407407407,0.01476574074074074,0.5584,0.2679834306316564,0.15464205831051137
0.5591694444444445,0.5534157407407407,0.005753703703703702,0.5122,0.26666203941176153,0.1606594979614333
0.5725472222222222,0.5534157407407407,0.019131481481481485,0.5527500000000001,0.26030500458649003,0.15719363596077848
0.5740027777777778,0.5534157407407407,0.02058703703703704,0.5556000000000001,0.26828681592595727,0.16897781035135592
0.5715185185185185,0.5534157407407407,0.018102777777777777,0.5483499999999999,0.26863909505538697,0.16554369807854435
0.552499074074074,0.5534157407407407,-0.0009166666666666685,0.5141,0.2704860013291307,0.16336767287947784
0.572861111111111,0.5534157407407407,0.019445370370370366,0.5385,0.2624687758317251,0.15058386577775132
0.5605212962962963,0.5534157407407407,0.007105555555555559,0.5359,0.27077067099521895,0.15250235532627784
0.5588009259259259,0.5534157407407407,0.005385185185185183,0.5305500000000001,0.26702983119269313,0.15527611512400344
0.562425,0.5534157407407407,0.009009259259259257,0.5359,0.26249216031906925,0.14923077940204393
0.5638833333333333,0.5534157407407407,0.010467592592592587,0.5556000000000001,0.26757528296925104,0.15181826311320706
0.5644351851851852,0.5534157407407407,0.011019444444444446,0.5359499999999999,0.247097483625358,0.1523192941665284
0.5797342592592593,0.5534157407407407,0.026318518518518515,0.57735,0.26281260910946186,0.16903354041343566
0.5487194444444444,0.5534157407407407,-0.0046962962962962965,0.50505,0.2690687514054095,0.1490431988597309
0.5630759259259259,0.5534157407407407,0.00966018518518518,0.53335,0.2617637330464,0.15417611360856784
0.5733324074074074,0.5534157407407407,0.019916666666666666,0.5289,0.26260222213603934,0.15399073373020325
0.5641092592592591,0.5534157407407407,0.010693518518518515,0.5333000000000001,0.2588239247550628,0.14853059489933104
0.5511259259259259,0.5534157407407407,-0.0022898148148148157,0.52085,0.27175234546456045,0.15621180681011687
0.5464972222222223,0.5534157407407407,-0.006918518518518518,0.50505,0.26411747827181076,0.15534738771158252
0.5688018518518518,0.5534157407407407,0.015386111111111109,0.53095,0.26762648018037166,0.1484332175952195
0.5669203703703704,0.5534157407407407,0.013504629629629629,0.5359,0.25896390639395056,0.15368273325826395
0.5788416666666666,0.5534157407407407,0.02542592592592592,0.5556000000000001,0.26898763621136834,0.1631039204135659
0.5606935185185185,0.5534157407407407,0.007277777777777779,0.5359,0.2584881527222954,0.1516683841606222
0.574536111111111,0.5534157407407407,0.02112037037037037,0.5528,0.27051206011028245,0.1649716400205699
0.562200925925926,0.5534157407407407,0.00878518518518518,0.54705,0.2716923395723777,0.14987106659025273
0.5587157407407408,0.5534157407407407,0.0053,0.5305500000000001,0.2723889485324685,0.15170216639758188
0.5728027777777778,0.5534157407407407,0.019387037037037043,0.54705,0.2623335611048107,0.15940906298922097
0.5554324074074073,0.5534157407407407,0.002016666666666662,0.5305500000000001,0.265444321151411,0.14637837061252448
0.5780601851851853,0.5534157407407407,0.02464444444444444,0.5556000000000001,0.26965883843781,0.15511237429823624
0.5554787037037037,0.5534157407407407,0.0020629629629629618,0.5359,0.2689464954088386,0.15253124367709345
0.5663722222222223,0.5534157407407407,0.012956481481481479,0.5305500000000001,0.26717713884284566,0.1553860271524866
0.5635,0.5534157407407407,0.010084259259259262,0.5359,0.2594649066001207,0.1560925385501657
0.563537962962963,0.5534157407407407,0.010122222222222218,0.5556000000000001,0.26543570906746544,0.1571575882321334
0.5847583333333334,0.5534157407407407,0.03134259259259259,0.5775,0.2641809550908435,0.1641217522779529
0.5695296296296296,0.5534157407407407,0.016113888888888893,0.5556000000000001,0.27156418778226793,0.15011446004201984
0.5810407407407407,0.5534157407407407,0.027624999999999997,0.57365,0.2655534421940872,0.14978618351179135
0.5507027777777778,0.5534157407407407,-0.0027129629629629613,0.5305500000000001,0.2704525492467782,0.14737270261229166
0.5703462962962963,0.5534157407407407,0.016930555555555553,0.5359,0.2568668408171596,0.15477003649873355
0.5737064814814814,0.5534157407407407,0.020290740740740738,0.5359499999999999,0.2705958200121818,0.15980455091424683
0.5721157407407408,0.5534157407407407,0.018699999999999998,0.53335,0.26054291452783956,0.14837432266456427
0.5686111111111111,0.5534157407407407,0.015195370370370364,0.54705,0.2607526802340125,0.15155227307333044
0.5556398148148147,0.5534157407407407,0.0022240740740740706,0.5359,0.2667655163929813,0.1487587841561655
0.5660824074074075,0.5534157407407407,0.012666666666666666,0.5483499999999999,0.26764489405512,0.17047725695877122
0.5750787037037036,0.5534157407407407,0.021662962962962957,0.5398,0.27083143360784323,0.16869343515393834
0.5552620370370371,0.5534157407407407,0.0018462962962962975,0.52655,0.2735389041740613,0.15549572366985634
0.5716722222222221,0.5534157407407407,0.018256481481481485,0.5385,0.2562789703098032,0.14655604348791432
0.5557555555555556,0.5534157407407407,0.002339814814814812,0.5305500000000001,0.27668523373497583,0.1705288047802437
0.5643157407407406,0.5534157407407407,0.010899999999999996,0.54425,0.26394070212056114,0.15547282540448135
0.5836175925925926,0.5534157407407407,0.030201851851851848,0.57325,0.26368721658867167,0.16495387686218743
0.5595222222222223,0.5534157407407407,0.006106481481481483,0.5385,0.2641791230098774,0.146017400238982
0.5512703703703704,0.5534157407407407,-0.0021453703703703704,0.5305500000000001,0.27007352555801944,0.1535038684917016
0.5629703703703705,0.5534157407407407,0.009554629629629628,0.5305500000000001,0.2729710183717121,0.15436975055012647
0.5636287037037037,0.5534157407407407,0.01021296296296296,0.5359,0.2732098180564089,0.15509057232721676
0.5712666666666666,0.5534157407407407,0.017850925925925923,0.5359499999999999,0.26510993417120693,0.14525421640115038
0.5653675925925926,0.5534157407407407,0.011951851851851856,0.5359,0.26443675809804235,0.1534830749483604
0.5582768518518518,0.5534157407407407,0.004861111111111111,0.5359,0.26656740677800744,0.14623606688695842
0.567525,0.5534157407407407,0.014109259259259259,0.54425,0.2671212473223125,0.16078462376908953
0.5704305555555556,0.5534157407407407,0.017014814814814812,0.56115,0.2546644959672049,0.1627459517935823
0.5574740740740741,0.5534157407407407,0.004058333333333334,0.5556000000000001,0.2822481338134775,0.15659815417980943
0.5749194444444444,0.5534157407407407,0.02150370370370371,0.54705,0.267199446477382,0.15886015888073488
0.5726398148148147,0.5534157407407407,0.01922407407407407,0.5398,0.25510468363971417,0.14814105735064276
0.5752296296296296,0.5534157407407407,0.021813888888888886,0.5359499999999999,0.26656197163390893,0.16885139097799132
0.5698796296296296,0.5534157407407407,0.016463888888888886,0.5359,0.26566009579358696,0.14915143747420959
0.5490944444444444,0.5534157407407407,-0.004321296296296297,0.5460499999999999,0.2684251592848026,0.13915804573132617
0.5551638888888889,0.5534157407407407,0.0017481481481481473,0.50505,0.2589912972443024,0.14137878694630165
0.5663787037037037,0.5534157407407407,0.012962962962962963,0.5556,0.2609024432030715,0.15757855337766224
0.5728129629629629,0.5534157407407407,0.019397222222222222,0.5359,0.2618899619436372,0.1619439238693232
0.5646481481481481,0.5534157407407407,0.011232407407407406,0.5556000000000001,0.25853590306591595,0.16226982538249138
0.5595407407407408,0.5534157407407407,0.006125000000000001,0.53335,0.27081794796782255,0.15336461966640336
0.556949074074074,0.5534157407407407,0.003533333333333332,0.5385,0.27176103043425126,0.15108235545834306
0.5694814814814815,0.5534157407407407,0.01606574074074074,0.5401,0.2622962152103468,0.1590327898723605
0.578574074074074,0.5534157407407407,0.025158333333333335,0.5359,0.27103999269355356,0.170529887820836
0.5623824074074074,0.5534157407407407,0.008966666666666664,0.5359499999999999,0.26025363862313267,0.15655619098131968
0.5652388888888888,0.5534157407407407,0.011823148148148147,0.5385,0.25570071722871107,0.14821383050381418
0.5620444444444445,0.5534157407407407,0.008628703703703706,0.5556000000000001,0.26425119645644074,0.1655622801475315
0.5579888888888889,0.5534157407407407,0.004573148148148148,0.5305500000000001,0.2666233450013117,0.14726353299695144
0.573012962962963,0.5534157407407407,0.019597222222222224,0.5556000000000001,0.26964625670612374,0.16083341905151627
0.5600166666666667,0.5534157407407407,0.006600925925925923,0.5359,0.26697511820077496,0.1638498141223227
0.5772037037037037,0.5534157407407407,0.023787962962962966,0.5528,0.2603796688468038,0.14770109796388425
0.5675138888888888,0.5534157407407407,0.014098148148148146,0.5385,0.2650605511701135,0.16414862423322377
0.5797231481481481,0.5534157407407407,0.026307407407407404,0.5774,0.2664205580622878,0.14776809862976142
0.5601824074074074,0.5534157407407407,0.0067666666666666665,0.5556000000000001,0.26553307829518447,0.1422099776985052
0.5567462962962964,0.5534157407407407,0.0033305555555555514,0.5398,0.26601521263010575,0.1417570433453175
0.5710351851851851,0.5534157407407407,0.01761944444444444,0.54705,0.26411340396182437,0.1459858695366143
0.5688555555555556,0.5534157407407407,0.015439814814814814,0.54425,0.26763031914537766,0.152748347767692
0.5791666666666666,0.5534157407407407,0.02575092592592593,0.5625500000000001,0.26444778931015483,0.15723069098000725
0.5517657407407407,0.5534157407407407,-0.0016500000000000002,0.50505,0.268391701183051,0.16068245837647163
0.5665,0.5534157407407407,0.013084259259259264,0.5556000000000001,0.26334695993766705,0.16270391499752224
0.5695361111111111,0.5534157407407407,0.01612037037037037,0.55555,0.26619481814484125,0.15012076058540352
0.5583388888888889,0.5534157407407407,0.0049231481481481435,0.538,0.2636289940634441,0.1540515677749557
0.5737851851851852,0.5534157407407407,0.020369444444444447,0.5653000000000001,0.2709060246118447,0.15153305580485607
0.5656101851851852,0.5534157407407407,0.012194444444444442,0.5556000000000001,0.2763922402239979,0.1496963192808378
0.5524,0.5534157407407407,-0.0010157407407407457,0.5359,0.2618233295331997,0.14905754653763764
0.5627675925925926,0.5534157407407407,0.009351851851851849,0.5359,0.25440330253716004,0.14442520716214438
0.5682925925925925,0.5534157407407407,0.014876851851851851,0.54425,0.27231143547148867,0.15377315226121782
0.5667009259259259,0.5534157407407407,0.013285185185185186,0.5469999999999999,0.2596506338936565,0.15396371875983608
0.5631787037037037,0.5534157407407407,0.00976296296296296,0.5359,0.26618837720503796,0.14438029649958134
0.5798518518518518,0.5534157407407407,0.026436111111111105,0.5944499999999999,0.27855517162924553,0.17501500147094648
0.5496333333333333,0.5534157407407407,-0.003782407407407406,0.51945,0.2590839704387706,0.14900921054684868
0.557675925925926,0.5534157407407407,0.00426018518518518,0.5305500000000001,0.27166277778816744,0.15309232382754745
0.5595509259259258,0.5534157407407407,0.006135185185185186,0.5359,0.2773422206991071,0.153647953789511
0.5578157407407408,0.5534157407407407,0.004400000000000003,0.5305500000000001,0.2673821676583709,0.1532478275066698
0.5611759259259258,0.5534157407407407,0.007760185185185183,0.5556,0.27362187220274037,0.14885139295623712
0.5727157407407408,0.5534157407407407,0.0193,0.5750500000000001,0.276657979800505,0.15305611334336078
0.566812037037037,0.5534157407407407,0.013396296296296292,0.5359,0.2643097728461434,0.14737323837123056
0.5644712962962962,0.5534157407407407,0.011055555555555553,0.5385,0.27134897076412967,0.15336987320275952
0.560112037037037,0.5534157407407407,0.0066962962962962965,0.5359,0.2678402350954737,0.15027484783787484
0.5598972222222222,0.5534157407407407,0.006481481481481484,0.5305500000000001,0.2781563879554739,0.15232600071879052
0.5515703703703704,0.5534157407407407,-0.0018453703703703748,0.5305500000000001,0.2704743936467057,0.14251396546373266
0.5645703703703704,0.5534157407407407,0.011154629629629624,0.557,0.2713544718523247,0.15069180306531774
0.547112037037037,0.5534157407407407,-0.006303703703703705,0.50505,0.26456351099326364,0.1493781045434554
0.5599888888888889,0.5534157407407407,0.00657314814814815,0.54705,0.26405820100926464,0.15375587921681189
0.5719351851851853,0.5534157407407407,0.018519444444444443,0.5359,0.2692369263098033,0.15084300030122508
0.5612342592592592,0.5534157407407407,0.007818518518518518,0.50505,0.26679602981606454,0.15304250350199625
0.5599259259259259,0.5534157407407407,0.006510185185185185,0.53765,0.26206076500538844,0.1622253716399001
0.5652518518518519,0.5534157407407407,0.01183611111111111,0.5359,0.2747277808084586,0.16119820124824527
0.5647435185185186,0.5534157407407407,0.011327777777777777,0.5359,0.26818223274034725,0.16186937899645445
0.5840768518518519,0.5534157407407407,0.03066111111111111,0.57365,0.26992322778599054,0.15400985332802045
0.5510407407407407,0.5534157407407407,-0.002375000000000004,0.53765,0.2773027186378312,0.14815282216330972
0.565875,0.5534157407407407,0.012459259259259257,0.5401,0.2625211888644491,0.15582243431213683
0.5604055555555556,0.5534157407407407,0.0069898148148148116,0.538,0.25549560189104975,0.15074075718464763
0.5694953703703702,0.5534157407407407,0.01607962962962963,0.5556000000000001,0.26894533140914983,0.15421973749049517
0.567400925925926,0.5534157407407407,0.013985185185185187,0.5305500000000001,0.2702083915405807,0.15092941459399162
0.5558296296296296,0.5534157407407407,0.002413888888888884,0.5398,0.2572406296520571,0.15025071163675738
0.5677407407407407,0.5534157407407407,0.014324999999999996,0.5359,0.2545099289461149,0.1557946426472043
0.565961111111111,0.5534157407407407,0.012545370370370368,0.5433,0.2744390001961464,0.16268904195086276
0.5547675925925927,0.5534157407407407,0.001351851851851851,0.55555,0.270107047601953,0.14906902777997702
0.5640296296296294,0.5534157407407407,0.010613888888888886,0.5547,0.2572968144044253,0.1467359644505732
0.5648111111111112,0.5534157407407407,0.011395370370370372,0.5359499999999999,0.26279524965241546,0.1519323708281715
0.5490166666666667,0.5534157407407407,-0.004399074074074076,0.51055,0.27320238484338333,0.15168163443025565
0.5500398148148148,0.5534157407407407,-0.0033759259259259302,0.50505,0.2648427941179957,0.15941064169637653
0.5735324074074074,0.5534157407407407,0.020116666666666668,0.5359,0.27036623684191186,0.15190315255783648
0.5566916666666666,0.5534157407407407,0.003275925925925924,0.5298,0.26574565597244354,0.15459075903658823
0.5645777777777777,0.5534157407407407,0.01116203703703704,0.53335,0.26305310338882565,0.14695393055043787
0.5563472222222221,0.5534157407407407,0.0029314814814814815,0.52545,0.2710764190140538,0.15531452480845534
0.5547185185185184,0.5534157407407407,0.001302777777777774,0.51895,0.26753258519260936,0.15560181176319104
0.5613814814814815,0.5534157407407407,0.00796574074074074,0.5359,0.2680795171293897,0.14797035707310896
0.5654453703703703,0.5534157407407407,0.012029629629629628,0.5185,0.26261657683201256,0.14799020822575615
0.5695796296296296,0.5534157407407407,0.016163888888888887,0.5359,0.2663769757806214,0.15620257303894688
0.5683296296296296,0.5534157407407407,0.01491388888888889,0.53765,0.2690810763616355,0.15697416803877054
0.5515185185185184,0.5534157407407407,-0.0018972222222222157,0.5305500000000001,0.25673526025746235,0.1444133601518318
0.5435064814814814,0.5534157407407407,-0.009909259259259262,0.50505,0.26923659618252666,0.142740208127453
0.5629481481481482,0.5534157407407407,0.009532407407407408,0.5460499999999999,0.25988203164199397,0.1517291788229929
0.5600092592592593,0.5534157407407407,0.006593518518518522,0.5305500000000001,0.2607929706842665,0.15117760198116434
0.5626685185185184,0.5534157407407407,0.009252777777777775,0.5546,0.2639434301640347,0.14609678424265066
0.5637481481481481,0.5534157407407407,0.010332407407407406,0.5385,0.2580876376119697,0.16280245114500924
0.5650046296296296,0.5534157407407407,0.011588888888888886,0.5518000000000001,0.2693794625397031,0.16922587423589638
0.5731361111111111,0.5534157407407407,0.019720370370370374,0.5546,0.26277419340792163,0.1501722871999098
0.5532416666666667,0.5534157407407407,-0.00017407407407407546,0.5282,0.2570060700126837,0.14496385715864563
0.549711111111111,0.5534157407407407,-0.0037046296296296306,0.51895,0.27141291621870667,0.14414952477335788
0.5549888888888889,0.5534157407407407,0.0015731481481481486,0.5359,0.27649996208728117,0.15041036303932886
0.5762092592592593,0.5534157407407407,0.022793518518518522,0.5556000000000001,0.26042741487435184,0.16107108738455403
0.5639435185185184,0.5534157407407407,0.010527777777777778,0.5305500000000001,0.2691751992690319,0.15579222194142262
0.5616083333333334,0.5534157407407407,0.00819259259259259,0.5433,0.27856944808528816,0.15436460280395606
0.5459703703703703,0.5534157407407407,-0.0074453703703703696,0.50505,0.27904353000427146,0.1569258884453025
0.5758027777777778,0.5534157407407407,0.022387037037037042,0.5722500000000001,0.2765360696955808,0.1658236909066529
0.564,0.5534157407407407,0.010584259259259255,0.5460499999999999,0.2640776818590976,0.14758962818587323
0.557725,0.5534157407407407,0.004309259259259258,0.5433,0.2743017760103458,0.17140151829611233
0.5430064814814815,0.5534157407407407,-0.01040925925925926,0.5194,0.2655345827392262,0.14797166345112467
0.548150925925926,0.5534157407407407,-0.005264814814814816,0.53335,0.27447685311576075,0.1448715565917312
0.5509518518518518,0.5534157407407407,-0.002463888888888891,0.5242,0.2577332093324418,0.14535990619376593
0.565824074074074,0.5534157407407407,0.01240833333333333,0.5359,0.2721196056679016,0.15027986050021014
0.5603296296296296,0.5534157407407407,0.006913888888888887,0.5305500000000001,0.269701484774521,0.14600036772347325
0.5679305555555556,0.5534157407407407,0.01451481481481481,0.54705,0.2707006949638181,0.1631943115732651
0.5661388888888889,0.5534157407407407,0.012723148148148147,0.5556000000000001,0.26975554833348253,0.15486189663454622
0.5589240740740741,0.5534157407407407,0.005508333333333333,0.5305500000000001,0.26395091616434,0.14737133347400552
0.5717824074074075,0.5534157407407407,0.018366666666666667,0.57735,0.2625654886991671,0.15278594885729613
0.5553296296296296,0.5534157407407407,0.0019138888888888868,0.5359,0.2696576300267382,0.14731431173110768
0.5588074074074074,0.5534157407407407,0.0053916666666666635,0.54705,0.27214710072054565,0.1502710977769937
0.5716324074074074,0.5534157407407407,0.018216666666666666,0.5556000000000001,0.26970021045483794,0.16443983332832324
0.5520601851851852,0.5534157407407407,-0.0013555555555555543,0.50385,0.25938419379127636,0.1386854710320782
0.5484675925925926,0.5534157407407407,-0.004948148148148151,0.5359,0.2769029884539186,0.1511903766664353
0.5512981481481481,0.5534157407407407,-0.0021175925925925963,0.5176999999999999,0.2667006540581467,0.15218988743389253
0.5731407407407407,0.5534157407407407,0.019724999999999996,0.5546,0.2743489288721171,0.16099338822262815
0.5554592592592592,0.5534157407407407,0.0020435185185185144,0.5282,0.2646402244900381,0.14934694554798794
0.556312962962963,0.5534157407407407,0.002897222222222221,0.5359,0.2626883292707615,0.14924223830118072
0.556800925925926,0.5534157407407407,0.0033851851851851907,0.51055,0.2650676579105091,0.15475791394304447
0.5730972222222223,0.5534157407407407,0.01968148148148148,0.54425,0.2610544181670716,0.15057847033565527
0.5582037037037038,0.5534157407407407,0.004787962962962964,0.53335,0.25893171868163506,0.14725400187671947
0.5590416666666667,0.5534157407407407,0.005625925925925923,0.54705,0.2742463859566437,0.1652942911477905
0.5653425925925926,0.5534157407407407,0.011926851851851857,0.5398,0.2664075734251231,0.15606261719961254
0.566524074074074,0.5534157407407407,0.013108333333333335,0.5385,0.271098827333092,0.15994772517832076
0.5732268518518518,0.5534157407407407,0.01981111111111111,0.5704,0.26185135599558296,0.16329970173172326
0.5782583333333333,0.5534157407407407,0.024842592592592597,0.5944499999999999,0.2658511420757689,0.15573428916947668
0.5647287037037036,0.5534157407407407,0.011312962962962959,0.5359,0.2662199716034597,0.15087293910978467
0.5637046296296295,0.5534157407407407,0.010288888888888889,0.5333,0.25702116076535403,0.15398486351958887
0.5553981481481481,0.5534157407407407,0.001982407407407411,0.51895,0.2569533595197798,0.14650575876449215
0.5710324074074075,0.5534157407407407,0.017616666666666673,0.5359,0.2790227816474174,0.16651422352313935
0.5785537037037036,0.5534157407407407,0.02513796296296296,0.55185,0.2654025700549297,0.14965128295230093
0.5523120370370369,0.5534157407407407,-0.0011037037037037077,0.5194,0.2669544231874855,0.1554251437614171
0.5600685185185185,0.5534157407407407,0.006652777777777778,0.5359,0.2645698924133592,0.15953224820239606
0.5608925925925926,0.5534157407407407,0.0074768518518518465,0.5359,0.26832741601932547,0.14801540940649474
0.5768509259259259,0.5534157407407407,0.023435185185185184,0.5556000000000001,0.26443717289811886,0.155460523771687
0.5628351851851852,0.5534157407407407,0.009419444444444449,0.5359,0.270195833900108,0.1564581580674421
0.5629592592592592,0.5534157407407407,0.00954351851851852,0.5289,0.2565927407125191,0.1448065136870435
0.5665611111111111,0.5534157407407407,0.013145370370370368,0.5359,0.26084224001195594,0.14473103019000988
0.5631129629629629,0.5534157407407407,0.009697222222222216,0.54865,0.2614410736104372,0.15209983653043704
0.5695648148148149,0.5534157407407407,0.016149074074074073,0.5359,0.25792355323075933,0.1548855679461878
0.5631907407407407,0.5534157407407407,0.009774999999999999,0.55185,0.26604325188976635,0.1545578336694654
0.5497472222222222,0.5534157407407407,-0.0036685185185185206,0.5298,0.2721596674227301,0.1502698349593799
0.5662212962962963,0.5534157407407407,0.012805555555555556,0.54705,0.272737762877161,0.16275548418532249
0.5660499999999999,0.5534157407407407,0.01263425925925926,0.5359,0.26580557770706564,0.150125125483096
0.5662870370370371,0.5534157407407407,0.012871296296296299,0.5556000000000001,0.26581409535300243,0.1522864738017688
0.5826027777777778,0.5534157407407407,0.029187037037037036,0.5556000000000001,0.2547395193182483,0.15141064919682573
0.5817018518518519,0.5534157407407407,0.028286111111111116,0.5816,0.2564586425208583,0.14613620036675512
0.5435518518518518,0.5534157407407407,-0.00986388888888889,0.52655,0.2614942298398365,0.15079472613942496
0.557375925925926,0.5534157407407407,0.003960185185185182,0.5187,0.2717301137933102,0.15254526457992648
0.5512685185185185,0.5534157407407407,-0.002147222222222226,0.5359,0.2739792510897335,0.14470125102529904
0.5544870370370371,0.5534157407407407,0.0010712962962962935,0.5556000000000001,0.2749825646444307,0.1513661631165356
0.5572759259259259,0.5534157407407407,0.0038601851851851857,0.55905,0.26517191209934804,0.15109443660769634
0.5591925925925927,0.5534157407407407,0.005776851851851852,0.5305500000000001,0.26577017255048524,0.15249723552357594
0.5629277777777778,0.5534157407407407,0.009512037037037036,0.5469999999999999,0.2607710514555988,0.1566982448759831
0.5566740740740741,0.5534157407407407,0.0032583333333333323,0.51055,0.2624416949472743,0.15082101921300162
0.5663305555555556,0.5534157407407407,0.012914814814814811,0.5359,0.2633298448495224,0.15277267261554411
0.5766999999999999,0.5534157407407407,0.023284259259259258,0.5664,0.26758676014632615,0.16275842207247201
0.5539425925925925,0.5534157407407407,0.0005268518518518483,0.512,0.2678429080684449,0.1501412740369409
0.5792444444444445,0.5534157407407407,0.025828703703703697,0.5556000000000001,0.27333983173644333,0.1568122045191457
0.537750925925926,0.5534157407407407,-0.015664814814814815,0.5,0.27085278150957043,0.1446319436509945
0.5679462962962963,0.5534157407407407,0.014530555555555557,0.54865,0.2563114028282769,0.1517482522083421
0.5689666666666666,0.5534157407407407,0.015550925925925926,0.5460499999999999,0.26722729762906117,0.1543164799379608
0.5559675925925925,0.5534157407407407,0.0025518518518518533,0.5282,0.26159053857990366,0.15917753121950576
0.5585981481481481,0.5534157407407407,0.0051824074074074055,0.5333000000000001,0.26617437962803703,0.15137835178301667
0.5559537037037037,0.5534157407407407,0.00253796296296296,0.52545,0.2761880560824508,0.1624277321503709
0.5719333333333333,0.5534157407407407,0.01851759259259259,0.5556000000000001,0.2568948521218924,0.1515675086804826
0.5542944444444445,0.5534157407407407,0.0008787037037037004,0.53165,0.25951153354641815,0.1490034378647022
0.5537388888888889,0.5534157407407407,0.0003231481481481506,0.5282,0.27307563562607645,0.15580905736301623
0.5638555555555554,0.5534157407407407,0.010439814814814811,0.5325500000000001,0.270075073098267,0.16251135053949614
0.5492972222222222,0.5534157407407407,-0.004118518518518523,0.51895,0.2747792304855491,0.1460943435727507
0.5619722222222222,0.5534157407407407,0.00855648148148148,0.53335,0.278999735983975,0.1548731185674068
0.5612231481481481,0.5534157407407407,0.007807407407407408,0.55555,0.26632094705886916,0.15020930114418676
0.5783638888888889,0.5534157407407407,0.024948148148148143,0.55555,0.2680865118626432,0.15772847275629698
0.5734314814814815,0.5534157407407407,0.020015740740740744,0.5635000000000001,0.26276216304246824,0.14827859996593368
0.5596694444444444,0.5534157407407407,0.0062537037037037006,0.53335,0.27084286076220787,0.1562457957122148
0.5738814814814814,0.5534157407407407,0.020465740740740732,0.5556000000000001,0.26245533243395597,0.14375167591841395
0.5553444444444445,0.5534157407407407,0.001928703703703702,0.5194,0.2649431641866255,0.15918596545645572
0.5594916666666666,0.5534157407407407,0.006075925925925925,0.5359,0.2620197795647832,0.15494049558469808
0.5584861111111111,0.5534157407407407,0.005070370370370369,0.50505,0.26823492857586556,0.1477132364934692
0.5657888888888889,0.5534157407407407,0.012373148148148149,0.5556000000000001,0.26366562027431967,0.1570287994339853
0.5513805555555555,0.5534157407407407,-0.002035185185185184,0.50505,0.2689143116339434,0.14737068103573842
0.5711722222222222,0.5534157407407407,0.017756481481481484,0.54705,0.2608314920759512,0.16354241855823878
0.5596768518518518,0.5534157407407407,0.0062611111111111105,0.5359,0.26401099510043474,0.15369009103060902
0.5615462962962963,0.5534157407407407,0.008130555555555554,0.5359,0.27566942224335683,0.14900048012111902
0.5810824074074075,0.5534157407407407,0.027666666666666662,0.57365,0.2609176436932005,0.1541406694591288
0.5470611111111111,0.5534157407407407,-0.00635462962962963,0.5385,0.27722137981546674,0.15067338159838137
0.5673398148148148,0.5534157407407407,0.01392407407407407,0.54705,0.26441490511093585,0.14632831467868665
0.5654268518518518,0.5534157407407407,0.012011111111111108,0.54865,0.2622019944770702,0.14686355504556958
0.5727416666666667,0.5534157407407407,0.019325925925925927,0.5462,0.2681012677012003,0.16280055475942265
0.5792037037037038,0.5534157407407407,0.025787962962962957,0.5556000000000001,0.26517431999753366,0.15652000780861797
0.5708055555555556,0.5534157407407407,0.017389814814814813,0.5556000000000001,0.2746665672163568,0.1633672784014652
0.5405,0.5534157407407407,-0.012915740740740742,0.5,0.26945229806884086,0.14721234022458665
0.5487472222222222,0.5534157407407407,-0.004668518518518518,0.5282,0.26851046776731635,0.1567234934276837
0.5516407407407408,0.5534157407407407,-0.0017749999999999999,0.5359,0.27177497427547814,0.14868529842351502
0.5594342592592592,0.5534157407407407,0.006018518518518516,0.51895,0.26839828445000885,0.14721108256999388
0.5694092592592592,0.5534157407407407,0.015993518518518515,0.5556000000000001,0.2790954817815008,0.1586288534131413
0.562114814814815,0.5534157407407407,0.008699074074074076,0.53165,0.26096744481851675,0.15941964870008343
0.5661203703703704,0.5534157407407407,0.01270462962962963,0.5359,0.2600079649244627,0.15529063700359735
0.5500555555555556,0.5534157407407407,-0.0033601851851851844,0.51895,0.27900219854201375,0.15936340703803092
0.5651138888888889,0.5534157407407407,0.011698148148148147,0.5528,0.25986803640954387,0.1501869657108625
0.5687148148148148,0.5534157407407407,0.015299074074074073,0.5359,0.2736077907205057,0.16383829302338598
0.5633824074074074,0.5534157407407407,0.009966666666666667,0.5333,0.2594356765141522,0.1488354689663385
0.5546768518518518,0.5534157407407407,0.001261111111111111,0.5,0.2637201591770179,0.15132717407560073
0.5610537037037037,0.5534157407407407,0.007637962962962963,0.54705,0.2697010949928828,0.14672398571670806
0.563312962962963,0.5534157407407407,0.009897222222222215,0.5305500000000001,0.2677117895429667,0.1495218500322667
0.5691824074074074,0.5534157407407407,0.01576666666666666,0.5326,0.2580320666983418,0.16055926672366538
0.5738453703703704,0.5534157407407407,0.020429629629629627,0.5359,0.2665615043209406,0.15140047670838128
0.5670314814814814,0.5534157407407407,0.01361574074074074,0.5556000000000001,0.26670372362589084,0.15433248134026237
0.5707481481481481,0.5534157407407407,0.017332407407407407,0.55555,0.2526723213158802,0.15206715119530217
0.5480972222222222,0.5534157407407407,-0.005318518518518518,0.5305500000000001,0.265266689454722,0.153883887619246
0.5619453703703704,0.5534157407407407,0.00852962962962963,0.5528,0.26957124606926863,0.15633402488959114
0.5602185185185186,0.5534157407407407,0.006802777777777776,0.5359,0.2723973050589748,0.15745774894393802
0.5661157407407407,0.5534157407407407,0.0127,0.54705,0.27023073255152535,0.1694041128719841
0.5518203703703703,0.5534157407407407,-0.0015953703703703716,0.53095,0.2585608479730341,0.14609203051582034
0.564225,0.5534157407407407,0.010809259259259262,0.5326,0.2623455587062552,0.1606354568796155
0.5662990740740741,0.5534157407407407,0.012883333333333333,0.5385,0.2653030006401499,0.15048834804461192
0.5672694444444445,0.5534157407407407,0.0138537037037037,0.5556,0.2675221099984191,0.146225404306704
0.5804555555555555,0.5534157407407407,0.027039814814814808,0.5635000000000001,0.2612362698027135,0.16314052708488924
0.5526703703703704,0.5534157407407407,-0.0007453703703703705,0.5,0.26469362937486285,0.1610469127590074
0.5669194444444444,0.5534157407407407,0.0135037037037037,0.5566500000000001,0.2671720050315633,0.16063216116677148
0.5520648148148148,0.5534157407407407,-0.0013509259259259251,0.512,0.26648498872867565,0.14580584677030506
0.5529444444444445,0.5534157407407407,-0.0004712962962963009,0.5333,0.2687617328308997,0.14594641511282566
0.5618120370370371,0.5534157407407407,0.0083962962962963,0.5359,0.27062982363838,0.14604370548362577
0.5498166666666666,0.5534157407407407,-0.003599074074074076,0.5122,0.2731901527008437,0.15533649606090785
0.5615138888888889,0.5534157407407407,0.008098148148148151,0.5334,0.2709058664866539,0.15527476339080767
0.5696824074074074,0.5534157407407407,0.016266666666666665,0.5546,0.2691947562461273,0.1659603471387967
0.5608583333333332,0.5534157407407407,0.007442592592592589,0.5282,0.2600163187276385,0.14489417808115607
0.5556277777777778,0.5534157407407407,0.002212037037037035,0.5305500000000001,0.2657274082266751,0.14525152385038315
0.5845314814814815,0.5534157407407407,0.031115740740740735,0.5556000000000001,0.2632201408537267,0.15515553616973862
0.5647268518518518,0.5534157407407407,0.011311111111111112,0.54705,0.2668970978879774,0.15141040121146096
0.5805111111111111,0.5534157407407407,0.027095370370370367,0.5556000000000001,0.2642751675327344,0.17394931874653866
0.5602055555555556,0.5534157407407407,0.006789814814814814,0.5469999999999999,0.2590632610770493,0.15454936841821793
0.5710740740740741,0.5534157407407407,0.017658333333333335,0.54705,0.25708619390637355,0.1595442142011008
0.5716962962962963,0.5534157407407407,0.01828055555555556,0.5556000000000001,0.26873083880431764,0.14901065724813192
0.5868685185185185,0.5534157407407407,0.033452777777777776,0.5750500000000001,0.25877396287004406,0.1501914575381885
0.544962962962963,0.5534157407407407,-0.008452777777777778,0.5,0.27068367668007864,0.1515286348795947
0.5569777777777778,0.5534157407407407,0.0035620370370370363,0.5333000000000001,0.25499133953896436,0.15140369488793276
0.5679953703703704,0.5534157407407407,0.014579629629629628,0.55555,0.255902643719205,0.14648345813232153
0.5709444444444444,0.5534157407407407,0.017528703703703703,0.54705,0.2605364470649379,0.15699696767767893
0.5766564814814815,0.5534157407407407,0.02324074074074074,0.5905,0.2712219759495377,0.15723581435326378
0.5691777777777778,0.5534157407407407,0.01576203703703704,0.5359499999999999,0.27523008873404137,0.17204392490508427
0.5837,0.5534157407407407,0.030284259259259257,0.5625,0.2663204408156867,0.16139178901975645
0.5741657407407408,0.5534157407407407,0.020749999999999998,0.55555,0.26114841168860964,0.1524903058049461
0.5490203703703703,0.5534157407407407,-0.004395370370370368,0.5122,0.2700191563849032,0.15315280219273728
0.5825314814814816,0.5534157407407407,0.02911574074074074,0.5724500000000001,0.2683289673154735,0.16163216123131557
0.556962037037037,0.5534157407407407,0.0035462962962962944,0.5305500000000001,0.26887111310297407,0.14735320046435693
0.557787962962963,0.5534157407407407,0.00437222222222222,0.5398,0.2645252364045388,0.14716364394675904
0.5760435185185185,0.5534157407407407,0.022627777777777774,0.5690500000000001,0.2744607277537045,0.1571899076647451
0.5574814814814814,0.5534157407407407,0.004065740740740741,0.5122,0.2547128367133658,0.15652809318304797
0.5559583333333333,0.5534157407407407,0.0025425925925925933,0.52545,0.2716636200400617,0.1619304599815957
0.572237037037037,0.5534157407407407,0.01882129629629629,0.5632,0.24203552206761028,0.14753135833361616
0.5680916666666668,0.5534157407407407,0.014675925925925926,0.5401,0.25742538638618134,0.15747907908545167
0.5828824074074074,0.5534157407407407,0.02946666666666667,0.56945,0.25989466443829895,0.15704111908704724
0.563487037037037,0.5534157407407407,0.010071296296296292,0.54705,0.2611496037357241,0.15582162162719337
0.5588824074074074,0.5534157407407407,0.005466666666666669,0.5556000000000001,0.2607365544167206,0.14631492472151186
0.5680435185185184,0.5534157407407407,0.01462777777777778,0.5385,0.2682605353334904,0.15413612192149145
0.5541453703703704,0.5534157407407407,0.0007296296296296294,0.5305500000000001,0.26906685872538727,0.16008849904067185
0.5599101851851851,0.5534157407407407,0.006494444444444442,0.53335,0.2737733996963068,0.15090713541860512
0.5685175925925926,0.5534157407407407,0.01510185185185185,0.5359,0.26435125698733825,0.1590283892727001
0.5687666666666666,0.5534157407407407,0.015350925925925919,0.5546,0.26056629163506284,0.15822317581069034
0.5554074074074075,0.5534157407407407,0.0019916666666666663,0.5359499999999999,0.2604558278525833,0.13960192278688138
0.5690277777777778,0.5534157407407407,0.015612037037037034,0.5556000000000001,0.26874263261654224,0.1624008739891729
0.5657824074074074,0.5534157407407407,0.012366666666666666,0.5556,0.27305570991218175,0.15860766030221257
0.5603935185185185,0.5534157407407407,0.0069777777777777755,0.5359,0.2617906926917527,0.15749689706679867
0.5588990740740741,0.5534157407407407,0.005483333333333332,0.54705,0.26492169729954024,0.1497569360882562
0.5690324074074073,0.5534157407407407,0.015616666666666666,0.5608500000000001,0.2805272108775695,0.1797685451158909
0.5631888888888889,0.5534157407407407,0.009773148148148147,0.53335,0.2505505815081677,0.1504119431319385
0.5565212962962963,0.5534157407407407,0.0031055555555555524,0.5282,0.2634323407259632,0.14008476261360797
0.5653416666666666,0.5534157407407407,0.011925925925925925,0.5486,0.2563377237581221,0.15187104857849276
0.559499074074074,0.5534157407407407,0.0060833333333333295,0.5359,0.26052845809195235,0.1495754181038267
0.5569944444444445,0.5534157407407407,0.003578703703703704,0.5,0.2633349822299415,0.14250937404873357
0.5711407407407406,0.5534157407407407,0.017724999999999998,0.5433,0.26112443842614846,0.14945254873179617
0.5684240740740741,0.5534157407407407,0.015008333333333332,0.5385,0.26131740104309875,0.1534103988999905
0.5555037037037037,0.5534157407407407,0.002087962962962964,0.5305500000000001,0.26624169187192914,0.14462863932050096
0.5750824074074075,0.5534157407407407,0.021666666666666664,0.5556,0.27426088536101906,0.16235737033142222
0.5670518518518518,0.5534157407407407,0.013636111111111113,0.5556,0.2674926766336106,0.1464804573475083
0.5695898148148147,0.5534157407407407,0.016174074074074073,0.5359,0.27546252147327405,0.1666224611365749
0.5632046296296296,0.5534157407407407,0.009788888888888883,0.5305500000000001,0.26281275356479594,0.15021017134776188
0.5490527777777777,0.5534157407407407,-0.004362962962962958,0.51895,0.2628023426467562,0.1533373146803536
0.563348148148148,0.5534157407407407,0.009932407407407405,0.5334,0.2724167647830367,0.17066402520945145
0.5636398148148147,0.5534157407407407,0.010224074074074075,0.5556000000000001,0.2679013624242147,0.15461935768254467
0.572987962962963,0.5534157407407407,0.01957222222222222,0.5821999999999999,0.2623337414627222,0.1512954112462584
0.5601935185185185,0.5534157407407407,0.006777777777777779,0.5305500000000001,0.26588640476333425,0.16683857010152134
0.565862037037037,0.5534157407407407,0.012446296296296297,0.5359,0.2673082318005472,0.1551781354588079
0.5485537037037036,0.5534157407407407,-0.0048620370370370414,0.5354,0.261372857683842,0.14879579666809165
0.5582037037037036,0.5534157407407407,0.004787962962962962,0.538,0.2717240305368686,0.1482264891871432
0.5663333333333334,0.5534157407407407,0.01291759259259259,0.5359,0.2671420329981647,0.1567342102996738
0.5590388888888888,0.5534157407407407,0.005623148148148147,0.5359,0.26490746712214747,0.15596772467853215
0.5777092592592592,0.5534157407407407,0.024293518518518523,0.5556,0.2762971644643407,0.18241857396060873
0.5630212962962963,0.5534157407407407,0.00960555555555555,0.5359,0.27653120391465924,0.16589129862503807
0.5620009259259259,0.5534157407407407,0.008585185185185184,0.5433,0.2676213766015113,0.15383892402388025
0.5570101851851851,0.5534157407407407,0.003594444444444442,0.5359,0.2771774690239898,0.15784582672841346
0.5617388888888888,0.5534157407407407,0.008323148148148147,0.5433,0.25658788472114147,0.14706805380438548
0.5820333333333333,0.5534157407407407,0.028617592592592587,0.56945,0.26372858995353254,0.15647832541001386
0.5560314814814814,0.5534157407407407,0.0026157407407407384,0.52545,0.2616535633694923,0.15286013836002563
0.5710824074074075,0.5534157407407407,0.01766666666666666,0.5641499999999999,0.26325374164738186,0.15099298306404652
0.5597814814814815,0.5534157407407407,0.006365740740740737,0.53095,0.2677235759357091,0.14393377251850517
0.5564675925925925,0.5534157407407407,0.003051851851851855,0.51895,0.25731528347179244,0.1468967725045024
0.5650527777777777,0.5534157407407407,0.011637037037037038,0.5359,0.2690355069705548,0.15299213686507118
0.5769046296296296,0.5534157407407407,0.02348888888888889,0.5556000000000001,0.25736666646324574,0.1459931712225394
0.5568203703703704,0.5534157407407407,0.00340462962962963,0.5305500000000001,0.2813115785993658,0.15623862673180125
0.5723851851851852,0.5534157407407407,0.01896944444444444,0.54705,0.266906431437978,0.14963272760256002
0.5631388888888889,0.5534157407407407,0.00972314814814815,0.54705,0.26830641669530636,0.1505435867622071
0.5640425925925925,0.5534157407407407,0.010626851851851847,0.5556000000000001,0.2609800931297981,0.15412725450305909
0.5676518518518519,0.5534157407407407,0.014236111111111107,0.5385,0.2734938949177591,0.162407627495901
0.5686842592592593,0.5534157407407407,0.015268518518518518,0.5359,0.27312750716556217,0.1571761757220449
0.5681425925925926,0.5534157407407407,0.014726851851851849,0.5566500000000001,0.2669999538673711,0.15173681938261285
0.558974074074074,0.5534157407407407,0.005558333333333333,0.5359,0.258151664967133,0.14319126945988261
0.5621296296296296,0.5534157407407407,0.008713888888888889,0.54705,0.267614175217666,0.14714577390213615
0.5471981481481482,0.5534157407407407,-0.00621759259259259,0.5182500000000001,0.2563221571008594,0.15055115368048183
0.5545935185185185,0.5534157407407407,0.0011777777777777746,0.5359,0.25843083757180585,0.14461463023241655
0.5701574074074073,0.5534157407407407,0.016741666666666665,0.5359,0.2631833564332973,0.14390450242350658
0.5529453703703703,0.5534157407407407,-0.00047037037037037354,0.51895,0.26900973591256766,0.14916096822219627
0.5663453703703704,0.5534157407407407,0.012929629629629628,0.54705,0.2717609526751902,0.1516441778769422
0.5560574074074073,0.5534157407407407,0.0026416666666666646,0.5305500000000001,0.2602741743478749,0.15509712068827838
0.5843027777777777,0.5534157407407407,0.030887037037037032,0.5708500000000001,0.26375984490934995,0.1593740255415136
0.5665398148148147,0.5534157407407407,0.013124074074074074,0.5359,0.26359902675206953,0.15383483488588756
0.5741231481481481,0.5534157407407407,0.020707407407407404,0.5556,0.26026670311216343,0.1466842834459032
0.5559490740740741,0.5534157407407407,0.0025333333333333328,0.54425,0.26082114382188265,0.154985899871177
0.5669166666666667,0.5534157407407407,0.013500925925925925,0.5305500000000001,0.2622519728995754,0.15150006045177558
0.5684972222222222,0.5534157407407407,0.015081481481481482,0.5359,0.2670241644210037,0.16082567049253516
0.5586064814814814,0.5534157407407407,0.005190740740740735,0.5305500000000001,0.259047822335304,0.15197581062875962
0.5555314814814815,0.5534157407407407,0.00211574074074074,0.5385,0.2736070446598631,0.15659055196552166
0.5583814814814814,0.5534157407407407,0.004965740740740739,0.53095,0.2656512400424708,0.1558827268053411
0.5548407407407407,0.5534157407407407,0.0014249999999999983,0.53765,0.2618544173673098,0.16011052848509275
0.5693499999999999,0.5534157407407407,0.015934259259259263,0.54705,0.2683984457871069,0.15104005915497926
0.5647305555555555,0.5534157407407407,0.011314814814814814,0.5433,0.2651912120794625,0.15013293786110532
0.5678509259259259,0.5534157407407407,0.014435185185185186,0.5518000000000001,0.2554810256851102,0.1463241679112465
0.5594796296296296,0.5534157407407407,0.006063888888888886,0.54705,0.27253135213939506,0.14850507053134668
0.5743981481481482,0.5534157407407407,0.020982407407407398,0.54705,0.2728710646815888,0.1682923201299185
0.5616472222222223,0.5534157407407407,0.00823148148148148,0.5305500000000001,0.2642036974202473,0.1386364273906893
0.5536194444444444,0.5534157407407407,0.00020370370370370182,0.5305500000000001,0.27574758282070977,0.16016751681941724
0.5488583333333332,0.5534157407407407,-0.004557407407407409,0.51895,0.2690844908219992,0.14658363833910545
0.5622074074074074,0.5534157407407407,0.008791666666666666,0.54705,0.25897926294629514,0.14168072249310495
0.5467157407407407,0.5534157407407407,-0.006700000000000002,0.50505,0.2624436356619192,0.14928899966360798
0.5597324074074074,0.5534157407407407,0.006316666666666664,0.53095,0.2664721678330858,0.15049022789400246
0.5655287037037037,0.5534157407407407,0.012112962962962959,0.557,0.26611015147829153,0.15909971721315858
0.5688537037037037,0.5534157407407407,0.015437962962962959,0.5460499999999999,0.26598505559380303,0.15456340544370054
0.5568388888888889,0.5534157407407407,0.0034231481481481465,0.538,0.26445934649801234,0.16068417191501852
0.5721842592592592,0.5534157407407407,0.01876851851851852,0.54425,0.277861682850735,0.17882799998628043
0.5632861111111109,0.5534157407407407,0.009870370370370373,0.5305500000000001,0.2711572514961398,0.1520711363663381
0.5720046296296296,0.5534157407407407,0.01858888888888889,0.557,0.26676484670269085,0.14444593422029084
0.5749185185185185,0.5534157407407407,0.02150277777777778,0.57265,0.2672880154538571,0.15108237553672274
0.5768175925925925,0.5534157407407407,0.023401851851851854,0.55185,0.26645923741095345,0.15838155867202378
0.5444666666666665,0.5534157407407407,-0.008949074074074076,0.5,0.26113265293698246,0.15141866049730526
0.5644407407407406,0.5534157407407407,0.011024999999999997,0.5556000000000001,0.2625883189339687,0.1497818220912403
0.5799490740740739,0.5534157407407407,0.026533333333333325,0.56945,0.2599374869116388,0.15666321279416764
0.5607537037037037,0.5534157407407407,0.0073379629629629645,0.5359,0.269131668233167,0.15467982349899698
0.5650055555555554,0.5534157407407407,0.011589814814814811,0.5359,0.2664080952971876,0.14841161499487143
0.5561583333333333,0.5534157407407407,0.0027425925925925907,0.538,0.2657028700702185,0.1483648232760684
0.5717916666666667,0.5534157407407407,0.018375925925925924,0.55555,0.25415552017333687,0.14870339346533626
0.5717870370370369,0.5534157407407407,0.018371296296296295,0.5556000000000001,0.262008401838814,0.1464822996872605
0.5569648148148149,0.5534157407407407,0.003549074074074076,0.5305500000000001,0.2592427680170158,0.14672407729799405
0.5552805555555556,0.5534157407407407,0.001864814814814812,0.50505,0.26693056658125425,0.15753287229412283
0.5616111111111112,0.5534157407407407,0.008195370370370368,0.5460499999999999,0.2608410130347543,0.14756350914336058
0.56405,0.5534157407407407,0.010634259259259262,0.5462,0.2674448544782941,0.1506708141475806
0.590212962962963,0.5534157407407407,0.03679722222222222,0.5608500000000001,0.27742143792957763,0.18711627673788622
0.5525453703703703,0.5534157407407407,-0.0008703703703703701,0.5359,0.267930292365666,0.14625006446792047
0.5620638888888888,0.5534157407407407,0.008648148148148151,0.5359,0.26825824510530555,0.148105367570121
0.5604583333333333,0.5534157407407407,0.007042592592592588,0.5556,0.2706094561917115,0.15883723474324019
0.5660675925925926,0.5534157407407407,0.012651851851851855,0.54765,0.26627451537478286,0.1532528546982865
0.5597462962962962,0.5534157407407407,0.006330555555555555,0.5325500000000001,0.26882062199277845,0.15450497101057362
0.5767814814814815,0.5534157407407407,0.023365740740740736,0.5944499999999999,0.267958426175652,0.14879650355280408
0.559674074074074,0.5534157407407407,0.006258333333333331,0.51895,0.26154297635463863,0.14574651283880827
0.5555740740740741,0.5534157407407407,0.002158333333333332,0.5305500000000001,0.2607880549448889,0.14840634928919247
0.5792064814814815,0.5534157407407407,0.02579074074074074,0.55555,0.26594797336516224,0.15881188868668247
0.5758787037037036,0.5534157407407407,0.022462962962962966,0.5556,0.26249457139056964,0.15201055398221505
0.5667796296296296,0.5534157407407407,0.013363888888888887,0.54705,0.2703429206052137,0.1545204758886257
0.558811111111111,0.5534157407407407,0.005395370370370368,0.5460499999999999,0.25732506455328447,0.14640305993958808
0.5549944444444445,0.5534157407407407,0.0015787037037037026,0.53505,0.2735296798580364,0.15836418754683565
0.5631305555555556,0.5534157407407407,0.00971481481481481,0.5398,0.2720353957378854,0.1534865921964441
0.5605240740740741,0.5534157407407407,0.007108333333333334,0.5385,0.26426005842813827,0.1473751041790156
0.5629231481481481,0.5534157407407407,0.009507407407407405,0.5305500000000001,0.2567211664620249,0.15240718622134333
0.560774074074074,0.5534157407407407,0.007358333333333335,0.5546,0.26684164311279196,0.1645589444290063
0.5635555555555555,0.5534157407407407,0.010139814814814815,0.5359,0.27015508849178876,0.15320310014909128
0.565525,0.5534157407407407,0.012109259259259262,0.5556,0.2663264247297774,0.15265972088522428
0.558949074074074,0.5534157407407407,0.005533333333333334,0.5462,0.2670232712373815,0.15381180939797948
0.5670129629629629,0.5534157407407407,0.013597222222222228,0.5359,0.2573344781838742,0.149355762607231
0.5675194444444445,0.5534157407407407,0.0141037037037037,0.53765,0.2677805338169249,0.1565978711770451
0.5608527777777778,0.5534157407407407,0.007437037037037033,0.5460499999999999,0.26640909215853575,0.15766519453801112
0.5688555555555554,0.5534157407407407,0.01543981481481482,0.5528,0.2667744352719011,0.14988309895794258
0.5554972222222221,0.5534157407407407,0.0020814814814814836,0.5305500000000001,0.2656132289163878,0.15724352453757723
0.56585,0.5534157407407407,0.01243425925925926,0.54425,0.2612800987446231,0.14866490020731787
0.5760555555555555,0.5534157407407407,0.022639814814814807,0.5556000000000001,0.26702887215988125,0.16071727130946958
0.5803601851851851,0.5534157407407407,0.02694444444444444,0.58155,0.2669899619870278,0.16444344500271627
0.5691138888888888,0.5534157407407407,0.015698148148148145,0.5469999999999999,0.25642125331393717,0.16295264949624785
0.572562037037037,0.5534157407407407,0.019146296296296297,0.55625,0.2668032547958204,0.16565140316137364
0.5792777777777779,0.5534157407407407,0.025862037037037038,0.5556000000000001,0.2661659079025618,0.15345115251732652
0.571162037037037,0.5534157407407407,0.017746296296296295,0.54705,0.2701925311189175,0.16229553026818969
0.5557722222222222,0.5534157407407407,0.0023564814814814807,0.51895,0.2723695300569188,0.14948376167439312
0.5528203703703704,0.5534157407407407,-0.0005953703703703716,0.51895,0.26533028183694873,0.1466975949730928
0.5548657407407408,0.5534157407407407,0.0014499999999999945,0.5305500000000001,0.2724592875913267,0.15260172369526614
0.5637518518518518,0.5534157407407407,0.01033611111111111,0.5433,0.2705183008929968,0.15530551708510437
0.5681388888888889,0.5534157407407407,0.014723148148148145,0.5556,0.26144736852931494,0.14584927285980845
0.5740259259259259,0.5534157407407407,0.020610185185185183,0.54865,0.26660751662264776,0.1585992563062638
0.5747,0.5534157407407407,0.021284259259259256,0.5608500000000001,0.25919320870588475,0.14517777124591819
0.5786611111111112,0.5534157407407407,0.025245370370370366,0.5608500000000001,0.2719354970361291,0.16068283811393028
0.5717824074074075,0.5534157407407407,0.018366666666666663,0.54865,0.265449029843052,0.15772005306931303
0.562487037037037,0.5534157407407407,0.009071296296296293,0.5460499999999999,0.26732437473174464,0.1526256265463888
0.5608972222222222,0.5534157407407407,0.007481481481481476,0.54425,0.25897286599046365,0.1472858681054605
0.5554268518518518,0.5534157407407407,0.0020111111111111115,0.5282,0.26562515666193737,0.14483785606079164
0.569099074074074,0.5534157407407407,0.015683333333333334,0.5401,0.2618721531178409,0.1498645990131865
0.5532703703703704,0.5534157407407407,-0.00014537037037037185,0.5359,0.2675199317438523,0.14517860761561027
0.5691898148148148,0.5534157407407407,0.015774074074074072,0.55555,0.25487291278398616,0.14508110936137472
0.569987037037037,0.5534157407407407,0.016571296296296292,0.56355,0.2677116694528504,0.14853827855618482
0.558437962962963,0.5534157407407407,0.005022222222222222,0.54705,0.26838700705267055,0.14769879195991228
0.5666898148148147,0.5534157407407407,0.013274074074074074,0.5398,0.2526271124259541,0.14956518871951704
0.5687703703703703,0.5534157407407407,0.015354629629629631,0.54865,0.26503600646205955,0.16863854748542037
0.5691444444444445,0.5534157407407407,0.015728703703703703,0.54735,0.26901161331750806,0.1485604833250772
0.5601453703703704,0.5534157407407407,0.006729629629629634,0.5469999999999999,0.2629968054900903,0.1560409988416112
0.5590546296296296,0.5534157407407407,0.005638888888888886,0.5359,0.26174652730801506,0.1516207842343457
0.5659592592592593,0.5534157407407407,0.012543518518518516,0.5528,0.2646354251252501,0.15423298571586894
0.5618268518518518,0.5534157407407407,0.00841111111111111,0.54705,0.26387681514544803,0.14365797929657903
0.5791842592592593,0.5534157407407407,0.025768518518518517,0.5460499999999999,0.2672890245541514,0.15292764561728653
0.5666629629629629,0.5534157407407407,0.013247222222222223,0.5469999999999999,0.2573104196751111,0.14258767917984388
0.5577324074074074,0.5534157407407407,0.004316666666666665,0.5305500000000001,0.2657319258511859,0.14912639968869412
0.5631638888888888,0.5534157407407407,0.009748148148148148,0.5359,0.26854479166872475,0.15013692845618698
0.5688564814814815,0.5534157407407407,0.015440740740740743,0.5518000000000001,0.25937271391561784,0.15545488514464262
0.5725592592592593,0.5534157407407407,0.019143518518518518,0.5469999999999999,0.2592089645375762,0.1510483900140021
0.5651907407407407,0.5534157407407407,0.011774999999999996,0.5398,0.2662156800879314,0.15272789383761817
0.5563999999999999,0.5534157407407407,0.002984259259259257,0.5141,0.26990775094222763,0.15865939487370156
0.573287037037037,0.5534157407407407,0.01987129629629629,0.5556000000000001,0.2708842857734447,0.16033189703169032
0.5593527777777777,0.5534157407407407,0.005937037037037039,0.53165,0.2607529121738914,0.14965058654977
0.5588388888888889,0.5534157407407407,0.005423148148148147,0.5556000000000001,0.26634230797148306,0.1508878549991954
0.5517685185185185,0.5534157407407407,-0.0016472222222222263,0.5305500000000001,0.2713039584638575,0.14683174454853115
0.5661472222222222,0.5534157407407407,0.012731481481481479,0.56115,0.2665019308580903,0.16891356615568082
0.5610555555555555,0.5534157407407407,0.007639814814814816,0.5305500000000001,0.26976275084701423,0.14925213813012525
0.5619305555555555,0.5534157407407407,0.00851481481481481,0.5305500000000001,0.2734011292384275,0.15222580547737763
0.5608092592592593,0.5534157407407407,0.0073935185185185145,0.5433,0.26467098656335214,0.15968717682888342
0.5740296296296296,0.5534157407407407,0.020613888888888883,0.54865,0.2682133971366827,0.17036199307298747
0.5614796296296296,0.5534157407407407,0.008063888888888888,0.5359,0.2652400287516912,0.16005074338940622
0.5681370370370371,0.5534157407407407,0.014721296296296297,0.56115,0.27225376067966983,0.16275066823063694
0.5623277777777778,0.5534157407407407,0.008912037037037036,0.5556,0.25841065804866953,0.14278600792571763
0.5648083333333334,0.5534157407407407,0.01139259259259259,0.5486,0.27102532768666393,0.14895377925998546
0.5617499999999999,0.5534157407407407,0.008334259259259258,0.50505,0.26823453139328596,0.15412451524177326
0.5697833333333333,0.5534157407407407,0.01636759259259259,0.55555,0.2528608529104089,0.15360798377122972
0.5600296296296297,0.5534157407407407,0.006613888888888886,0.53165,0.2629888300315374,0.14908689836212932
0.5761416666666667,0.5534157407407407,0.022725925925925927,0.5359499999999999,0.26124919143102526,0.15182210468537596
0.5787814814814815,0.5534157407407407,0.025365740740740744,0.5556000000000001,0.27205514770387496,0.16395643834612628
0.5741833333333333,0.5534157407407407,0.020767592592592584,0.5546,0.26522153621270655,0.15892235265559557
0.5588324074074074,0.5534157407407407,0.005416666666666664,0.5359499999999999,0.257701106235301,0.1607515639958218
0.567474074074074,0.5534157407407407,0.014058333333333332,0.54705,0.2697671527535221,0.14810180012725901
0.5755694444444445,0.5534157407407407,0.022153703703703703,0.5556000000000001,0.25168406113166136,0.15200422548598322
0.5671435185185185,0.5534157407407407,0.013727777777777775,0.5359,0.268371130344636,0.14862743789741567
0.5705425925925925,0.5534157407407407,0.01712685185185185,0.5359,0.2668830883398455,0.16840352495172056
0.5742324074074074,0.5534157407407407,0.020816666666666667,0.54585,0.25987910662737,0.15434797771366837
0.5742898148148148,0.5534157407407407,0.020874074074074073,0.5359,0.2640828271866966,0.15414424569358098
0.55635,0.5534157407407407,0.002934259259259261,0.51895,0.25820811156604795,0.15078073339454734
0.5747925925925925,0.5534157407407407,0.02137685185185185,0.5547500000000001,0.25790338975920885,0.15150024866978234
0.5695611111111111,0.5534157407407407,0.01614537037037037,0.5359,0.25674468201804745,0.15041721937633426
0.5473787037037037,0.5534157407407407,-0.006037037037037039,0.51895,0.2792174585666114,0.14799740752502882
0.5605935185185186,0.5534157407407407,0.007177777777777778,0.5385,0.2658530959932319,0.15051958380567718
0.5659296296296297,0.5534157407407407,0.012513888888888887,0.55625,0.2619039405338363,0.15803465339745848
0.5587138888888888,0.5534157407407407,0.00529814814814815,0.5359,0.2649442259974882,0.15218835905565384
0.5594361111111111,0.5534157407407407,0.006020370370370367,0.5305500000000001,0.2612376339543769,0.1481398447409121
0.5682999999999999,0.5534157407407407,0.014884259259259257,0.5333,0.25945661297930256,0.1545412216502956
0.5577888888888889,0.5534157407407407,0.004373148148148148,0.538,0.26135839443698594,0.14264825022036237
0.5614092592592592,0.5534157407407407,0.00799351851851852,0.5359,0.2596048879689866,0.14973829336430228
0.5506407407407407,0.5534157407407407,-0.002775,0.51615,0.2693558578122331,0.1549315441988831
0.5703185185185184,0.5534157407407407,0.01690277777777778,0.5625,0.26211975045595687,0.1525703750339699
0.5522851851851852,0.5534157407407407,-0.0011305555555555554,0.5359,0.271110788753362,0.1472872807689924
0.5623935185185185,0.5534157407407407,0.008977777777777775,0.5359,0.25625511502463594,0.15894415543921897
0.5643268518518517,0.5534157407407407,0.010911111111111114,0.5556000000000001,0.2676294814957752,0.14678077322799504
0.5528842592592592,0.5534157407407407,-0.0005314814814814836,0.53095,0.2703137886408178,0.15253119469404955
0.5806203703703704,0.5534157407407407,0.027204629629629624,0.5608500000000001,0.2650288436989169,0.15470399857349487
0.5578842592592592,0.5534157407407407,0.0044685185185185175,0.5460499999999999,0.26301140416696017,0.1448899373763578
0.5586601851851851,0.5534157407407407,0.005244444444444445,0.5359,0.25969339216213355,0.1583191815285671
0.5565962962962963,0.5534157407407407,0.003180555555555559,0.5333000000000001,0.2530240925050884,0.13989418595223987
0.5682675925925926,0.5534157407407407,0.01485185185185185,0.54425,0.2627087637430873,0.1576655560565847
0.578175,0.5534157407407407,0.02475925925925926,0.5401,0.26923223173090505,0.15930324696284168
0.5705342592592593,0.5534157407407407,0.017118518518518516,0.5556000000000001,0.27708942723332647,0.15041700052315507
0.5617944444444444,0.5534157407407407,0.008378703703703706,0.5359,0.26136855484961163,0.1503172987047489
0.567512037037037,0.5534157407407407,0.014096296296296298,0.54705,0.26261204167591945,0.15110901426374887
0.5683611111111111,0.5534157407407407,0.014945370370370374,0.5359,0.2616484696135071,0.14501124312470337
0.5578120370370371,0.5534157407407407,0.004396296296296294,0.5305500000000001,0.26869982755928806,0.14825595001593136
0.5722583333333333,0.5534157407407407,0.01884259259259259,0.5556000000000001,0.26830986171313825,0.15456819394730448
0.5677787037037036,0.5534157407407407,0.014362962962962963,0.54865,0.26193217608635244,0.15647515558826725
0.5518527777777776,0.5534157407407407,-0.0015629629629629646,0.5518000000000001,0.26573475442974714,0.14745438552887993
0.5671731481481481,0.5534157407407407,0.01375740740740741,0.5359499999999999,0.269603249379487,0.15943743753169637
0.5647666666666668,0.5534157407407407,0.011350925925925928,0.5359,0.2651285542531657,0.16225710156563394
0.5544157407407406,0.5534157407407407,0.0009999999999999994,0.5122,0.25388486284473355,0.14995250649991643
0.5683824074074074,0.5534157407407407,0.014966666666666663,0.5298499999999999,0.2670397043630399,0.15290508570235609
0.575874074074074,0.5534157407407407,0.022458333333333334,0.5572999999999999,0.26561755387971103,0.16490906082177986
0.5644888888888889,0.5534157407407407,0.011073148148148148,0.5359,0.25790770512214384,0.1513262074061874
0.5517527777777778,0.5534157407407407,-0.0016629629629629679,0.5305500000000001,0.26905674781282424,0.1472198550408253
0.5722416666666666,0.5534157407407407,0.018825925925925927,0.54705,0.26239447335935395,0.1455415606059679
0.5575777777777778,0.5534157407407407,0.00416203703703704,0.53505,0.2609217587217571,0.14960231751265582
0.5514453703703703,0.5534157407407407,-0.001970370370370372,0.5305500000000001,0.26789527853013767,0.15333608939236032
0.5558583333333332,0.5534157407407407,0.002442592592592593,0.5359,0.26608607318144534,0.1461393242565129
0.5738351851851852,0.5534157407407407,0.02041944444444444,0.5653000000000001,0.2621827194469553,0.15362355462059818
0.5551833333333333,0.5534157407407407,0.001767592592592589,0.51895,0.26980314578713777,0.14808278111056647
0.5630574074074074,0.5534157407407407,0.009641666666666663,0.5282,0.2634571721046944,0.1629653211920099
0.5765685185185185,0.5534157407407407,0.023152777777777776,0.56945,0.27020372744793264,0.16173198867396685
0.5646888888888889,0.5534157407407407,0.01127314814814815,0.55555,0.2631496338244298,0.16139950700366024
0.5679129629629629,0.5534157407407407,0.01449722222222222,0.5385,0.2603583422370929,0.15751698941647108
0.5746138888888889,0.5534157407407407,0.021198148148148147,0.5546,0.27770820309630434,0.1632788446738705
0.5703712962962963,0.5534157407407407,0.016955555555555554,0.5359,0.25936325050101733,0.15793820413056345
0.5717222222222221,0.5534157407407407,0.018306481481481483,0.54705,0.2775670653432065,0.1604475698409862
0.5656157407407407,0.5534157407407407,0.0122,0.5556,0.26462690617081935,0.15800617342724776
0.5586574074074074,0.5534157407407407,0.005241666666666667,0.5359,0.2643241429787297,0.1563993762237483
0.5482675925925926,0.5534157407407407,-0.005148148148148148,0.50505,0.26060516123331084,0.15913013688119643
0.5764064814814814,0.5534157407407407,0.02299074074074073,0.5556,0.2662187956434697,0.16392880409086477
0.5843564814814814,0.5534157407407407,0.03094074074074074,0.5722500000000001,0.2583674613758178,0.1622713949357663
0.5694944444444444,0.5534157407407407,0.0160787037037037,0.53765,0.2641845088857454,0.15506350104171276
0.5705175925925925,0.5534157407407407,0.01710185185185185,0.5359,0.26911037579496144,0.17450753028846552
0.5638981481481482,0.5534157407407407,0.010482407407407404,0.5398,0.26742601107298397,0.16819169961222608
0.568774074074074,0.5534157407407407,0.01535833333333333,0.5359,0.2724940480771138,0.15583715027727518
0.5595759259259259,0.5534157407407407,0.006160185185185189,0.5305500000000001,0.2623894825188651,0.1447424299118535
0.5503370370370371,0.5534157407407407,-0.003078703703703708,0.5194,0.2711750566068315,0.14788738519937275
0.5602796296296295,0.5534157407407407,0.00686388888888889,0.5401,0.26580554650558474,0.14488532330122222
0.5705888888888888,0.5534157407407407,0.01717314814814815,0.54705,0.27006225600475914,0.1491862930027524
0.5662722222222221,0.5534157407407407,0.012856481481481477,0.5359,0.26890296649425066,0.15773006177487003
0.5602814814814815,0.5534157407407407,0.006865740740740738,0.5359,0.26690345033999124,0.1521786985486784
0.5704092592592592,0.5534157407407407,0.01699351851851852,0.5359,0.26213424560175874,0.15268485855632227
0.5594537037037037,0.5534157407407407,0.006037962962962961,0.5325500000000001,0.26150942565380036,0.14421695864969153
0.5657074074074074,0.5534157407407407,0.012291666666666664,0.5527500000000001,0.2594155767103136,0.16425964636889256
0.5528435185185185,0.5534157407407407,-0.000572222222222223,0.5359,0.277753921975102,0.15397250988609315
0.5581601851851852,0.5534157407407407,0.004744444444444444,0.5401,0.27076091289432314,0.15602201637914945
0.575124074074074,0.5534157407407407,0.02170833333333333,0.5433,0.2608518858105311,0.15274805909102337
0.5661175925925925,0.5534157407407407,0.012701851851851851,0.5305500000000001,0.2670510976443061,0.15252445489931438
0.5657509259259259,0.5534157407407407,0.012335185185185187,0.5556,0.2597186628467626,0.15350086079384495
0.5774185185185184,0.5534157407407407,0.024002777777777776,0.5556,0.26181713142585816,0.15797778351929673
0.5600351851851851,0.5534157407407407,0.0066194444444444426,0.5325500000000001,0.2669063790901799,0.14636227072328872
0.5636564814814814,0.5534157407407407,0.010240740740740743,0.5460499999999999,0.2627533242355844,0.15551920038749495
0.5656759259259259,0.5534157407407407,0.012260185185185186,0.5547500000000001,0.2692864614003593,0.15265166011067427
0.5636240740740741,0.5534157407407407,0.01020833333333333,0.5385,0.2757143194632418,0.15121147358249853
0.5778907407407406,0.5534157407407407,0.024475000000000004,0.5547500000000001,0.25925883740632244,0.1516851930162395
0.5677361111111111,0.5534157407407407,0.014320370370370364,0.54705,0.27605028339810567,0.16915546505174134
0.5534620370370371,0.5534157407407407,4.629629629629428e-05,0.52105,0.27162302137632977,0.15922522954755672
0.576899074074074,0.5534157407407407,0.023483333333333325,0.5483499999999999,0.2655408131664106,0.15786860590051452
0.5605398148148149,0.5534157407407407,0.007124074074074077,0.5305500000000001,0.26961324080044485,0.14441608750728
0.5509898148148148,0.5534157407407407,-0.002425925925925923,0.52105,0.26969630408544454,0.15368525632979027
0.5544305555555555,0.5534157407407407,0.001014814814814814,0.50505,0.26236340725956303,0.1590508299489255
0.5627435185185186,0.5534157407407407,0.009327777777777779,0.5359,0.27344118104321463,0.1525630973087402
0.5731861111111111,0.5534157407407407,0.01977037037037037,0.54705,0.27723835470460184,0.16306191775035117
0.5533027777777777,0.5534157407407407,-0.0001129629629629608,0.52545,0.272927449693046,0.15607116103568477
0.5648444444444445,0.5534157407407407,0.011428703703703698,0.53765,0.26831141076446496,0.1562846702026785
0.559137962962963,0.5534157407407407,0.005722222222222223,0.5359,0.2650049425451944,0.14662800878243404
0.5779018518518518,0.5534157407407407,0.024486111111111118,0.5556000000000001,0.26553792800933707,0.16617371186675806
0.5785175925925926,0.5534157407407407,0.02510185185185185,0.54905,0.2572517421641429,0.16345326290844459
0.5703851851851852,0.5534157407407407,0.01696944444444445,0.5359,0.2618489925866757,0.15542878133401866
0.5726324074074073,0.5534157407407407,0.019216666666666667,0.5556,0.2631999814748395,0.1445253471931772
0.5579472222222223,0.5534157407407407,0.004531481481481481,0.5359499999999999,0.2608207439209956,0.14713738868549545
0.5571694444444444,0.5534157407407407,0.0037537037037037035,0.5359,0.26490355482080236,0.15243626118634676
0.5458972222222221,0.5534157407407407,-0.007518518518518521,0.51895,0.2762571186407483,0.15164204478744478
0.5628620370370371,0.5534157407407407,0.009446296296296296,0.5433,0.26546018963991974,0.14268178857125635
0.5663398148148149,0.5534157407407407,0.012924074074074076,0.53165,0.2722230575701893,0.15497983219433784
0.5520074074074074,0.5534157407407407,-0.0014083333333333354,0.51895,0.2611485800826743,0.13985639037922626
0.5727342592592592,0.5534157407407407,0.019318518518518516,0.5333000000000001,0.26238433576807807,0.15993497519108663
0.5692851851851851,0.5534157407407407,0.015869444444444443,0.5460499999999999,0.2733690230606319,0.1600374444843195
0.5849805555555556,0.5534157407407407,0.031564814814814816,0.5732,0.26062292755251526,0.15684383644506567
0.5645666666666666,0.5534157407407407,0.011150925925925925,0.53335,0.2635093851739751,0.1552949280306084
0.5621851851851852,0.5534157407407407,0.00876944444444444,0.5354,0.27479467944855923,0.16485241513929533
0.5486675925925926,0.5534157407407407,-0.004748148148148146,0.50505,0.25870513393267286,0.1529993796832343
0.5642999999999999,0.5534157407407407,0.010884259259259258,0.5325500000000001,0.26116739001543937,0.15141418973371418
0.5670583333333333,0.5534157407407407,0.013642592592592592,0.5460499999999999,0.2587994211685881,0.16224505591516983
0.5601148148148147,0.5534157407407407,0.0066990740740740734,0.5433,0.26723051123255037,0.1517140408335713
0.5518268518518519,0.5534157407407407,-0.0015888888888888927,0.5215,0.2719475982393067,0.15471248844549326
0.5549675925925927,0.5534157407407407,0.0015518518518518516,0.5333000000000001,0.26262223494163434,0.15084669786979377
0.5510212962962963,0.5534157407407407,-0.002394444444444444,0.5359,0.26559881666036844,0.14748750356272597
0.5639564814814816,0.5534157407407407,0.010540740740740736,0.51895,0.2619585945997966,0.1593229436733912
0.5520083333333334,0.5534157407407407,-0.0014074074074074108,0.51895,0.26567751695244873,0.1513971219764377
0.5819388888888889,0.5534157407407407,0.02852314814814814,0.5547500000000001,0.2631160430653746,0.16136695026158704
0.5718722222222221,0.5534157407407407,0.018456481481481487,0.5556,0.2620734023000931,0.1515563522308551
0.5534296296296296,0.5534157407407407,1.3888888888889415e-05,0.51895,0.2723595250575628,0.1513435532611388
0.5540101851851852,0.5534157407407407,0.0005944444444444442,0.5305500000000001,0.2567790140272861,0.14772928628041943
0.5643629629629628,0.5534157407407407,0.010947222222222223,0.5305500000000001,0.2573057164144435,0.14632642644554672
0.5717537037037038,0.5534157407407407,0.018337962962962955,0.557,0.26953785731917224,0.1671998880503094
0.552725,0.5534157407407407,-0.0006907407407407433,0.5,0.26406713360697104,0.14944942228060612
0.5701796296296295,0.5534157407407407,0.016763888888888887,0.5483,0.26288722849973667,0.14005542124548132
0.5712601851851852,0.5534157407407407,0.01784444444444444,0.5528,0.25651605547747375,0.1454588494548723
0.5575259259259259,0.5534157407407407,0.004110185185185184,0.51895,0.27280955850082494,0.15985907926169005
0.5568675925925926,0.5534157407407407,0.003451851851851851,0.50505,0.26845613186205514,0.15733831783205526
0.5694305555555554,0.5534157407407407,0.01601481481481481,0.54705,0.2653630662094853,0.15856018569852406
0.5624064814814814,0.5534157407407407,0.00899074074074074,0.5536,0.25673617473106847,0.14415519514501252
0.5785601851851851,0.5534157407407407,0.02514444444444444,0.5729,0.2664771673828998,0.17709854394633734
0.5836555555555555,0.5534157407407407,0.030239814814814813,0.5653000000000001,0.2648727983667665,0.16605687233163074
0.5645157407407407,0.5534157407407407,0.011099999999999999,0.54425,0.26773919907603383,0.15306201296560853
0.5707101851851852,0.5534157407407407,0.01729444444444445,0.57365,0.2679526140070972,0.1532282908856124
0.5511046296296297,0.5534157407407407,-0.0023111111111111136,0.51895,0.26981720547602145,0.15746884595208943
0.5740407407407407,0.5534157407407407,0.020624999999999998,0.5460499999999999,0.2654394758396452,0.15259458664655104
0.5667453703703704,0.5534157407407407,0.013329629629629625,0.5359,0.25423940236848414,0.1476557649002326
0.559962037037037,0.5534157407407407,0.006546296296296294,0.5298,0.26462462418096033,0.15696735979887394
0.5678833333333333,0.5534157407407407,0.014467592592592593,0.5556000000000001,0.26145941179978893,0.1420668092333287
0.5804009259259258,0.5534157407407407,0.02698518518518518,0.57365,0.2605144380433476,0.15381986297536407
0.5682398148148148,0.5534157407407407,0.01482407407407407,0.5556000000000001,0.2650764689316534,0.1504620123886154
0.5690935185185185,0.5534157407407407,0.015677777777777773,0.54425,0.25679938869157015,0.14422342372220875
0.5533851851851852,0.5534157407407407,-3.055555555555476e-05,0.5359,0.2616921515987375,0.15389382579681377
0.5631759259259259,0.5534157407407407,0.009760185185185184,0.5359,0.27601563035463994,0.1533128204793385
0.5670148148148147,0.5534157407407407,0.013599074074074072,0.53335,0.2766746106029641,0.1660628658661996
0.5599435185185185,0.5534157407407407,0.006527777777777777,0.5359,0.2636994640509824,0.15404386305383375
0.5743324074074073,0.5534157407407407,0.020916666666666667,0.5359499999999999,0.2527019225297366,0.14991175316938213
0.5758416666666667,0.5534157407407407,0.022425925925925922,0.5556,0.2633474085565642,0.17716389548556621
0.5680222222222221,0.5534157407407407,0.014606481481481484,0.57365,0.2605252599851744,0.1494523324582924
0.5714083333333333,0.5534157407407407,0.01799259259259259,0.54705,0.2575905797041818,0.14842573000593626
0.5604296296296296,0.5534157407407407,0.007013888888888886,0.5305500000000001,0.2696691338116075,0.14643459862496574
0.5517648148148149,0.5534157407407407,-0.001650925925925928,0.5326,0.2604576060414155,0.14160066957928863
0.5755101851851852,0.5534157407407407,0.02209444444444444,0.5547500000000001,0.2671091631439839,0.1646924723116909
0.5581203703703704,0.5534157407407407,0.004704629629629627,0.5385,0.2573977727427835,0.14500934509638372
0.5710009259259259,0.5534157407407407,0.01758518518518518,0.5469999999999999,0.2648734360065924,0.1485067623714787
0.5749129629629629,0.5534157407407407,0.02149722222222222,0.54865,0.26138774295448464,0.15915932854021064
0.5540074074074074,0.5534157407407407,0.0005916666666666632,0.53335,0.2652982429297768,0.14454987570185093
0.5599694444444444,0.5534157407407407,0.006553703703703705,0.5359,0.26834167662286934,0.16007562081303242
0.570962962962963,0.5534157407407407,0.01754722222222222,0.5556000000000001,0.27439282114822333,0.1588717583451775
0.5816925925925926,0.5534157407407407,0.028276851851851848,0.59285,0.27205060404191495,0.15826212174358587
0.5613657407407407,0.5534157407407407,0.007949999999999997,0.5433,0.2693323448695015,0.1576791208124491
0.5665361111111111,0.5534157407407407,0.013120370370370369,0.54585,0.2640390524281685,0.15693675180515002
0.5637675925925925,0.5534157407407407,0.01035185185185185,0.53165,0.26492363697096927,0.14982026894647069
0.5672111111111111,0.5534157407407407,0.013795370370370366,0.5433,0.2654878054236398,0.16416990878455415
0.5464027777777777,0.5534157407407407,-0.007012962962962963,0.5305500000000001,0.25874670740000283,0.14281317322716966
0.5598518518518518,0.5534157407407407,0.006436111111111114,0.52105,0.2787898027344044,0.159802105104877
0.5625092592592592,0.5534157407407407,0.009093518518518515,0.5556000000000001,0.2582124802564621,0.16201600490521992
0.5582314814814815,0.5534157407407407,0.004815740740740739,0.5333,0.26752435111388684,0.155959580890078
0.5677888888888889,0.5534157407407407,0.01437314814814815,0.5359,0.27601634494922167,0.16610906596451624
0.557711111111111,0.5534157407407407,0.004295370370370374,0.5556000000000001,0.2649895305049967,0.1505834735345506
0.5541805555555555,0.5534157407407407,0.0007648148148148139,0.5305500000000001,0.26713103909558433,0.15564522161671046
0.5524898148148149,0.5534157407407407,-0.0009259259259259288,0.5,0.25895446752360285,0.14604853780962995
0.578675925925926,0.5534157407407407,0.02526018518518518,0.5556000000000001,0.26460846330810134,0.1656118211839156
0.5732138888888889,0.5534157407407407,0.01979814814814815,0.5460499999999999,0.2751777252240841,0.15555429738773188
0.567775925925926,0.5534157407407407,0.014360185185185184,0.5282,0.26529194670233763,0.1542185740657761
0.5574342592592593,0.5534157407407407,0.004018518518518517,0.5305500000000001,0.2555037403614642,0.1475594460586959
0.5557462962962963,0.5534157407407407,0.0023305555555555527,0.5359,0.2649735625768334,0.1506048580333313
0.5642731481481481,0.5534157407407407,0.010857407407407413,0.5354,0.26866914705758593,0.159977504962886
0.5614990740740741,0.5534157407407407,0.00808333333333333,0.52655,0.2634981992863936,0.15261535027705084
0.5413509259259259,0.5534157407407407,-0.012064814814814818,0.5,0.26140315856459323,0.14816906630054938
0.560337037037037,0.5534157407407407,0.006921296296296294,0.53505,0.25773075445706506,0.15172422354231663
0.5569675925925925,0.5534157407407407,0.003551851851851848,0.5359,0.2586094200092385,0.1509461403489941
0.5538074074074074,0.5534157407407407,0.0003916666666666616,0.5194,0.2654698073909843,0.15621844107459176
0.5745990740740741,0.5534157407407407,0.021183333333333332,0.5448999999999999,0.2598382733872969,0.15152433720810374
0.5625787037037037,0.5534157407407407,0.009162962962962961,0.5305500000000001,0.2651572342743519,0.1473253952086394
0.5520231481481481,0.5534157407407407,-0.0013925925925925924,0.5359,0.26810188034439847,0.14142308216453417
0.5547898148148148,0.5534157407407407,0.001374074074074078,0.5359,0.27443181709076864,0.14663566291772806
0.5684583333333333,0.5534157407407407,0.015042592592592588,0.5556,0.2657764003380201,0.15077369016360942
0.5750027777777778,0.5534157407407407,0.021587037037037043,0.54705,0.2758076942324476,0.16198866701595543
0.5634916666666666,0.5534157407407407,0.010075925925925922,0.5298499999999999,0.26536639284821095,0.14853886735786387
0.5684879629629629,0.5534157407407407,0.015072222222222216,0.5546,0.2616930811700231,0.1398400660790636
0.5708953703703704,0.5534157407407407,0.01747962962962963,0.5556000000000001,0.26787148522227716,0.15369186721638747
0.5747231481481481,0.5534157407407407,0.021307407407407403,0.5359499999999999,0.27182666020365476,0.16145217613356092
0.5663444444444444,0.5534157407407407,0.012928703703703704,0.5305500000000001,0.2707857118545,0.16011087282974854
0.5755064814814814,0.5534157407407407,0.022090740740740748,0.54425,0.2703967103824216,0.17627402867266892
0.5639685185185185,0.5534157407407407,0.010552777777777774,0.5359499999999999,0.26915062546197016,0.15108238481556224
0.5362388888888889,0.5534157407407407,-0.017176851851851853,0.5,0.2806129052372142,0.1562990164500966
0.577437037037037,0.5534157407407407,0.024021296296296294,0.5710999999999999,0.2570699434233795,0.1565562716014378
0.5672416666666668,0.5534157407407407,0.013825925925925924,0.5556000000000001,0.26811316348620307,0.1500009572370518
0.5621462962962963,0.5534157407407407,0.008730555555555552,0.5305500000000001,0.2752026768595109,0.16169540850747358
0.5686361111111111,0.5534157407407407,0.015220370370370368,0.5398,0.2711366436410286,0.1617394222280557
0.5583472222222222,0.5534157407407407,0.004931481481481478,0.51945,0.2535316966518488,0.1477794666905886
0.5680175925925925,0.5534157407407407,0.014601851851851852,0.5359499999999999,0.2767366843975451,0.16815677819408098
0.5756342592592593,0.5534157407407407,0.02221851851851852,0.5556000000000001,0.2639650196883525,0.16422644848754245
0.5730305555555556,0.5534157407407407,0.01961481481481481,0.5556000000000001,0.2636572160254775,0.15510481943548665
0.5751268518518518,0.5534157407407407,0.021711111111111108,0.54705,0.2568524073836599,0.16177250516324237
0.5729462962962963,0.5534157407407407,0.019530555555555558,0.55555,0.2658205347882784,0.14514448647753958
0.5722462962962962,0.5534157407407407,0.018830555555555555,0.54905,0.25692882953086116,0.14495751969310292
0.573211111111111,0.5534157407407407,0.019795370370370373,0.5556000000000001,0.2682114793076515,0.1637517281833664
0.5643842592592592,0.5534157407407407,0.01096851851851852,0.5401,0.2703122207111645,0.15691062081607957
0.5556055555555556,0.5534157407407407,0.002189814814814812,0.5469999999999999,0.2678037319518756,0.1459770984085465
0.5617648148148148,0.5534157407407407,0.008349074074074075,0.5385,0.26576383526283304,0.14909941141773816
0.5548203703703704,0.5534157407407407,0.0014046296296296333,0.53765,0.26558941988528406,0.15389971026446966
0.5535444444444445,0.5534157407407407,0.00012870370370370496,0.5359,0.26737222132301347,0.14368183897292086
0.5502277777777779,0.5534157407407407,-0.0031879629629629628,0.52085,0.263042072550123,0.14739725502306703
0.5537296296296297,0.5534157407407407,0.00031388888888888824,0.52655,0.27448287564149115,0.15358821962365835
0.5633444444444444,0.5534157407407407,0.009928703703703702,0.5385,0.27481892197479674,0.15894136816509338
0.5665324074074074,0.5534157407407407,0.013116666666666665,0.5547,0.26180116012847904,0.14240438503959305
0.5734555555555555,0.5534157407407407,0.020039814814814812,0.5635000000000001,0.2763320274743767,0.16341489764950182
0.5678824074074075,0.5534157407407407,0.014466666666666668,0.557,0.2627153645520572,0.15646456348377488
0.552725,0.5534157407407407,-0.0006907407407407392,0.525,0.2632842435858264,0.14788752390431378
0.570823148148148,0.5534157407407407,0.01740740740740741,0.53095,0.26389598475074727,0.16122887180494697
0.5630120370370371,0.5534157407407407,0.009596296296296295,0.54705,0.2508748869838832,0.15222441434475276
0.5607935185185186,0.5534157407407407,0.0073777777777777765,0.5469999999999999,0.26146512187593546,0.1330922877992977
0.5680916666666667,0.5534157407407407,0.014675925925925926,0.5359,0.26480282635537405,0.15895287838181357
0.5721546296296297,0.5534157407407407,0.018738888888888885,0.5475,0.2694668548564307,0.15184706142136997
0.5765212962962961,0.5534157407407407,0.023105555555555556,0.5556000000000001,0.26005393367671603,0.15384097981893866
0.5486796296296296,0.5534157407407407,-0.0047361111111111145,0.5198,0.27288859174836094,0.15130357641246456
0.5729407407407408,0.5534157407407407,0.019524999999999994,0.5556000000000001,0.2679232631933887,0.15416363264674687
0.5637435185185186,0.5534157407407407,0.010327777777777773,0.54705,0.26222829864795943,0.1477077373389151
0.5666462962962963,0.5534157407407407,0.013230555555555553,0.5126499999999999,0.2629369806256756,0.15850564862621597
0.5649731481481483,0.5534157407407407,0.011557407407407403,0.5359,0.27022736484577553,0.14942016603987515
0.5604138888888889,0.5534157407407407,0.006998148148148142,0.5385,0.2686735612515238,0.14592462910597434
0.5693046296296297,0.5534157407407407,0.015888888888888886,0.5359,0.25077854488870666,0.15892017824354307
0.5615759259259259,0.5534157407407407,0.008160185185185185,0.5305500000000001,0.27667088983877824,0.1541475461045645
0.5670601851851851,0.5534157407407407,0.013644444444444438,0.5359499999999999,0.26528152104756786,0.157626945330045
0.5578129629629629,0.5534157407407407,0.0043972222222222225,0.55195,0.273847957028547,0.15371510330109414
0.5649777777777778,0.5534157407407407,0.011562037037037036,0.5289,0.2639553620338436,0.15110281436148446
0.5679064814814815,0.5534157407407407,0.014490740740740745,0.54705,0.2639186596843057,0.15842626194609444
0.5610185185185185,0.5534157407407407,0.007602777777777775,0.5433,0.27160059844267687,0.15017826943014848
0.5716009259259258,0.5534157407407407,0.01818518518518518,0.5460499999999999,0.2733488382677201,0.16001957754921992
0.5659611111111111,0.5534157407407407,0.012545370370370368,0.5401,0.25863776235959834,0.14446589765700016
0.5730888888888889,0.5534157407407407,0.019673148148148148,0.54705,0.25972800846281924,0.14886191532083412
0.5685944444444444,0.5534157407407407,0.0151787037037037,0.5546,0.2626337472650691,0.16351639378837904
0.576175,0.5534157407407407,0.02275925925925926,0.5556,0.2705680932916456,0.15441332628379462
0.5604166666666667,0.5534157407407407,0.007000925925925923,0.5556000000000001,0.2713574200924904,0.15597263269133904
0.5618287037037037,0.5534157407407407,0.008412962962962962,0.5359,0.2656187271895902,0.15470036404006765
0.5772055555555555,0.5534157407407407,0.023789814814814816,0.5359,0.26806504261401015,0.15766988401466853
0.5736277777777777,0.5534157407407407,0.020212037037037032,0.5714,0.27381364862704494,0.162140596493678
0.5634361111111111,0.5534157407407407,0.010020370370370369,0.5556000000000001,0.2566967433170803,0.1543013478110614
0.5591064814814813,0.5534157407407407,0.005690740740740741,0.5305500000000001,0.2688756170318039,0.15346372370336944
0.5630407407407406,0.5534157407407407,0.009624999999999998,0.54705,0.2635971214501959,0.14908620608827092
0.5615472222222222,0.5534157407407407,0.00813148148148148,0.5635000000000001,0.2695785629106975,0.14888032052885752
0.5625796296296296,0.5534157407407407,0.009163888888888885,0.5556000000000001,0.26571246554786454,0.1654461566186274
0.5655055555555555,0.5534157407407407,0.01208981481481481,0.53095,0.26197671075535156,0.1457408023995941
0.5436601851851851,0.5534157407407407,-0.009755555555555559,0.50505,0.27468303600536426,0.15038764013473963
0.5473,0.5534157407407407,-0.006115740740740742,0.53335,0.26860523477686116,0.14099379462850567
0.562949074074074,0.5534157407407407,0.009533333333333336,0.54865,0.2608621781332876,0.1602959634172067
0.5574777777777777,0.5534157407407407,0.004062037037037041,0.5305500000000001,0.2598714223170213,0.15032656397012484
0.5576,0.5534157407407407,0.0041842592592592565,0.525,0.26079858450966137,0.15925601041316212
0.5571277777777778,0.5534157407407407,0.0037120370370370332,0.5359,0.2732800671637693,0.14253542843247263
0.5697351851851852,0.5534157407407407,0.016319444444444442,0.5556,0.26565788037368343,0.15128576256485163
0.5624314814814815,0.5534157407407407,0.009015740740740739,0.5556,0.2539080478375256,0.14397590216462988
0.5671166666666667,0.5534157407407407,0.013700925925925924,0.5508500000000001,0.2687268684242127,0.15117444432164148
0.5596749999999999,0.5534157407407407,0.0062592592592592596,0.5305500000000001,0.25727401811530887,0.1514236509366934
0.5471787037037037,0.5534157407407407,-0.006237037037037035,0.50505,0.2638055787393528,0.1428056771251626
0.5752388888888889,0.5534157407407407,0.021823148148148144,0.5546,0.2737671989504656,0.15838076301959603
0.5653111111111112,0.5534157407407407,0.01189537037037037,0.53165,0.26217514597136976,0.14652675133527968
0.5781657407407407,0.5534157407407407,0.024749999999999998,0.55185,0.27702161262627684,0.16287018596611078
0.5606629629629629,0.5534157407407407,0.007247222222222221,0.5305500000000001,0.2613857816326989,0.14054731032933349
0.5609962962962962,0.5534157407407407,0.007580555555555556,0.5089,0.2671839136708498,0.1601723350273064
0.5625583333333333,0.5534157407407407,0.009142592592592593,0.5359,0.26718990310719065,0.1651986022002504
0.5657055555555556,0.5534157407407407,0.012289814814814821,0.538,0.2660329411242899,0.1551598385625904
0.5641907407407407,0.5534157407407407,0.010775,0.54705,0.2725405481405557,0.16526758541746664
0.5714009259259258,0.5534157407407407,0.017985185185185184,0.55555,0.27231282330704226,0.15707598126581798
0.5594972222222222,0.5534157407407407,0.006081481481481486,0.53165,0.26087261347159757,0.14999194878588798
0.5747564814814814,0.5534157407407407,0.02134074074074074,0.5527500000000001,0.26198248649218103,0.15660628115322336
0.5703805555555556,0.5534157407407407,0.016964814814814815,0.5359,0.2664441220577548,0.1532920603285717
0.5653111111111111,0.5534157407407407,0.011895370370370374,0.53765,0.26768583075601693,0.14932662399107477
0.5692842592592592,0.5534157407407407,0.015868518518518514,0.5401,0.263118751898037,0.16943904351401295
0.5574175925925925,0.5534157407407407,0.004001851851851849,0.5359,0.2782357757080671,0.16821848886652915
0.5708129629629629,0.5534157407407407,0.01739722222222222,0.5528,0.25879860393843823,0.17667827747216008
0.5670444444444445,0.5534157407407407,0.013628703703703702,0.5359,0.251990240996814,0.1521744037885392
0.5676555555555556,0.5534157407407407,0.014239814814814815,0.5460499999999999,0.26684342159980323,0.15051065472255484
0.5665925925925926,0.5534157407407407,0.013176851851851855,0.5546,0.2571087699219646,0.14852203814348763
0.5674055555555556,0.5534157407407407,0.013989814814814814,0.5556000000000001,0.2620002667592754,0.1471770362140454
0.5735935185185185,0.5534157407407407,0.020177777777777777,0.5556000000000001,0.2662444833435405,0.15473564271920628
0.571962037037037,0.5534157407407407,0.018546296296296293,0.55,0.26400931437745656,0.15874076405596094
0.5682342592592592,0.5534157407407407,0.014818518518518519,0.5305500000000001,0.2671679380709651,0.15341562760698918
0.5542111111111111,0.5534157407407407,0.0007953703703703686,0.5401,0.2685556815280527,0.15063157652871156
0.5734435185185185,0.5534157407407407,0.020027777777777776,0.5333000000000001,0.2642127329924786,0.1621344670001049
0.562274074074074,0.5534157407407407,0.008858333333333333,0.5556000000000001,0.27062299063435524,0.1485717140944802
0.5512527777777778,0.5534157407407407,-0.002162962962962964,0.5305500000000001,0.2673035910819305,0.14573113099359214
0.5670453703703704,0.5534157407407407,0.013629629629629625,0.5359,0.2615023862524956,0.15241009316005882
0.5618685185185185,0.5534157407407407,0.008452777777777776,0.5305500000000001,0.26609627119091683,0.1527156599565027
0.5556277777777778,0.5534157407407407,0.0022120370370370367,0.54425,0.27388132904371904,0.15499942340416878
0.5531185185185186,0.5534157407407407,-0.0002972222222222265,0.50505,0.2677697536359749,0.14747719827452457
0.5764888888888888,0.5534157407407407,0.023073148148148145,0.5359,0.26374391726460916,0.14970654634952701
0.5550490740740741,0.5534157407407407,0.0016333333333333328,0.5483499999999999,0.25871899145828225,0.15112149101543756
0.5783296296296296,0.5534157407407407,0.024913888888888885,0.55555,0.2679182541178954,0.17079459021961615
0.5672675925925925,0.5534157407407407,0.013851851851851848,0.5625,0.270563801043805,0.14659002687033998
0.5559685185185186,0.5534157407407407,0.002552777777777776,0.54705,0.2796571080181485,0.15782545455141694
0.5485425925925925,0.5534157407407407,-0.004873148148148153,0.5305500000000001,0.2688663609269026,0.1535423194161101
0.5725675925925926,0.5534157407407407,0.019151851851851857,0.5556000000000001,0.2726234525565801,0.15056877987542472
0.5497703703703704,0.5534157407407407,-0.003645370370370374,0.50505,0.2568146527027852,0.14539291102559665
0.5766629629629629,0.5534157407407407,0.02324722222222222,0.5556000000000001,0.2673270144114311,0.15615443497482
0.5664481481481481,0.5534157407407407,0.013032407407407406,0.53095,0.26512624306713534,0.15187482968950333
0.5647092592592592,0.5534157407407407,0.011293518518518515,0.5359,0.26956589419905114,0.15335651412603085
0.5462296296296296,0.5534157407407407,-0.00718611111111111,0.5282,0.2660664407428738,0.14915512620910765
0.5612527777777777,0.5534157407407407,0.007837037037037038,0.5359,0.26345918992999084,0.15074414270333394
0.5742379629629629,0.5534157407407407,0.020822222222222218,0.5556000000000001,0.27295894618486816,0.14918972073365397
0.5632768518518518,0.5534157407407407,0.00986111111111111,0.54705,0.2718530542480905,0.16334911345349754
0.5660981481481482,0.5534157407407407,0.012682407407407411,0.525,0.2565885484079691,0.157175971284705
0.5640009259259258,0.5534157407407407,0.010585185185185184,0.53335,0.2656745649946866,0.1556454681032727
0.565362037037037,0.5534157407407407,0.011946296296296295,0.5469999999999999,0.2669236884602643,0.14521364050261784
0.5605574074074074,0.5534157407407407,0.007141666666666667,0.5359,0.25144450130065904,0.1468189533748741
0.5612425925925926,0.5534157407407407,0.007826851851851849,0.5556000000000001,0.26544765195029685,0.14953549299334554
0.5758416666666667,0.5534157407407407,0.022425925925925922,0.5556,0.25906624387394295,0.14499953810456265
0.5519574074074074,0.5534157407407407,-0.0014583333333333373,0.5305500000000001,0.2701817945275925,0.14236405098907057
0.5749398148148148,0.5534157407407407,0.02152407407407407,0.54705,0.2702260113035237,0.15586206031272987
0.5781046296296295,0.5534157407407407,0.024688888888888885,0.5398,0.26092100404566515,0.16008572314199065
0.5539398148148147,0.5534157407407407,0.0005240740740740719,0.5359,0.2733692049806289,0.14226372106377067
0.5751648148148149,0.5534157407407407,0.021749074074074073,0.5483499999999999,0.27598271831132365,0.16803144092496966
0.5532259259259259,0.5534157407407407,-0.00018981481481481602,0.5359,0.2684892731355468,0.1535561305269031
0.5553212962962962,0.5534157407407407,0.0019055555555555533,0.52545,0.2691905068561696,0.14572162030067107
0.5670731481481481,0.5534157407407407,0.013657407407407405,0.5653000000000001,0.266751813176569,0.14613182066216132
0.5762324074074073,0.5534157407407407,0.022816666666666666,0.5556000000000001,0.26704655928844145,0.15933643915037607
0.5710768518518519,0.5534157407407407,0.01766111111111111,0.5398,0.266392802731241,0.16097956034028674
0.5737564814814815,0.5534157407407407,0.020340740740740743,0.5359,0.2615262661789883,0.15763586279957892
0.5514194444444445,0.5534157407407407,-0.0019962962962963007,0.5305500000000001,0.2753092675446109,0.15761996465290307
0.5693805555555556,0.5534157407407407,0.015964814814814814,0.5359,0.26364444779290336,0.1605771548996504
0.5667666666666666,0.5534157407407407,0.013350925925925926,0.54425,0.25783629704672373,0.14566687927858143
0.5722666666666666,0.5534157407407407,0.018850925925925924,0.55555,0.2563866257610932,0.15420225551726305
0.5585425925925925,0.5534157407407407,0.0051268518518518495,0.54705,0.2734286827018277,0.16032419527319178
0.5515703703703703,0.5534157407407407,-0.0018453703703703707,0.5359,0.2768380096732772,0.14956458635781703
0.555949074074074,0.5534157407407407,0.0025333333333333328,0.54425,0.26299312044425005,0.1519325422125805
0.5727925925925926,0.5534157407407407,0.019376851851851846,0.5433,0.25633117477117523,0.15131544423740392
0.5675111111111111,0.5534157407407407,0.014095370370370371,0.5359,0.2657781223928695,0.1548866419273305
0.5689925925925925,0.5534157407407407,0.015576851851851854,0.54865,0.269852982716638,0.16265589594967897
0.5710018518518518,0.5534157407407407,0.01758611111111111,0.5556,0.2647584037060716,0.15298057139995488
0.5588259259259258,0.5534157407407407,0.005410185185185184,0.51895,0.26740946458843057,0.1600026272797231
0.5694935185185185,0.5534157407407407,0.016077777777777785,0.5556000000000001,0.26056880529726956,0.15336222123921783
0.5692305555555555,0.5534157407407407,0.01581481481481481,0.5385,0.26618793110340117,0.16561130081018066
0.5560833333333334,0.5534157407407407,0.0026675925925925916,0.5359,0.2570990941361083,0.14931016255057522
0.5552583333333333,0.5534157407407407,0.0018425925925925901,0.5401,0.2623078052522678,0.15413157639437083
0.5742018518518519,0.5534157407407407,0.02078611111111111,0.54705,0.2581296837665099,0.15960531603959716
0.562537962962963,0.5534157407407407,0.009122222222222217,0.54425,0.26795083895510813,0.1510047900046928
0.5539768518518519,0.5534157407407407,0.000561111111111113,0.5401,0.2711885634310395,0.15720236308497895
0.565912037037037,0.5534157407407407,0.012496296296296302,0.5333000000000001,0.26567848558779256,0.16381283936643845
0.5741953703703703,0.5534157407407407,0.020779629629629624,0.55455,0.2595447838778104,0.1470878475886868
0.5633351851851851,0.5534157407407407,0.009919444444444444,0.5359499999999999,0.2608115215600531,0.1609968424014579
0.5567472222222222,0.5534157407407407,0.0033314814814814774,0.5305500000000001,0.2619016878608486,0.16741761519672455
0.5561407407407407,0.5534157407407407,0.002725,0.5518000000000001,0.2686017752208325,0.14972421071991304
0.574413888888889,0.5534157407407407,0.02099814814814814,0.5556000000000001,0.27288717892586745,0.15766166364546103
0.5546490740740742,0.5534157407407407,0.0012333333333333343,0.5305500000000001,0.2745533087488276,0.14888730794560606
0.5681592592592591,0.5534157407407407,0.014743518518518513,0.5398,0.2639045696384996,0.14836693290631744
0.5550925925925926,0.5534157407407407,0.001676851851851848,0.51915,0.2689014177500409,0.14991228501184675
0.5613185185185185,0.5534157407407407,0.007902777777777772,0.538,0.27077524498875316,0.14665413279246184
0.5585851851851852,0.5534157407407407,0.005169444444444438,0.52655,0.26573640717114216,0.14965847004350685
0.5612944444444443,0.5534157407407407,0.007878703703703702,0.5556000000000001,0.24825483433880127,0.14199003654062697
0.5636935185185186,0.5534157407407407,0.010277777777777782,0.5462,0.2559241722077354,0.14725247143148099
0.5693212962962964,0.5534157407407407,0.01590555555555555,0.53165,0.2688015291355197,0.15235596098397997
0.5455212962962962,0.5534157407407407,-0.007894444444444442,0.52105,0.27749920031910574,0.15983669343107104
0.5615731481481481,0.5534157407407407,0.008157407407407407,0.5460499999999999,0.26244552709619623,0.1468432136118992
0.5728222222222222,0.5534157407407407,0.01940648148148148,0.5608500000000001,0.2610717004437395,0.1592781997351452
0.5621055555555555,0.5534157407407407,0.008689814814814812,0.5385,0.2691089300460495,0.1480458737567987
0.576510185185185,0.5534157407407407,0.02309444444444445,0.5556,0.27370418131123814,0.17136340781783257
0.5547407407407408,0.5534157407407407,0.001325,0.52105,0.258756089832905,0.16144122168996264
0.5649203703703704,0.5534157407407407,0.011504629629629635,0.53335,0.26905689172187935,0.15936586565900718
0.5727833333333333,0.5534157407407407,0.019367592592592582,0.5556000000000001,0.2636509245195245,0.16237014586138493
0.5645101851851853,0.5534157407407407,0.011094444444444443,0.5359499999999999,0.2718193682589838,0.15019183423758792
0.5546722222222222,0.5534157407407407,0.0012564814814814839,0.5354,0.2698703928570342,0.14861876793291232
0.5663990740740741,0.5534157407407407,0.012983333333333338,0.5528,0.269549966410048,0.1597872098445509
0.5735203703703703,0.5534157407407407,0.02010462962962963,0.5359,0.26164823241347374,0.15357839630020204
0.5641194444444445,0.5534157407407407,0.010703703703703701,0.54705,0.2577754367402068,0.14508611295734083
0.5625592592592592,0.5534157407407407,0.00914351851851852,0.5326,0.2653787299074601,0.1494426538175353
0.5537435185185186,0.5534157407407407,0.00032777777777777764,0.5282,0.27008092496946934,0.15304541432970814
0.566487962962963,0.5534157407407407,0.013072222222222218,0.54705,0.264963082499054,0.1485682654592078
0.574962037037037,0.5534157407407407,0.021546296296296296,0.54705,0.2675012822810013,0.16745934667820933
0.5583296296296296,0.5534157407407407,0.004913888888888888,0.5469999999999999,0.2717489919537861,0.15136291935840104
0.5500444444444444,0.5534157407407407,-0.0033712962962962993,0.5166,0.26698430607148715,0.15546450930800468
0.5636481481481481,0.5534157407407407,0.010232407407407405,0.53165,0.26028534072181136,0.1497193741505066
0.555612962962963,0.5534157407407407,0.0021972222222222198,0.5359,0.26633767025478444,0.1479363682724177
0.5728157407407408,0.5534157407407407,0.0194,0.557,0.2668953826201048,0.16153282065739058
0.5554388888888888,0.5534157407407407,0.002023148148148144,0.5359,0.26562151199102596,0.15305401441423971
0.5684425925925926,0.5534157407407407,0.015026851851851849,0.53335,0.26429890689824687,0.16109375606832854
0.5591462962962963,0.5534157407407407,0.005730555555555555,0.5398,0.26431787660447115,0.14322500855759787
0.5561351851851851,0.5534157407407407,0.002719444444444445,0.5333000000000001,0.26444044585622356,0.15592479223437603
0.5822722222222223,0.5534157407407407,0.02885648148148148,0.5649,0.25682998916274036,0.16403519925037982
0.5519518518518518,0.5534157407407407,-0.0014638888888888922,0.5359,0.27360857725579524,0.15670086775391087
0.5675314814814815,0.5534157407407407,0.014115740740740738,0.55375,0.2670740160099654,0.1646345304862201
0.5532490740740741,0.5534157407407407,-0.00016666666666666785,0.5185,0.2617166876195974,0.14727717526874348
0.5613,0.5534157407407407,0.007884259259259254,0.53505,0.26369015944269875,0.1578131387409149
0.554437962962963,0.5534157407407407,0.0010222222222222247,0.5469999999999999,0.2776113028340746,0.15079737245370295
0.5536185185185185,0.5534157407407407,0.00020277777777777807,0.5398,0.2736466068641305,0.1456467378117426
0.5799277777777777,0.5534157407407407,0.026512037037037035,0.5566500000000001,0.270758398988938,0.15714206782374937
0.562687962962963,0.5534157407407407,0.009272222222222223,0.5359,0.25490780474355074,0.1525096049270851
0.5755453703703703,0.5534157407407407,0.022129629629629628,0.58335,0.2582839292507518,0.15033248649928532
0.557711111111111,0.5534157407407407,0.004295370370370367,0.5215,0.2698757074015423,0.16029000084499836
0.5698462962962962,0.5534157407407407,0.016430555555555552,0.5556000000000001,0.274715738699038,0.15145876121027804
0.5709527777777778,0.5534157407407407,0.017537037037037035,0.54425,0.2631145138060411,0.1514666661410571
0.5693712962962963,0.5534157407407407,0.01595555555555555,0.5469999999999999,0.26895964678424145,0.153175136664577
0.5668314814814814,0.5534157407407407,0.013415740740740742,0.5305500000000001,0.26696397833532864,0.15049443878447352
0.5534722222222223,0.5534157407407407,5.648148148147629e-05,0.5359,0.27037022309962466,0.1465136619403388
0.5611592592592592,0.5534157407407407,0.007743518518518517,0.5528,0.2713525954085573,0.14962836284255593
0.5561722222222222,0.5534157407407407,0.002756481481481477,0.5282,0.25948837542015857,0.13705592369277594
0.5489944444444445,0.5534157407407407,-0.0044212962962962956,0.5305500000000001,0.2614059348457599,0.15222147971959651
0.5720333333333334,0.5534157407407407,0.01861759259259259,0.5667,0.26912751728641143,0.15883620307484794
0.5625481481481481,0.5534157407407407,0.009132407407407403,0.5325500000000001,0.2659838500759238,0.1482187180459909
0.5747277777777777,0.5534157407407407,0.02131203703703704,0.5528,0.2647851238986175,0.1586069872225423
0.5601138888888888,0.5534157407407407,0.006698148148148146,0.5359,0.2639585157360812,0.15422728947552863
0.5590157407407407,0.5534157407407407,0.0056,0.5359,0.25985574508674303,0.13937793641347437
0.5688694444444444,0.5534157407407407,0.015453703703703704,0.5469999999999999,0.26753188034617037,0.15800243842074727
0.5713175925925926,0.5534157407407407,0.01790185185185186,0.54865,0.2710138134316879,0.17126442253557841
0.5645074074074073,0.5534157407407407,0.011091666666666665,0.55555,0.2711993771888279,0.14758850164479959
0.5491324074074074,0.5534157407407407,-0.004283333333333338,0.5305500000000001,0.2673715381397847,0.1429364531047564
0.5574962962962963,0.5534157407407407,0.0040805555555555525,0.51895,0.2651098565895292,0.14549649284936106
0.5612759259259258,0.5534157407407407,0.007860185185185182,0.5305500000000001,0.26638479927387254,0.15474389752273313
0.5804564814814814,0.5534157407407407,0.027040740740740744,0.5401,0.27383652476257875,0.16709357165721786
0.5616287037037037,0.5534157407407407,0.008212962962962958,0.5359,0.27670698461842563,0.15118686530782394
0.5598944444444444,0.5534157407407407,0.006478703703703702,0.5385,0.26662611465416575,0.15705258066530145
0.54815,0.5534157407407407,-0.005265740740740738,0.5305500000000001,0.268007083007252,0.14632432557365968
0.5537972222222222,0.5534157407407407,0.00038148148148148367,0.5305500000000001,0.2754641366003196,0.15944218718936537
0.5710694444444444,0.5534157407407407,0.0176537037037037,0.5385,0.2649748552550703,0.16175577842943745
0.563849074074074,0.5534157407407407,0.010433333333333336,0.5305500000000001,0.2725552762234947,0.14723795033445553
0.5584342592592593,0.5534157407407407,0.005018518518518518,0.5309,0.2679075458332584,0.14341156065194263
0.5672833333333334,0.5534157407407407,0.013867592592592595,0.538,0.25672228658592644,0.15249640034281042
0.5781231481481481,0.5534157407407407,0.024707407407407404,0.55555,0.2678629122135598,0.15133931715380552
0.5628175925925926,0.5534157407407407,0.009401851851851849,0.5326,0.2624829407287062,0.15684373554501999
0.5691824074074074,0.5534157407407407,0.015766666666666665,0.54705,0.2679556912837391,0.15826152849593345
0.5696185185185184,0.5534157407407407,0.016202777777777774,0.55185,0.27093327390004335,0.15519832139612352
0.5713388888888888,0.5534157407407407,0.01792314814814815,0.55195,0.26090547105927164,0.15189447985544863
0.5675435185185185,0.5534157407407407,0.014127777777777776,0.5556000000000001,0.26435717846895146,0.1690962844854708
0.5826425925925925,0.5534157407407407,0.029226851851851848,0.56875,0.2657359349822285,0.1609260558159052
0.5784564814814814,0.5534157407407407,0.02504074074074074,0.54865,0.2732697921530885,0.17297042048299183
0.569312037037037,0.5534157407407407,0.015896296296296294,0.5635000000000001,0.2562600718668339,0.13894649472861606
0.5685935185185186,0.5534157407407407,0.015177777777777776,0.5398,0.269991005829131,0.16426399787197662
0.5653944444444444,0.5534157407407407,0.0119787037037037,0.55555,0.2561208475836713,0.13759818859580228
0.5491990740740741,0.5534157407407407,-0.0042166666666666654,0.5305500000000001,0.27216260068952886,0.1591071598569876
0.5644777777777777,0.5534157407407407,0.011062037037037033,0.5547500000000001,0.2761534942722143,0.1542975894673597
0.5644814814814815,0.5534157407407407,0.011065740740740737,0.51895,0.26777997110479995,0.16443370743991886
0.5694703703703704,0.5534157407407407,0.01605462962962963,0.5359,0.2708609324383213,0.1678589541342347
0.5818287037037037,0.5534157407407407,0.02841296296296297,0.5647500000000001,0.28545199476957606,0.16880447080306085
0.5580305555555556,0.5534157407407407,0.004614814814814815,0.53335,0.2666808640739711,0.15220907093139083
0.5683537037037036,0.5534157407407407,0.01493796296296296,0.54705,0.2714860032969552,0.15917682151607762
0.5765462962962963,0.5534157407407407,0.023130555555555547,0.557,0.268251050786081,0.1528350405449616
0.568837037037037,0.5534157407407407,0.01542129629629629,0.5359,0.26447359128010633,0.15990270116947544
0.5757268518518518,0.5534157407407407,0.02231111111111111,0.5556,0.263009246703759,0.15833700622072153
0.5731509259259259,0.5534157407407407,0.019735185185185182,0.5528,0.25807383660363864,0.16930694534214147
0.5699509259259259,0.5534157407407407,0.016535185185185184,0.5556000000000001,0.2590701649610901,0.15217580850568171
0.5508833333333333,0.5534157407407407,-0.002532407407407406,0.5359,0.26383302086205257,0.15518060254823843
0.5617388888888888,0.5534157407407407,0.008323148148148147,0.5333,0.26724923885725466,0.15358006320579373
0.5703851851851851,0.5534157407407407,0.016969444444444443,0.5398,0.28388233570642185,0.17086627085406975
0.5527555555555556,0.5534157407407407,-0.0006601851851851937,0.5305500000000001,0.2717243753090099,0.14989598321216935
0.5555462962962963,0.5534157407407407,0.002130555555555553,0.5305500000000001,0.26699066784276626,0.1466947701851994
0.585324074074074,0.5534157407407407,0.03190833333333333,0.55555,0.2670782911818742,0.17351617507892078
0.5611879629629629,0.5534157407407407,0.0077722222222222255,0.5359,0.2730024869687798,0.15953790680325822
0.5696796296296296,0.5534157407407407,0.016263888888888883,0.5398,0.2584106374070061,0.15124190776735472
0.5654777777777777,0.5534157407407407,0.01206203703703704,0.53545,0.2585021821825619,0.14208821908690505
0.5712675925925926,0.5534157407407407,0.01785185185185185,0.5724500000000001,0.27347356578458415,0.15572278477304846
0.5896037037037037,0.5534157407407407,0.036187962962962957,0.5566500000000001,0.2624926508720869,0.1749292507013961
0.5721814814814814,0.5534157407407407,0.01876574074074074,0.5385,0.2669078654251727,0.1494427975846058
0.5609148148148148,0.5534157407407407,0.007499074074074073,0.5305500000000001,0.26229407546008493,0.16165915597149152
0.5599425925925926,0.5534157407407407,0.006526851851851851,0.5469999999999999,0.2653013649487747,0.15581557251034156
0.565012962962963,0.5534157407407407,0.011597222222222222,0.50505,0.26700061643409273,0.1545140216595507
0.5614453703703703,0.5534157407407407,0.008029629629629624,0.5326,0.26782769652352084,0.14625125241688153
0.5514148148148148,0.5534157407407407,-0.0020009259259259277,0.51895,0.25929002338514334,0.13506203316577522
0.5533472222222223,0.5534157407407407,-6.851851851852228e-05,0.53095,0.26715560149989853,0.1694912975176994
0.5637083333333333,0.5534157407407407,0.01029259259259259,0.54705,0.2626293134534809,0.16089573724115416
0.5665851851851852,0.5534157407407407,0.013169444444444444,0.5398,0.2628202917580347,0.15607734989770403
0.5610962962962963,0.5534157407407407,0.007680555555555556,0.5483,0.265704177409194,0.15213064138524693
0.5657342592592592,0.5534157407407407,0.012318518518518519,0.5401,0.26430783424870435,0.15705870153743734
0.5653851851851852,0.5534157407407407,0.011969444444444444,0.5385,0.26645815291543545,0.15097250381476648
0.5598157407407407,0.5534157407407407,0.006399999999999999,0.53095,0.26088840460330065,0.15204668552598985
0.5778777777777777,0.5534157407407407,0.024462037037037036,0.5556000000000001,0.2649506430259707,0.15258299578071988
0.5800888888888889,0.5534157407407407,0.026673148148148144,0.5944499999999999,0.27466306507181076,0.153122828106043
0.5809907407407406,0.5534157407407407,0.027574999999999995,0.58335,0.2550048104868,0.15103206141335143
0.5462805555555555,0.5534157407407407,-0.007135185185185187,0.5359,0.2683233160849587,0.14443090985795004
0.5648675925925924,0.5534157407407407,0.011451851851851848,0.54705,0.2636124672036174,0.15311070424221795
0.5612564814814816,0.5534157407407407,0.00784074074074074,0.5547500000000001,0.2675162363045835,0.1539638888582104
0.5692768518518518,0.5534157407407407,0.015861111111111117,0.5401,0.2616250747530314,0.1614645881915765
0.5699092592592593,0.5534157407407407,0.01649351851851852,0.5528,0.2614010999472875,0.1539697441289375
0.5712435185185184,0.5534157407407407,0.01782777777777778,0.5556,0.26922426786267967,0.1681482189029941
0.5577638888888888,0.5534157407407407,0.00434814814814815,0.5305500000000001,0.25721341459266356,0.1455696817319089
0.5851361111111111,0.5534157407407407,0.03172037037037037,0.57365,0.2689594120296121,0.15849197023161432
0.5467796296296297,0.5534157407407407,-0.006636111111111113,0.50505,0.26805162348360806,0.1430020766193466
0.5502453703703702,0.5534157407407407,-0.003170370370370373,0.5305500000000001,0.26531754079781783,0.14663489547793243
0.5613138888888889,0.5534157407407407,0.007898148148148142,0.5556000000000001,0.25980245135589003,0.1373728700184259
0.563612037037037,0.5534157407407407,0.010196296296296294,0.51615,0.2618168146494699,0.15408996032839012
0.5694324074074074,0.5534157407407407,0.016016666666666672,0.5359,0.26263719968726973,0.15857502631865653
0.5555851851851852,0.5534157407407407,0.002169444444444446,0.5556,0.2693010006244844,0.14892478968548536
0.5643111111111112,0.5534157407407407,0.010895370370370368,0.5556000000000001,0.26589954688616513,0.15405136198001926
0.5708805555555555,0.5534157407407407,0.017464814814814815,0.54705,0.2641641572106796,0.15390794330415478
0.5715157407407409,0.5534157407407407,0.0181,0.5635000000000001,0.26177087261556325,0.15248905399662316
0.5684499999999999,0.5534157407407407,0.015034259259259252,0.5546,0.2629400818352235,0.1489610412355802
0.5618842592592592,0.5534157407407407,0.008468518518518516,0.5305500000000001,0.27130546468966343,0.14301862283034814
0.5767935185185186,0.5534157407407407,0.02337777777777778,0.54705,0.259766704561457,0.1531656401851712
0.5678407407407408,0.5534157407407407,0.014424999999999997,0.5469999999999999,0.2601488632205803,0.15706443354574812
0.5635472222222222,0.5534157407407407,0.01013148148148148,0.5398,0.26501397863266857,0.14937939131973907
0.5604166666666667,0.5534157407407407,0.007000925925925922,0.54425,0.25683327858876503,0.15455913878613656
0.5560361111111112,0.5534157407407407,0.0026203703703703706,0.52545,0.2594074071598729,0.141264105248422
0.5609287037037036,0.5534157407407407,0.007512962962962962,0.5359,0.25785609297128514,0.15182848050989162
0.5704305555555556,0.5534157407407407,0.017014814814814812,0.5359,0.258044037195977,0.1440563699473067
0.5606407407407408,0.5534157407407407,0.007224999999999998,0.5359,0.2625993586901783,0.15147402857181722
0.556637037037037,0.5534157407407407,0.0032212962962962937,0.5305500000000001,0.2640957549342972,0.15674343406238234
0.5768731481481482,0.5534157407407407,0.02345740740740741,0.5528,0.2700161222623296,0.16270286960097913
0.5592638888888889,0.5534157407407407,0.005848148148148151,0.5305500000000001,0.2706913714737555,0.14966780191850895
0.5776416666666667,0.5534157407407407,0.024225925925925925,0.5359499999999999,0.27153751126384823,0.16457327963036258
0.5607768518518518,0.5534157407407407,0.007361111111111113,0.52085,0.2661932948194206,0.16225765240271373
0.5658537037037037,0.5534157407407407,0.012437962962962965,0.5305500000000001,0.269545819948251,0.15413956215102845
0.5743712962962962,0.5534157407407407,0.020955555555555557,0.5730500000000001,0.26514708633642653,0.1657945448147878
0.5629842592592592,0.5534157407407407,0.009568518518518516,0.5298,0.26489645875712076,0.15512171021801643
0.5682694444444445,0.5534157407407407,0.014853703703703704,0.5556,0.2686998066001876,0.14851616950008104
0.5749148148148149,0.5534157407407407,0.02149907407407407,0.5556000000000001,0.2676251744213865,0.1542736254013036
0.5621916666666666,0.5534157407407407,0.008775925925925921,0.5305500000000001,0.2585398355484519,0.15200232036495662
0.5691398148148148,0.5534157407407407,0.01572407407407407,0.55555,0.2732112947473722,0.1530760356360542
0.5638074074074074,0.5534157407407407,0.010391666666666667,0.5401,0.26496064341981046,0.15612495901393472
0.5563935185185185,0.5534157407407407,0.002977777777777776,0.5305500000000001,0.26033055201558264,0.13933580584787694
0.5816018518518519,0.5534157407407407,0.028186111111111113,0.557,0.28337038738219755,0.16127448098354216
0.5666712962962963,0.5534157407407407,0.013255555555555555,0.5546,0.2672168380064994,0.15175808610357247
0.5737018518518519,0.5534157407407407,0.020286111111111112,0.5635000000000001,0.26435589257753234,0.14555035192497087
0.5638962962962962,0.5534157407407407,0.010480555555555555,0.53765,0.2788103468647902,0.15809229024592722
0.5696027777777777,0.5534157407407407,0.016187037037037035,0.55555,0.2544395245917089,0.14499303050771684
0.5539824074074075,0.5534157407407407,0.000566666666666671,0.53095,0.2690521760289738,0.1627200020446797
0.5579101851851851,0.5534157407407407,0.004494444444444444,0.5359,0.2647808644086176,0.14957169307966164
0.568587037037037,0.5534157407407407,0.015171296296296292,0.5469999999999999,0.2710026323604237,0.16286714558904322
0.549274074074074,0.5534157407407407,-0.0041416666666666685,0.5305500000000001,0.25977562653950903,0.14985020752825698
0.5637472222222221,0.5534157407407407,0.010331481481481483,0.5556,0.2654762982744088,0.14668343665335531
0.5661259259259259,0.5534157407407407,0.012710185185185182,0.5359499999999999,0.2730967739093514,0.15118956717444257
0.5664583333333333,0.5534157407407407,0.013042592592592592,0.5944499999999999,0.2786960992269161,0.16061817625271546
0.5826361111111111,0.5534157407407407,0.02922037037037037,0.5556000000000001,0.26516190943744333,0.1561402022502214
0.5655425925925924,0.5534157407407407,0.01212685185185185,0.54705,0.2647060196907229,0.15314944604418718
0.5758703703703704,0.5534157407407407,0.02245462962962963,0.56945,0.25670760495354056,0.1519108933259116
0.5656851851851852,0.5534157407407407,0.01226944444444444,0.5518000000000001,0.2607931460221202,0.14206722211575923
0.563837037037037,0.5534157407407407,0.010421296296296293,0.5359,0.2635398452175819,0.1607664278031464
0.5684555555555555,0.5534157407407407,0.01503981481481481,0.5359,0.2571110888797333,0.15639109312055474
0.5802972222222221,0.5534157407407407,0.02688148148148148,0.5905,0.25991480468250827,0.16809064429821322
0.569313888888889,0.5534157407407407,0.015898148148148147,0.5556,0.2558456596876267,0.14622912246957118
0.5556685185185186,0.5534157407407407,0.0022527777777777785,0.5359,0.27127975753845174,0.14783167458600818
0.576462037037037,0.5534157407407407,0.023046296296296294,0.5556000000000001,0.2525549396018756,0.14986549821839526
0.566287037037037,0.5534157407407407,0.012871296296296296,0.54705,0.26975820640686554,0.1653935861128716
0.5701787037037038,0.5534157407407407,0.016762962962962955,0.55555,0.2584956718128322,0.15014329391916179
0.5646648148148148,0.5534157407407407,0.011249074074074071,0.5359,0.2712208116221444,0.15848755456629923
0.5508953703703703,0.5534157407407407,-0.0025203703703703725,0.52545,0.27790581184771945,0.15914903540084815
0.5674916666666666,0.5534157407407407,0.014075925925925926,0.5359,0.2653961426749247,0.15995219780686604
0.5685138888888889,0.5534157407407407,0.015098148148148147,0.53505,0.2602609633764395,0.15705863300737744
0.5572074074074074,0.5534157407407407,0.0037916666666666632,0.5359,0.25679133341407795,0.15513566033467815
0.5618194444444443,0.5534157407407407,0.0084037037037037,0.54705,0.2650101364516429,0.15544928729567667
0.5644574074074074,0.5534157407407407,0.011041666666666665,0.5359,0.27219203817443316,0.15574926358566396
0.5627435185185184,0.5534157407407407,0.009327777777777775,0.54705,0.2659841950448796,0.15963442630681293
0.5691268518518519,0.5534157407407407,0.015711111111111106,0.5556,0.2619083907783216,0.1522552820214353
0.5763805555555555,0.5534157407407407,0.02296481481481481,0.5816,0.2683451879552788,0.16400625946272915
0.5571722222222222,0.5534157407407407,0.003756481481481481,0.50505,0.2657397190609721,0.14929862959424403
0.5715027777777778,0.5534157407407407,0.01808703703703703,0.55555,0.2672415192637178,0.16355323297723903
0.5655342592592592,0.5534157407407407,0.01211851851851852,0.5326,0.26363563044050764,0.15693172105861905
0.570012962962963,0.5534157407407407,0.016597222222222218,0.5695000000000001,0.2698539730044362,0.14834704792386622
0.5749287037037037,0.5534157407407407,0.02151296296296296,0.5556000000000001,0.2629012490242122,0.1645200513828836
0.5721648148148147,0.5534157407407407,0.01874907407407407,0.5690500000000001,0.26056666584304966,0.1562987718246724
0.5689074074074074,0.5534157407407407,0.015491666666666666,0.54705,0.27004068219080524,0.14782976451209323
0.5727842592592592,0.5534157407407407,0.01936851851851852,0.5556000000000001,0.2627786809664631,0.15788625898207478
0.5653962962962963,0.5534157407407407,0.01198055555555555,0.5518000000000001,0.26168188932577596,0.14428346027213132
0.5737833333333333,0.5534157407407407,0.020367592592592593,0.5556,0.2607610248025474,0.15427731241780338
0.5640148148148147,0.5534157407407407,0.010599074074074075,0.55195,0.27461247183078213,0.15854505918989456
0.5712425925925926,0.5534157407407407,0.017826851851851858,0.5546,0.2726145082924484,0.1678083266881724
0.5576324074074074,0.5534157407407407,0.004216666666666664,0.51615,0.2635373799334501,0.15237036377527402
0.5706537037037036,0.5534157407407407,0.01723796296296296,0.51895,0.26496499342962976,0.16791744785163917
0.5636722222222222,0.5534157407407407,0.010256481481481484,0.5305500000000001,0.26889536714774437,0.15149784075025727
0.5661722222222223,0.5534157407407407,0.012756481481481478,0.54705,0.2683806854177401,0.15730625779874277
0.5659074074074074,0.5534157407407407,0.012491666666666667,0.538,0.27291363828747933,0.1651977201789917
0.5638212962962963,0.5534157407407407,0.010405555555555548,0.5359,0.2660283868806885,0.15131621518592495
0.5748037037037036,0.5534157407407407,0.021387962962962952,0.5413999999999999,0.26656796363871416,0.16555557652696626
0.5635249999999999,0.5534157407407407,0.010109259259259255,0.5556000000000001,0.27785584278391356,0.15891933211246626
0.561262037037037,0.5534157407407407,0.007846296296296294,0.5556000000000001,0.27016956244288154,0.15384255237330735
0.5539527777777777,0.5534157407407407,0.0005370370370370386,0.51895,0.2649184245658554,0.15128037941146602
0.5659472222222223,0.5534157407407407,0.012531481481481479,0.5385,0.2716408567188316,0.14928302208187255
0.5538518518518518,0.5534157407407407,0.00043611111111110934,0.5359,0.26464167927171556,0.14465908389368262
0.5582212962962964,0.5534157407407407,0.0048055555555555525,0.5333,0.25878674872939317,0.14666669112857345
0.5670675925925925,0.5534157407407407,0.013651851851851853,0.54705,0.2592160924495322,0.1492962716396848
0.5463212962962962,0.5534157407407407,-0.007094444444444444,0.50505,0.2767039792974643,0.15256551761492188
0.5579064814814815,0.5534157407407407,0.004490740740740734,0.5305500000000001,0.2646315390366856,0.15620108447757183
0.5774305555555556,0.5534157407407407,0.024014814814814815,0.56945,0.26837700552583776,0.16354371150509756
0.565587037037037,0.5534157407407407,0.012171296296296295,0.5401,0.26023162223982066,0.15148121752169577
0.5650898148148149,0.5534157407407407,0.011674074074074075,0.5460499999999999,0.2722541215807805,0.14957403528635888
0.5707722222222222,0.5534157407407407,0.017356481481481483,0.5359,0.2581103136016439,0.1560056782294823
0.5674750000000001,0.5534157407407407,0.014059259259259257,0.5385,0.2641772836934057,0.14202769773114912
0.5643472222222222,0.5534157407407407,0.010931481481481478,0.538,0.2693252654140392,0.15902860475554384
0.5617444444444444,0.5534157407407407,0.008328703703703706,0.54705,0.2620964127854778,0.158960561176409
0.5655083333333333,0.5534157407407407,0.012092592592592597,0.5333000000000001,0.2669036527221922,0.1467456549078614
0.5578314814814814,0.5534157407407407,0.0044157407407407435,0.52085,0.26221913524284285,0.15546023692228236
0.5810398148148148,0.5534157407407407,0.027624074074074075,0.5944499999999999,0.2630969221713552,0.16356299359258017
0.5562462962962963,0.5534157407407407,0.00283055555555555,0.5305500000000001,0.2593224368384591,0.14920336962089872
0.5643305555555556,0.5534157407407407,0.010914814814814813,0.53765,0.26701718886822684,0.15309690402310788
0.5521388888888888,0.5534157407407407,-0.0012768518518518552,0.5,0.2705882873985098,0.1572079726204021
0.5645037037037036,0.5534157407407407,0.011087962962962961,0.5359,0.25763351530896256,0.13981346633201797
0.5640305555555555,0.5534157407407407,0.010614814814814813,0.51945,0.2662768731410633,0.14915015629983244
0.5653888888888888,0.5534157407407407,0.011973148148148148,0.5305500000000001,0.26797015677518715,0.15403761017039275
0.5556787037037036,0.5534157407407407,0.0022629629629629627,0.5385,0.2754130671911054,0.1640971028878497
0.5689092592592592,0.5534157407407407,0.015493518518518521,0.54425,0.2691936930900242,0.15599147129403032
0.580675925925926,0.5534157407407407,0.027260185185185182,0.5556000000000001,0.2752198726355478,0.16209728355078878
0.5509324074074075,0.5534157407407407,-0.0024833333333333352,0.50505,0.2771901206007101,0.15895732307996277
0.5670601851851852,0.5534157407407407,0.013644444444444443,0.5556000000000001,0.2641926594308814,0.16113639101985444
0.5609268518518519,0.5534157407407407,0.007511111111111109,0.5359,0.26095008675398523,0.15894843302584244
0.5715796296296296,0.5534157407407407,0.018163888888888882,0.56115,0.2630518234572051,0.15537944237802878
0.5549935185185185,0.5534157407407407,0.0015777777777777756,0.5359,0.27230573192615826,0.15250490130523142
0.5697361111111111,0.5534157407407407,0.016320370370370374,0.5385,0.270932944926263,0.17309751870849885
0.5677185185185185,0.5534157407407407,0.014302777777777779,0.55555,0.26663319378444095,0.14993566561691565
0.5537194444444444,0.5534157407407407,0.00030370370370370214,0.54705,0.27248401529326943,0.15211072389086505
0.5686175925925926,0.5534157407407407,0.015201851851851852,0.5286,0.26873471400256066,0.1608548977413486
0.5648962962962961,0.5534157407407407,0.011480555555555556,0.5556000000000001,0.270399388211277,0.16705919509296407
0.559248148148148,0.5534157407407407,0.005832407407407404,0.5359,0.2648790993760327,0.1700849660285017
0.5527203703703704,0.5534157407407407,-0.0006953703703703749,0.5122,0.2644812520109547,0.1602628509051158
0.5525287037037037,0.5534157407407407,-0.000887037037037037,0.5546,0.2701565593347216,0.15365757359742824
0.5696657407407407,0.5534157407407407,0.01625,0.5556000000000001,0.2582121431525032,0.13895952177374812
0.5756842592592593,0.5534157407407407,0.022268518518518517,0.5944499999999999,0.26930161847365547,0.1612323450586507
0.5863796296296295,0.5534157407407407,0.03296388888888889,0.5791999999999999,0.26514546589719923,0.16042711010226182
0.5686935185185186,0.5534157407407407,0.015277777777777772,0.55185,0.2601594260582222,0.1507512882314005
0.5628805555555555,0.5534157407407407,0.009464814814814815,0.525,0.2582267863134689,0.1562440974973747
0.5482935185185185,0.5534157407407407,-0.005122222222222227,0.50505,0.27126936548233116,0.15280547730392716
0.5690574074074074,0.5534157407407407,0.015641666666666665,0.5333000000000001,0.26947861607937795,0.14809945453842643
0.5622148148148147,0.5534157407407407,0.008799074074074074,0.54865,0.2660993496621508,0.15598663044517408
0.5571842592592593,0.5534157407407407,0.0037685185185185187,0.5433,0.2563248541819712,0.15069764967137442
0.5645805555555555,0.5534157407407407,0.011164814814814815,0.5359,0.2677768175382317,0.1443979556349541
0.5677166666666666,0.5534157407407407,0.014300925925925927,0.5433,0.270226044698961,0.15808468480288693
0.5625092592592592,0.5534157407407407,0.00909351851851852,0.53765,0.2629202105387232,0.14733033915695182
0.5634888888888889,0.5534157407407407,0.010073148148148147,0.5385,0.2689495941146869,0.14604909980076347
0.5704611111111112,0.5534157407407407,0.017045370370370367,0.55555,0.26410369842213344,0.15839562817544928
0.5613935185185185,0.5534157407407407,0.007977777777777775,0.54705,0.26502643891144856,0.1537466719240643
0.5607787037037038,0.5534157407407407,0.007362962962962962,0.52545,0.2711962110158104,0.16055645037065555
0.5552453703703703,0.5534157407407407,0.0018296296296296274,0.5305500000000001,0.26387746107681787,0.14897026627946786
0.5583944444444445,0.5534157407407407,0.004978703703703704,0.5305500000000001,0.2738096800761923,0.15571181567957246
0.5526555555555556,0.5534157407407407,-0.0007601851851851878,0.5215,0.27848097850554915,0.15371229949743062
0.5504185185185184,0.5534157407407407,-0.0029972222222222223,0.5089,0.2667533500207962,0.15300576280047676
0.5826518518518518,0.5534157407407407,0.029236111111111112,0.5556000000000001,0.26502362316906786,0.1557596959723795
0.5554787037037037,0.5534157407407407,0.002062962962962961,0.51895,0.2724917908566884,0.14950097339263183
0.5746555555555555,0.5534157407407407,0.02123981481481482,0.5433,0.27271342575250995,0.1517724809379449
0.558624074074074,0.5534157407407407,0.005208333333333327,0.5359,0.2606944022752298,0.1413594669693868
0.5705555555555556,0.5534157407407407,0.017139814814814813,0.5556000000000001,0.2646215592029787,0.15612260874297818
0.5579129629629629,0.5534157407407407,0.00449722222222222,0.5305500000000001,0.2600065452420552,0.14298378802183015
0.5543907407407407,0.5534157407407407,0.0009749999999999975,0.5298,0.2558969274601755,0.14775418973454577
0.546112037037037,0.5534157407407407,-0.007303703703703702,0.50505,0.26053814068376224,0.14776482826483334
0.5692462962962963,0.5534157407407407,0.01583055555555555,0.5359,0.2594035705538012,0.15241084751686793
0.5577740740740741,0.5534157407407407,0.004358333333333329,0.5359499999999999,0.265110235710683,0.14927151334484984
0.561662962962963,0.5534157407407407,0.008247222222222223,0.5359,0.2668749795132624,0.16004137342314054
0.563825,0.5534157407407407,0.010409259259259255,0.52655,0.26577742396370885,0.14716193797389057
0.5617194444444444,0.5534157407407407,0.008303703703703702,0.5333000000000001,0.25897409911206065,0.163923227372254
0.5627009259259259,0.5534157407407407,0.009285185185185183,0.52105,0.2673009177936736,0.16265566681396118
0.5649675925925925,0.5534157407407407,0.01155185185185185,0.5359,0.26796499939835694,0.16762871939686244
0.5623222222222223,0.5534157407407407,0.00890648148148148,0.5305500000000001,0.2729881645900249,0.16513753218767996
0.5708638888888888,0.5534157407407407,0.01744814814814815,0.55455,0.2549087146332,0.1490288471614077
0.5697,0.5534157407407407,0.016284259259259255,0.5385,0.26659294568984526,0.15661140143145605
0.5686907407407408,0.5534157407407407,0.015274999999999997,0.5460499999999999,0.27171161820000767,0.1640538042154771
0.5665388888888889,0.5534157407407407,0.013123148148148144,0.5359,0.26774800184541403,0.15899182698472417
0.5737046296296296,0.5534157407407407,0.020288888888888888,0.5944499999999999,0.2663607210470117,0.15813978516202157
0.5700166666666666,0.5534157407407407,0.016600925925925932,0.5305500000000001,0.2667403072190761,0.1533167069042284
0.5731546296296296,0.5534157407407407,0.019738888888888886,0.5927,0.25822779134197943,0.15112513774540284
0.5536805555555555,0.5534157407407407,0.00026481481481481137,0.5359,0.26693520459121867,0.14567145809561904
0.5531027777777777,0.5534157407407407,-0.00031296296296296654,0.51895,0.26728538546267633,0.15165535022198157
0.5658055555555555,0.5534157407407407,0.012389814814814814,0.53765,0.2609822337324661,0.152620606477175
0.5637342592592591,0.5534157407407407,0.010318518518518517,0.5333,0.27379388596698817,0.15547927177898951
0.5726398148148147,0.5534157407407407,0.019224074074074074,0.5469999999999999,0.2695490481054326,0.15473398570097763
0.5639805555555556,0.5534157407407407,0.010564814814814819,0.5527500000000001,0.2780573837965836,0.16547253792248262
0.5590694444444444,0.5534157407407407,0.005653703703703699,0.5556,0.2672003317399353,0.151003076917296
0.5603416666666666,0.5534157407407407,0.006925925925925926,0.52655,0.2697155095617062,0.15908903248226758
0.5570648148148147,0.5534157407407407,0.003649074074074074,0.5359499999999999,0.29069636544214617,0.16063583909848064
0.563187037037037,0.5534157407407407,0.009771296296296294,0.54865,0.26000881871909565,0.1424041465130082
0.5580564814814815,0.5534157407407407,0.004640740740740741,0.5305500000000001,0.26725691873514407,0.150951033118181
0.5640759259259259,0.5534157407407407,0.01066018518518518,0.5298,0.26327480219553345,0.15674823073712096
0.5517509259259259,0.5534157407407407,-0.0016648148148148145,0.5305500000000001,0.2579954619956514,0.14906272173858534
0.572400925925926,0.5534157407407407,0.018985185185185185,0.5359,0.26177740865356897,0.14984942025390913
0.5635092592592593,0.5534157407407407,0.010093518518518517,0.5433,0.2644560753722919,0.1679269435463313
0.560487962962963,0.5534157407407407,0.00707222222222222,0.50505,0.26636885244842384,0.151098687088523
0.5783194444444445,0.5534157407407407,0.02490370370370371,0.5608500000000001,0.2655148321035535,0.16595112382919577
0.5702833333333334,0.5534157407407407,0.016867592592592587,0.5413999999999999,0.25751011104366295,0.15768530225554075
0.5598444444444445,0.5534157407407407,0.0064287037037036995,0.50505,0.26512351638587245,0.1507178015711928
0.5621564814814815,0.5534157407407407,0.008740740740740738,0.5333000000000001,0.2535643638075189,0.15594316544191447
0.5471657407407408,0.5534157407407407,-0.006250000000000002,0.51895,0.265378437651732,0.15969103375481744
0.5746629629629629,0.5534157407407407,0.021247222222222223,0.5722500000000001,0.2546948775918209,0.17016718796927544
0.5695564814814814,0.5534157407407407,0.016140740740740737,0.54705,0.2702329266216369,0.16662784995538585
0.5632712962962962,0.5534157407407407,0.009855555555555555,0.5298499999999999,0.26357610830523304,0.15486519089848733
0.5627481481481481,0.5534157407407407,0.009332407407407402,0.5469999999999999,0.2716896602593954,0.1631123606933964
0.5626935185185185,0.5534157407407407,0.009277777777777775,0.53095,0.26096299349963276,0.15207711972114388
0.5566925925925926,0.5534157407407407,0.0032768518518518507,0.5305500000000001,0.26968288809550633,0.15039984502780931
0.5652185185185185,0.5534157407407407,0.01180277777777778,0.5305500000000001,0.26539513132050074,0.14971987766463332
0.5698231481481482,0.5534157407407407,0.01640740740740741,0.5359,0.2636582925939329,0.1553583765950918
0.5673703703703703,0.5534157407407407,0.01395462962962963,0.5359,0.2594091536943565,0.15196874517833098
0.5596888888888889,0.5534157407407407,0.006273148148148146,0.5556000000000001,0.2659952446111833,0.14798232440957293
0.5771592592592593,0.5534157407407407,0.02374351851851852,0.55455,0.2731843508322413,0.1723335291947002
0.5612703703703703,0.5534157407407407,0.007854629629629632,0.5635000000000001,0.26442907402297233,0.14529958119734282
0.5730527777777777,0.5534157407407407,0.019637037037037036,0.5483499999999999,0.256833849145665,0.14511073090200635
0.5630148148148147,0.5534157407407407,0.009599074074074085,0.54425,0.26382806700074307,0.15742439069020206
0.5570490740740741,0.5534157407407407,0.003633333333333333,0.5305500000000001,0.2593532860953962,0.16603249766348102
0.5671601851851851,0.5534157407407407,0.013744444444444445,0.5326,0.26207809956027284,0.15232331166718563
0.5632046296296297,0.5534157407407407,0.009788888888888883,0.5359,0.26855594985526815,0.15016654326617132
0.5745268518518519,0.5534157407407407,0.02111111111111111,0.5556000000000001,0.26145800742389075,0.14674579542024452
0.5623537037037037,0.5534157407407407,0.008937962962962962,0.54705,0.26961427498534646,0.1533771441852681
0.5573388888888888,0.5534157407407407,0.003923148148148148,0.55555,0.26600883719187685,0.14813525305433942
0.5572490740740741,0.5534157407407407,0.0038333333333333305,0.5359,0.27720735903954047,0.1474352580867372
0.5743083333333333,0.5534157407407407,0.02089259259259259,0.57365,0.2668504254373127,0.1560085210371738
0.5716916666666667,0.5534157407407407,0.018275925925925925,0.5556000000000001,0.26808180824370564,0.15759141175800892
0.5612444444444444,0.5534157407407407,0.007828703703703702,0.5359,0.2499808864967623,0.1522545421883876
0.5713944444444444,0.5534157407407407,0.01797870370370371,0.54705,0.25935898941314545,0.14216337912647917
0.5614564814814814,0.5534157407407407,0.008040740740740742,0.5359,0.27277751478892137,0.15484301066192185
0.5457157407407407,0.5534157407407407,-0.007700000000000002,0.52085,0.26465154948934216,0.14783290263944537
0.5508157407407408,0.5534157407407407,-0.002600000000000003,0.5518000000000001,0.26503521796029156,0.1511174272624766
0.5700416666666667,0.5534157407407407,0.01662592592592592,0.5359,0.27215076708207986,0.1664077816355181
0.5610694444444444,0.5534157407407407,0.007653703703703702,0.55555,0.2642678379582497,0.1481337047134638
0.564088888888889,0.5534157407407407,0.010673148148148147,0.5556000000000001,0.26865346032491055,0.14761986265973417
0.5702648148148148,0.5534157407407407,0.016849074074074075,0.54705,0.2644141244671366,0.14122308295039146
0.5718731481481482,0.5534157407407407,0.01845740740740741,0.5478000000000001,0.2585926015401542,0.14458650432988948
0.5575972222222222,0.5534157407407407,0.00418148148148148,0.5305500000000001,0.2697926987014024,0.14577423021890923
0.5854490740740741,0.5534157407407407,0.03203333333333333,0.557,0.262674064583358,0.1647091716175917
0.5464268518518518,0.5534157407407407,-0.006988888888888889,0.5333000000000001,0.2688404524962859,0.140357562304103
0.5651777777777777,0.5534157407407407,0.011762037037037034,0.54705,0.27180262022535895,0.14896687125753932
0.5760018518518518,0.5534157407407407,0.02258611111111111,0.5359,0.2696893228098956,0.15876813897891687
0.5608583333333332,0.5534157407407407,0.007442592592592585,0.51895,0.25546717334890306,0.1494818597463105
0.5514203703703703,0.5534157407407407,-0.0019953703703703717,0.51895,0.2720777540595099,0.15470687772607072
0.5604824074074075,0.5534157407407407,0.007066666666666669,0.5122,0.2700600493378386,0.16427590252235025
0.571324074074074,0.5534157407407407,0.017908333333333335,0.54705,0.263727048031901,0.15467765524700158
0.5598287037037036,0.5534157407407407,0.00641296296296296,0.5122,0.26140384270603495,0.1530081202979767
0.5677907407407408,0.5534157407407407,0.014375000000000002,0.5483499999999999,0.2734645769871043,0.15854821261779983
0.5675055555555556,0.5534157407407407,0.014089814814814812,0.5401,0.26793110804913295,0.16927940898558053
0.5701879629629628,0.5534157407407407,0.01677222222222222,0.5359,0.27478762086878583,0.15695495504370857
0.5629203703703703,0.5534157407407407,0.009504629629629627,0.53335,0.27100625359521135,0.15241462656051477
0.568137962962963,0.5534157407407407,0.014722222222222216,0.5359,0.25667943195420834,0.16656624981167098
0.5637907407407406,0.5534157407407407,0.010374999999999999,0.53095,0.2688492464126363,0.16318356679507473
0.5608824074074075,0.5534157407407407,0.007466666666666667,0.5298,0.2567375618582458,0.15031067826338884
0.5606861111111111,0.5534157407407407,0.007270370370370367,0.5398,0.27007208641651714,0.15373271151747683
0.551274074074074,0.5534157407407407,-0.0021416666666666685,0.5185,0.26765688817748423,0.14746607791459707
0.5599648148148147,0.5534157407407407,0.0065490740740740735,0.54705,0.260475465798879,0.14823014783810548
0.5636027777777778,0.5534157407407407,0.010187037037037038,0.52655,0.27427542077410066,0.15700201742414313
0.5700694444444444,0.5534157407407407,0.0166537037037037,0.57365,0.2695392217253115,0.16464608059505473
0.5584324074074073,0.5534157407407407,0.005016666666666668,0.5126499999999999,0.2672927747706951,0.16061594205159552
0.5486574074074073,0.5534157407407407,-0.004758333333333337,0.5359,0.2720470939864763,0.14547354843542012
0.5594324074074074,0.5534157407407407,0.006016666666666666,0.5359,0.2753259956727945,0.15783426330457273
0.5650490740740741,0.5534157407407407,0.011633333333333336,0.50505,0.2608228917105555,0.15565723666795195
0.56135,0.5534157407407407,0.007934259259259255,0.53765,0.2597884166044921,0.15605452387806856
0.5633657407407408,0.5534157407407407,0.00995,0.5556000000000001,0.2719097143181311,0.15529256470998734
0.5621018518518518,0.5534157407407407,0.008686111111111113,0.55555,0.2698941073002838,0.14708068194551463
0.5561648148148147,0.5534157407407407,0.0027490740740740757,0.5556000000000001,0.2678324051624552,0.155398068581179
0.5711925925925926,0.5534157407407407,0.017776851851851853,0.5359499999999999,0.2614610246695538,0.15169006991106143
0.5617185185185185,0.5534157407407407,0.008302777777777777,0.5333000000000001,0.2692527448113369,0.15138926088058174
0.5655222222222223,0.5534157407407407,0.012106481481481478,0.5359,0.2579850351862726,0.152120841213259
0.5641666666666667,0.5534157407407407,0.010750925925925928,0.5359,0.26393694517448174,0.14864653080590204
0.55215,0.5534157407407407,-0.0012657407407407422,0.5359,0.2756731216495362,0.16093798838389164
0.5729314814814814,0.5534157407407407,0.01951574074074074,0.54705,0.26673183167310804,0.1560245398635519
0.5610509259259259,0.5534157407407407,0.007635185185185184,0.54425,0.2627506228579083,0.14928008068309193
0.5686972222222222,0.5534157407407407,0.015281481481481484,0.52655,0.2690768237790382,0.1582353010392465
0.5551314814814814,0.5534157407407407,0.0017157407407407358,0.5305500000000001,0.2681745848726469,0.15033336113298218
0.5522805555555556,0.5534157407407407,-0.0011351851851851887,0.5359499999999999,0.26569872456450083,0.14884615988053013
0.5692435185185185,0.5534157407407407,0.015827777777777777,0.5359,0.26789149472921303,0.1546977286794056
0.5668629629629629,0.5534157407407407,0.013447222222222223,0.5305500000000001,0.26965374633871353,0.1548015313372622
0.5772546296296296,0.5534157407407407,0.023838888888888885,0.54705,0.25980374418469204,0.15251787505678802
0.5532342592592591,0.5534157407407407,-0.00018148148148148206,0.5166,0.26075150528218016,0.14860985373057228
0.5680333333333333,0.5534157407407407,0.014617592592592592,0.5556000000000001,0.26904523331606056,0.153393893327075
0.5575296296296296,0.5534157407407407,0.004113888888888886,0.5398,0.2657313449934182,0.15462489399407564
0.5606462962962963,0.5534157407407407,0.007230555555555552,0.51895,0.25875038540796647,0.15025539594604723
0.5637916666666667,0.5534157407407407,0.010375925925925926,0.5398,0.26846154186888077,0.14955326489645995
0.571823148148148,0.5534157407407407,0.018407407407407407,0.5518000000000001,0.26006225875954786,0.15930979207556442
0.5626703703703703,0.5534157407407407,0.009254629629629633,0.54705,0.26240765434301927,0.14303725570781303
0.5728703703703704,0.5534157407407407,0.01945462962962963,0.5326,0.2666954689014641,0.1680213634526784
0.5655833333333332,0.5534157407407407,0.012167592592592591,0.5282,0.2589575249333878,0.14842852197676262
0.5614027777777777,0.5534157407407407,0.007987037037037036,0.5359,0.27027757433511485,0.16270700924799927
0.5667509259259259,0.5534157407407407,0.013335185185185188,0.54425,0.27040893002707395,0.15640430254067952
0.5641185185185185,0.5534157407407407,0.010702777777777773,0.5460499999999999,0.2761842924428854,0.17131446216091292
0.5620722222222222,0.5534157407407407,0.00865648148148148,0.5385,0.2662241490529002,0.14031555244043054
0.5747685185185185,0.5534157407407407,0.021352777777777776,0.5556000000000001,0.2683676626647477,0.1503834199068037
0.5631972222222222,0.5534157407407407,0.009781481481481478,0.55195,0.2681115385339012,0.1596588864664014
0.5635638888888889,0.5534157407407407,0.01014814814814815,0.5508500000000001,0.26264028684226204,0.15889996117082597
0.5508657407407407,0.5534157407407407,-0.0025499999999999967,0.52545,0.269844077221635,0.1526911105259401
0.551138888888889,0.5534157407407407,-0.002276851851851851,0.5305500000000001,0.26871812971936854,0.1641448007930185
0.5605537037037037,0.5534157407407407,0.007137962962962962,0.5359,0.27164707636619967,0.14217147782200223
0.5773009259259259,0.5534157407407407,0.023885185185185183,0.5556000000000001,0.2706575549568299,0.16067351165815577
0.5648398148148148,0.5534157407407407,0.011424074074074071,0.55555,0.26084449047861735,0.16376795692102872
0.5630361111111112,0.5534157407407407,0.009620370370370371,0.5385,0.2694046126541167,0.15238572231746872
0.5721787037037037,0.5534157407407407,0.018762962962962964,0.5556000000000001,0.2676974296501454,0.16482520199765785
0.5640222222222222,0.5534157407407407,0.010606481481481482,0.52085,0.27175457121857793,0.16045575526247138
0.5667425925925925,0.5534157407407407,0.01332685185185185,0.5385,0.26501262188375413,0.1626002773885056
0.5515398148148148,0.5534157407407407,-0.0018759259259259285,0.50505,0.2660868549576882,0.14600992788571168
0.5682768518518518,0.5534157407407407,0.014861111111111111,0.55185,0.2710490936000311,0.13886011843654691
0.561250925925926,0.5534157407407407,0.00783518518518519,0.5401,0.26415528727157284,0.15331159481778558
0.557587962962963,0.5534157407407407,0.004172222222222226,0.538,0.26917444425974146,0.15395042340326193
0.5567527777777778,0.5534157407407407,0.0033370370370370364,0.53095,0.2713657160758719,0.1753742053053011
0.5592574074074074,0.5534157407407407,0.005841666666666668,0.5305500000000001,0.2676567386741862,0.17297026384005199
0.5925388888888888,0.5534157407407407,0.03912314814814815,0.5875,0.26816957350856047,0.17112992419352765
0.5717212962962963,0.5534157407407407,0.018305555555555558,0.54555,0.2701457049051081,0.15748619036526101
0.5612851851851852,0.5534157407407407,0.007869444444444448,0.5359499999999999,0.27064586020781645,0.14903611897310995
0.5731083333333332,0.5534157407407407,0.019692592592592595,0.54865,0.2620647551869861,0.1550491557290173
0.5654398148148148,0.5534157407407407,0.012024074074074076,0.5305500000000001,0.2651707395438753,0.15388151156632945
0.5601453703703703,0.5534157407407407,0.006729629629629626,0.5460499999999999,0.2587329100895612,0.14457297433570618
0.5518648148148148,0.5534157407407407,-0.0015509259259259259,0.5359,0.26815153524310914,0.1430410433847313
0.565787037037037,0.5534157407407407,0.012371296296296295,0.5359,0.26425856358597344,0.15747866673555688
0.5614074074074075,0.5534157407407407,0.007991666666666666,0.5385,0.26353542977815303,0.14836251455235944
0.5636777777777777,0.5534157407407407,0.01026203703703704,0.5359,0.26245478554377455,0.14833853345628448
0.5600444444444445,0.5534157407407407,0.006628703703703702,0.5305500000000001,0.2648924551069465,0.1481629123891998
0.5654472222222222,0.5534157407407407,0.01203148148148148,0.54425,0.27279640535985544,0.15517500259242917
0.5540351851851851,0.5534157407407407,0.000619444444444442,0.53095,0.26783614195501804,0.16287754385205241
0.5417138888888888,0.5534157407407407,-0.011701851851851852,0.5,0.2615245777332734,0.1382814534576867
0.5657055555555556,0.5534157407407407,0.012289814814814816,0.54705,0.27078872677474336,0.15393387762393052
0.5749212962962963,0.5534157407407407,0.021505555555555552,0.5556000000000001,0.26617710043233545,0.1674700507934854
0.5737314814814815,0.5534157407407407,0.020315740740740742,0.5556000000000001,0.2673434888972025,0.15567132771733513
0.5664925925925927,0.5534157407407407,0.013076851851851853,0.5359,0.26469703390423854,0.1660847962717038
0.5500870370370371,0.5534157407407407,-0.003328703703703704,0.5305500000000001,0.26401207813371835,0.1450347216248874
0.5636157407407407,0.5534157407407407,0.010200000000000002,0.5556000000000001,0.2745972613085166,0.15949068352365012
0.5612064814814814,0.5534157407407407,0.007790740740740737,0.5359,0.26818275651536067,0.1448133116828963
0.561075,0.5534157407407407,0.007659259259259258,0.5305500000000001,0.2764922067567118,0.1602767233390613
0.5765138888888889,0.5534157407407407,0.02309814814814815,0.54705,0.2691843684128395,0.15800493366334847
0.5708083333333334,0.5534157407407407,0.017392592592592584,0.54705,0.2569036592125975,0.14149212170776568
0.5638888888888889,0.5534157407407407,0.010473148148148145,0.5528,0.2679274568206477,0.14543239403536046
0.5584175925925925,0.5534157407407407,0.005001851851851847,0.5469999999999999,0.27652837066215485,0.15532714465185238
0.5604398148148148,0.5534157407407407,0.007024074074074077,0.53335,0.268710620480181,0.1490961108015363
0.5591722222222222,0.5534157407407407,0.005756481481481484,0.5354,0.26124027928374527,0.15256712588733856
0.5584564814814814,0.5534157407407407,0.005040740740740742,0.5305500000000001,0.2781304539183908,0.16157240386020688
0.5582046296296296,0.5534157407407407,0.004788888888888888,0.5359,0.26111309448054754,0.14600373656294785
0.5714175925925926,0.5534157407407407,0.018001851851851852,0.5546,0.266896322700006,0.16236505884268077
0.5590083333333333,0.5534157407407407,0.005592592592592597,0.53335,0.25440135158232924,0.1478350133073041
0.5532731481481482,0.5534157407407407,-0.00014259259259259333,0.52105,0.25278767700596344,0.1555122438330844
0.5701481481481482,0.5534157407407407,0.016732407407407404,0.5556000000000001,0.2685326508564235,0.15599844465358342
0.5480361111111111,0.5534157407407407,-0.005379629629629633,0.5,0.2641658946547678,0.14920987963034082
0.5700157407407407,0.5534157407407407,0.016599999999999997,0.54705,0.2532600241715447,0.15857161653364532
0.5764314814814815,0.5534157407407407,0.02301574074074074,0.54705,0.27611680741328015,0.16309339859663638
0.5461537037037038,0.5534157407407407,-0.007262037037037041,0.5359,0.27027455076253976,0.14928630006288557
0.5760731481481481,0.5534157407407407,0.022657407407407404,0.55555,0.2694351334577553,0.15917197377156928
0.5594351851851851,0.5534157407407407,0.0060194444444444445,0.538,0.26842674606448796,0.1522461561034846
0.5709324074074074,0.5534157407407407,0.017516666666666666,0.54425,0.2614382730630456,0.1531902808585868
0.5708592592592593,0.5534157407407407,0.01744351851851852,0.5556000000000001,0.2662269171379783,0.16013271731242015
0.5783453703703704,0.5534157407407407,0.02492962962962963,0.58335,0.26553344101284726,0.16733720629079277
0.5571138888888888,0.5534157407407407,0.003698148148148147,0.53095,0.26368058326735366,0.1632454038118607
0.5524333333333333,0.5534157407407407,-0.0009824074074074093,0.5298,0.2705848439159321,0.14600684456411894
0.5690768518518519,0.5534157407407407,0.01566111111111111,0.5518000000000001,0.26897543806374835,0.16313953882405655
0.5618861111111111,0.5534157407407407,0.00847037037037037,0.5398,0.26989703937125864,0.15242106169575015
0.5534444444444444,0.5534157407407407,2.8703703703699515e-05,0.52655,0.2544252248020552,0.14658056255155416
0.561162037037037,0.5534157407407407,0.007746296296296292,0.54705,0.26380038464313843,0.14771433938829612
0.5748703703703704,0.5534157407407407,0.021454629629629633,0.55555,0.27259677532505505,0.16634761845389343
0.5662611111111112,0.5534157407407407,0.012845370370370368,0.54705,0.26251639373226415,0.1564290919857547
0.5604564814814815,0.5534157407407407,0.007040740740740741,0.53505,0.2618642950518805,0.14483833013426275
0.5675675925925927,0.5534157407407407,0.014151851851851856,0.54705,0.25830439148332496,0.1478273256906099
0.5632518518518518,0.5534157407407407,0.009836111111111108,0.5359,0.26748142235480543,0.15112596247590257
0.5726629629629629,0.5534157407407407,0.019247222222222218,0.54705,0.26706224329359624,0.15300832208649914
0.5557583333333334,0.5534157407407407,0.0023425925925925936,0.5305500000000001,0.27326846616981576,0.1608683052277872
0.5509527777777777,0.5534157407407407,-0.002462962962962964,0.5305500000000001,0.26716311495453826,0.14632570097208
0.5688268518518519,0.5534157407407407,0.015411111111111108,0.5326,0.275292497837659,0.15715437397211374
0.5661046296296296,0.5534157407407407,0.012688888888888885,0.5180499999999999,0.2606893859743327,0.14509202193318707
0.5868398148148148,0.5534157407407407,0.03342407407407407,0.5635000000000001,0.26602229825020407,0.163656197001188
0.5612203703703704,0.5534157407407407,0.007804629629629632,0.54555,0.256310613896739,0.15295827015324395
0.582787037037037,0.5534157407407407,0.029371296296296295,0.5556000000000001,0.26845901585694065,0.1574919674859736
0.5639287037037037,0.5534157407407407,0.010512962962962965,0.5359,0.2590210824064601,0.14910945430488778
0.5807314814814816,0.5534157407407407,0.02731574074074074,0.5891000000000001,0.2632966755838091,0.16837308826744612
0.576275,0.5534157407407407,0.022859259259259263,0.5469999999999999,0.2625219204465663,0.1588774882373367
0.5543157407407407,0.5534157407407407,0.0008999999999999995,0.53335,0.2805366143534639,0.15751348673898655
0.5620361111111111,0.5534157407407407,0.00862037037037037,0.5518000000000001,0.26421522714236984,0.15351156171823005
0.5807537037037037,0.5534157407407407,0.02733796296296296,0.5556000000000001,0.26803055427233957,0.17972056540489895
0.5620629629629629,0.5534157407407407,0.00864722222222222,0.5359,0.2670610111232391,0.16885328335754402
0.5749166666666666,0.5534157407407407,0.021500925925925923,0.5462,0.2721646287455204,0.1547772306272146
0.5671462962962962,0.5534157407407407,0.013730555555555555,0.5305500000000001,0.2550203885658659,0.1630860947207862
0.5611916666666666,0.5534157407407407,0.007775925925925926,0.5305500000000001,0.2646569372147419,0.1446773748016893
0.5826259259259259,0.5534157407407407,0.029210185185185186,0.5625,0.25732728473890454,0.160830287250759
0.5735722222222222,0.5534157407407407,0.020156481481481473,0.54705,0.2742076458688917,0.1682358509544943
0.5820361111111111,0.5534157407407407,0.028620370370370372,0.57365,0.2747322664277185,0.17126456484035163
0.5443314814814815,0.5534157407407407,-0.00908425925925926,0.5166,0.27435588820394796,0.14762417308451023
0.5703712962962962,0.5534157407407407,0.016955555555555554,0.5556,0.2654996886672677,0.1472985152188228
0.5540527777777777,0.5534157407407407,0.0006370370370370399,0.5305500000000001,0.25678543843855517,0.15318495301559856
0.5681851851851851,0.5534157407407407,0.01476944444444444,0.55555,0.25969921127954493,0.15568998878872808
0.5642768518518518,0.5534157407407407,0.010861111111111108,0.5401,0.26966777677910864,0.16499267773802903
0.5609037037037036,0.5534157407407407,0.007487962962962963,0.5556000000000001,0.2664995323332068,0.1529810743395799
0.5447787037037036,0.5534157407407407,-0.008637037037037035,0.50505,0.25857794285840263,0.15182715060939148
0.5647907407407408,0.5534157407407407,0.011375,0.54705,0.2685001970228613,0.1564510506142984
0.5601564814814816,0.5534157407407407,0.006740740740740741,0.5305500000000001,0.27810270148709487,0.159023412745782
0.5475648148148148,0.5534157407407407,-0.005850925925925928,0.5305500000000001,0.2731892094702743,0.14628622532132274
0.5535749999999999,0.5534157407407407,0.0001592592592592561,0.53505,0.26100039607697234,0.13862260003537544
0.5708768518518519,0.5534157407407407,0.017461111111111108,0.5359,0.2658058811774134,0.1456640789422052
0.5699,0.5534157407407407,0.016484259259259258,0.5359,0.26697629353261165,0.15306637749074017
0.5705555555555555,0.5534157407407407,0.017139814814814816,0.5433,0.2679575741747794,0.1720379310163215
0.5637981481481481,0.5534157407407407,0.010382407407407404,0.5305500000000001,0.2686577146856014,0.1512355604159853
0.5835842592592593,0.5534157407407407,0.030168518518518518,0.5875,0.2669252526412161,0.16191261439612553
0.5706564814814815,0.5534157407407407,0.017240740740740737,0.5469999999999999,0.26976310454623,0.15471723803519943
0.5588249999999999,0.5534157407407407,0.005409259259259262,0.5305500000000001,0.27930430834285125,0.1597504698701861
0.5652398148148149,0.5534157407407407,0.011824074074074079,0.5385,0.2675171417129111,0.1467965327650654
0.5646675925925926,0.5534157407407407,0.01125185185185185,0.5359,0.26925498661760994,0.14959997656147142
0.5701759259259259,0.5534157407407407,0.01676018518518518,0.55625,0.2780855730833201,0.15746152708555483
0.5603601851851852,0.5534157407407407,0.00694444444444444,0.51945,0.2669053533601412,0.15361598335680804
0.5619592592592592,0.5534157407407407,0.00854351851851852,0.5305500000000001,0.2612381457443946,0.15155364570900706
0.5617027777777778,0.5534157407407407,0.008287037037037034,0.5305500000000001,0.2668186206908207,0.14839858243811993
0.5630342592592592,0.5534157407407407,0.009618518518518516,0.5305500000000001,0.2747503822629766,0.15776351173566047
0.5522462962962963,0.5534157407407407,-0.0011694444444444456,0.50505,0.275079167678738,0.1489701133285097
0.5820481481481482,0.5534157407407407,0.028632407407407405,0.58755,0.26347147657479203,0.160073504627936
0.5799435185185184,0.5534157407407407,0.026527777777777768,0.5944499999999999,0.261219811571783,0.15315287020193366
0.5658277777777778,0.5534157407407407,0.012412037037037037,0.5333,0.257400112858733,0.15103389835360295
0.5671120370370369,0.5534157407407407,0.013696296296296297,0.5528,0.2591281344058794,0.1586729687571004
0.5664333333333333,0.5534157407407407,0.013017592592592594,0.5359,0.2585269175594753,0.14626994940459614
0.5628101851851851,0.5534157407407407,0.00939444444444445,0.5433,0.26136199444120245,0.16181422706609233
0.5548074074074074,0.5534157407407407,0.001391666666666664,0.50505,0.2604275599150541,0.15138426820141682
0.5762259259259259,0.5534157407407407,0.02281018518518518,0.5911,0.258947774610577,0.15308014756177718
0.5635787037037037,0.5534157407407407,0.010162962962962962,0.5385,0.2695401234331542,0.16102468295879338
0.5629916666666666,0.5534157407407407,0.009575925925925923,0.51895,0.26874402271118636,0.13921271350684317
0.5591555555555555,0.5534157407407407,0.005739814814814812,0.5359,0.26664215381883344,0.15445150340685673
0.572599074074074,0.5534157407407407,0.019183333333333333,0.5546,0.265266129283271,0.15204468999938583
0.565812962962963,0.5534157407407407,0.012397222222222223,0.53505,0.2741676515178301,0.15554110942507707
0.5744675925925926,0.5534157407407407,0.021051851851851853,0.5556000000000001,0.2646461534011747,0.15881775747691607
0.5792712962962964,0.5534157407407407,0.025855555555555552,0.54705,0.27907794678790127,0.1639361662488219
0.5679212962962963,0.5534157407407407,0.014505555555555553,0.5556000000000001,0.2665413530893755,0.15702432803554858
0.5677981481481481,0.5534157407407407,0.014382407407407408,0.55555,0.25755908023135726,0.15057737591087947
0.5794333333333332,0.5534157407407407,0.026017592592592592,0.56635,0.268215473429323,0.16985624973917987
0.5592,0.5534157407407407,0.00578425925925926,0.54425,0.26191729735587455,0.15145052624354322
0.5699138888888888,0.5534157407407407,0.01649814814814814,0.5608500000000001,0.26764420183754883,0.14399012425992644
0.5635935185185185,0.5534157407407407,0.010177777777777779,0.5359,0.2773085650281499,0.15627656728654502
0.5756083333333334,0.5534157407407407,0.02219259259259259,0.56355,0.27068803650600565,0.15681287777541197
0.5681907407407407,0.5534157407407407,0.014774999999999998,0.5556,0.2753186227366656,0.14844324012019938
0.5731259259259259,0.5534157407407407,0.019710185185185188,0.5462,0.26904279177771306,0.15144230506846945
0.5419592592592591,0.5534157407407407,-0.011456481481481484,0.50505,0.2633669548446029,0.14621197150645154
0.556587962962963,0.5534157407407407,0.003172222222222223,0.5359,0.2605385112321479,0.1526735095869451
0.5570083333333332,0.5534157407407407,0.0035925925925925947,0.5305500000000001,0.2724102664996173,0.15939807964679123
0.5473509259259259,0.5534157407407407,-0.006064814814814817,0.50505,0.2602618284438366,0.14798233622478332
0.5626120370370371,0.5534157407407407,0.009196296296296296,0.5469999999999999,0.26422700439916363,0.14386664640830132
0.5466472222222222,0.5534157407407407,-0.006768518518518522,0.52545,0.27254668586045994,0.14840209815892638
0.5578907407407407,0.5534157407407407,0.004474999999999999,0.52105,0.2608785589700451,0.14163967257020327
0.551699074074074,0.5534157407407407,-0.0017166666666666708,0.5333000000000001,0.2586642270117444,0.14822322298403748
0.5694555555555555,0.5534157407407407,0.016039814814814816,0.5556000000000001,0.26009206218177605,0.15183289261049485
0.5640898148148148,0.5534157407407407,0.010674074074074072,0.52655,0.2658223456145152,0.18106405969735662
0.555137037037037,0.5534157407407407,0.0017212962962962907,0.5333,0.27152073313465386,0.1704942770716711
0.5599027777777777,0.5534157407407407,0.006487037037037037,0.5359,0.26747846431201994,0.14596506565318565
0.568338888888889,0.5534157407407407,0.014923148148148147,0.5398,0.262982872770674,0.1446961254197633
0.5484814814814815,0.5534157407407407,-0.004934259259259256,0.50505,0.2675646625132364,0.14634223948786856
0.563074074074074,0.5534157407407407,0.009658333333333333,0.5215,0.2623518901682158,0.14386062707830968
0.5738768518518518,0.5534157407407407,0.02046111111111111,0.5690500000000001,0.2537557857566007,0.15154326104729088
0.5598,0.5534157407407407,0.006384259259259257,0.5359,0.26065795146810966,0.14974352538515073
0.5534194444444444,0.5534157407407407,3.703703703701754e-06,0.52545,0.2656750177170236,0.1598341798017037
0.558062037037037,0.5534157407407407,0.004646296296296297,0.52545,0.2722530594105942,0.1534874036208396
0.5549481481481481,0.5534157407407407,0.0015324074074074083,0.5546,0.26706333789035275,0.14257300397799402
0.5737611111111109,0.5534157407407407,0.020345370370370378,0.5556,0.2513221624024466,0.15650703031849364
0.5501259259259259,0.5534157407407407,-0.0032898148148148205,0.51895,0.25905962485131995,0.14287119153954028
0.5671416666666667,0.5534157407407407,0.013725925925925928,0.5460499999999999,0.25491217476965355,0.1458940214326442
0.5650981481481482,0.5534157407407407,0.011682407407407405,0.5305500000000001,0.2653097639320123,0.14718182081764364
0.5584916666666666,0.5534157407407407,0.005075925925925927,0.5359,0.2590186830215257,0.1446226516754527
0.5505166666666667,0.5534157407407407,-0.002899074074074074,0.5166,0.2634309704044388,0.13847661734219432
0.5707907407407407,0.5534157407407407,0.017375,0.54705,0.2625363286074872,0.16407056672202353
0.5752499999999999,0.5534157407407407,0.021834259259259255,0.5566500000000001,0.2647847732937532,0.15297353210805587
0.552199074074074,0.5534157407407407,-0.0012166666666666678,0.5305500000000001,0.268619801322773,0.14760984599786703
0.5662305555555556,0.5534157407407407,0.012814814814814814,0.51895,0.2665128432171487,0.16662892951796165
0.5569101851851852,0.5534157407407407,0.003494444444444445,0.5359,0.2620390303880213,0.1438034346575722
0.5635083333333333,0.5534157407407407,0.010092592592592587,0.5398,0.2664093663718568,0.16254923090553824
0.5767898148148148,0.5534157407407407,0.023374074074074075,0.5556000000000001,0.2618119275535612,0.15238052551165918
0.5784138888888889,0.5534157407407407,0.024998148148148144,0.5556000000000001,0.26850552665202093,0.1614788490426142
0.5651074074074073,0.5534157407407407,0.011691666666666668,0.54705,0.2565506886220888,0.1501822053031571
0.5560731481481481,0.5534157407407407,0.0026574074074074087,0.52545,0.2585723675728702,0.14394639461986106
0.5757574074074074,0.5534157407407407,0.02234166666666666,0.5547500000000001,0.26401586903725316,0.15287817954297414
0.5680935185185185,0.5534157407407407,0.014677777777777777,0.54705,0.2590868426101035,0.1477431424367021
0.5807259259259259,0.5534157407407407,0.02731018518518518,0.5556000000000001,0.25992945245997806,0.1583058048184517
0.5649981481481482,0.5534157407407407,0.011582407407407404,0.5398,0.2645871469181668,0.1669187164817272
0.5556425925925926,0.5534157407407407,0.0022268518518518484,0.52545,0.2625780027243542,0.1395242963509923
0.5678731481481482,0.5534157407407407,0.014457407407407407,0.5359,0.2599037696132078,0.14436571628359504
0.578637037037037,0.5534157407407407,0.025221296296296294,0.5433,0.2672981486985663,0.16867508170174086
0.5707722222222221,0.5534157407407407,0.017356481481481483,0.5359,0.26813039749775724,0.15298977381569404
0.55935,0.5534157407407407,0.005934259259259257,0.5305500000000001,0.2703527704080166,0.15181003141348703
0.5647768518518519,0.5534157407407407,0.01136111111111111,0.54705,0.27001112736035116,0.16033963533835335
0.5618222222222221,0.5534157407407407,0.008406481481481478,0.5528,0.2682045346349571,0.15090046374215613
0.5654157407407407,0.5534157407407407,0.011999999999999999,0.5469999999999999,0.2701144749231288,0.14977341328521163
0.5791046296296296,0.5534157407407407,0.025688888888888886,0.55455,0.2674170485007145,0.16414163836602477
0.5754972222222222,0.5534157407407407,0.02208148148148148,0.5757000000000001,0.25439142275933807,0.1588638199802563
0.568225,0.5534157407407407,0.01480925925925926,0.5460499999999999,0.25417113747663844,0.14741937986006007
0.5502324074074073,0.5534157407407407,-0.0031833333333333336,0.525,0.2636424716641427,0.14501634036191444
0.5558203703703704,0.5534157407407407,0.002404629629629631,0.5305500000000001,0.2667966202756619,0.15385928902567994
0.5577796296296296,0.5534157407407407,0.004363888888888891,0.5401,0.26682823336975797,0.1529158686644656
0.5693361111111112,0.5534157407407407,0.01592037037037037,0.5555,0.2584211937065105,0.14715930509654176
0.5730898148148148,0.5534157407407407,0.019674074074074073,0.5359,0.2633288537596959,0.14361607462835774
0.5477981481481481,0.5534157407407407,-0.005617592592592591,0.5126499999999999,0.2613059541586865,0.14403035818927734
0.5615351851851852,0.5534157407407407,0.008119444444444441,0.5556000000000001,0.26772248091599604,0.14580204955954232
0.5645916666666667,0.5534157407407407,0.011175925925925924,0.5401,0.26581294038421255,0.1454057731119189
0.5740324074074074,0.5534157407407407,0.020616666666666665,0.5359,0.27470055908979085,0.16951881680903877
0.5654074074074074,0.5534157407407407,0.011991666666666668,0.54425,0.26325004129853985,0.17251861128097962
0.558174074074074,0.5534157407407407,0.004758333333333335,0.50505,0.2698693381905331,0.15440605595902782
0.5552462962962962,0.5534157407407407,0.0018305555555555564,0.5325500000000001,0.2693766877305763,0.15753644139069414
0.5591231481481481,0.5534157407407407,0.005707407407407406,0.5359,0.27154377097001026,0.16539338814418725
0.5646157407407407,0.5534157407407407,0.0112,0.5359,0.2673048066467483,0.14865905418952244
0.5776175925925926,0.5534157407407407,0.024201851851851846,0.5556000000000001,0.26628368430816346,0.15499193888081378
0.5580379629629629,0.5534157407407407,0.004622222222222221,0.5385,0.25413479303575437,0.14044587232439226
0.5626962962962963,0.5534157407407407,0.009280555555555556,0.5305500000000001,0.2678441365448971,0.15778675687907856
0.5652768518518518,0.5534157407407407,0.011861111111111112,0.54425,0.2719036321200767,0.15133952843207757
0.5638981481481481,0.5534157407407407,0.010482407407407406,0.5385,0.2596350976308331,0.1484172703434688
0.5557814814814814,0.5534157407407407,0.0023657407407407394,0.52105,0.2605417211098948,0.14571353355835895
0.5673851851851852,0.5534157407407407,0.013969444444444442,0.5528,0.25460942006888876,0.15189033762918905
0.5608555555555556,0.5534157407407407,0.007439814814814816,0.5359,0.26857396424060315,0.1438385283286126
0.5603490740740741,0.5534157407407407,0.00693333333333333,0.5305500000000001,0.2633443236579687,0.16241497444889016
0.571237037037037,0.5534157407407407,0.017821296296296293,0.5385,0.26525487288153726,0.14614465823633171
0.5608287037037036,0.5534157407407407,0.007412962962962964,0.5527500000000001,0.2667962021233863,0.15832564341603483
0.5773009259259259,0.5534157407407407,0.023885185185185186,0.5556000000000001,0.25968661541064014,0.14937175089482596
0.5747361111111111,0.5534157407407407,0.02132037037037037,0.5528,0.26370836747498927,0.15622335721069144
0.5658703703703704,0.5534157407407407,0.01245462962962963,0.5359,0.26198094682067585,0.1481107147040413
0.5727537037037037,0.5534157407407407,0.01933796296296296,0.5556000000000001,0.26183214085775336,0.16122596595073102
0.5483444444444444,0.5534157407407407,-0.0050712962962962994,0.51895,0.2779464294291235,0.14804287775634017
0.5789259259259258,0.5534157407407407,0.02551018518518519,0.5556000000000001,0.26522692994545916,0.15947996325663988
0.5622212962962964,0.5534157407407407,0.008805555555555554,0.53335,0.26593824455324383,0.1527491651220486
0.5722481481481482,0.5534157407407407,0.01883240740740741,0.5547,0.2717444736669013,0.17592775749105785
0.5640777777777778,0.5534157407407407,0.010662037037037038,0.54705,0.26657349123746266,0.16451400231153382
0.5540916666666666,0.5534157407407407,0.0006759259259259224,0.5359,0.28091748618065066,0.15692682315728385
0.5616101851851851,0.5534157407407407,0.00819444444444444,0.5556000000000001,0.26907437527197337,0.14522910796607905
0.5672101851851852,0.5534157407407407,0.013794444444444443,0.53095,0.2672831226476932,0.16810257151003552
0.5648138888888888,0.5534157407407407,0.011398148148148147,0.5433,0.2663073852715237,0.14921219161777538
0.5686083333333334,0.5534157407407407,0.01519259259259259,0.5483499999999999,0.2612315305370486,0.15383936925703562
0.5642750000000001,0.5534157407407407,0.01085925925925926,0.55195,0.2632137222387282,0.16242463732654946
0.5551074074074075,0.5534157407407407,0.0016916666666666664,0.5359,0.2606513421941429,0.1452644144889671
0.5659296296296296,0.5534157407407407,0.012513888888888887,0.5556,0.2642806074756754,0.14436917400687307
0.5642925925925927,0.5534157407407407,0.010876851851851853,0.5433,0.2690761101040553,0.15609371712076042
0.5613574074074075,0.5534157407407407,0.007941666666666666,0.54705,0.273847652306149,0.15296340049999987
0.549236111111111,0.5534157407407407,-0.004179629629629631,0.51895,0.26485096583618756,0.14412905999939823
0.557287037037037,0.5534157407407407,0.0038712962962962998,0.5433,0.26905154705107726,0.15781828723319677
0.5739962962962962,0.5534157407407407,0.020580555555555553,0.525,0.26481865949373906,0.16247775718847454
0.5577518518518518,0.5534157407407407,0.004336111111111107,0.54705,0.2713879323212856,0.1432492660895772
0.5550277777777778,0.5534157407407407,0.0016120370370370364,0.5305500000000001,0.2632291187175347,0.15370371408301917
0.5722240740740742,0.5534157407407407,0.018808333333333333,0.5556000000000001,0.2648894097826912,0.14940608910823153
0.5716351851851852,0.5534157407407407,0.01821944444444444,0.5635000000000001,0.271315777438175,0.15247485005322645
0.5652027777777777,0.5534157407407407,0.011787037037037039,0.5359,0.263670097772769,0.15786564208809484
0.564725,0.5534157407407407,0.011309259259259264,0.54705,0.2678324169602447,0.15110988113008067
0.5518037037037037,0.5534157407407407,-0.0016120370370370353,0.5325500000000001,0.2635588536398441,0.15040992194702704
0.5746944444444444,0.5534157407407407,0.021278703703703706,0.53335,0.2639001732931876,0.15949685612049727
0.5417925925925926,0.5534157407407407,-0.011623148148148153,0.50505,0.26602965919383076,0.13684964572084857
0.5675824074074074,0.5534157407407407,0.014166666666666664,0.5305500000000001,0.2696930404047319,0.1550951875341775
0.5416805555555556,0.5534157407407407,-0.011735185185185184,0.5122,0.2711565521734711,0.14714388934302852
0.5565268518518519,0.5534157407407407,0.0031111111111111096,0.5298,0.27644539019166303,0.15345161393519016
0.5652277777777777,0.5534157407407407,0.011812037037037034,0.5359,0.2608565115058767,0.14782306847505836
0.554624074074074,0.5534157407407407,0.0012083333333333308,0.5305500000000001,0.27611199199836084,0.15201226286305874
0.5767324074074074,0.5534157407407407,0.02331666666666667,0.5608500000000001,0.264740773167504,0.16289472002825667
0.5651574074074074,0.5534157407407407,0.011741666666666666,0.56115,0.2768712805969299,0.15774900869099193
0.5582305555555556,0.5534157407407407,0.004814814814814815,0.52545,0.26283908849486215,0.15074965247852246
0.5731333333333334,0.5534157407407407,0.01971759259259259,0.5556000000000001,0.252565586189217,0.1502340378749313
0.5592231481481481,0.5534157407407407,0.005807407407407406,0.5359,0.2678890778984583,0.1545007750055895
0.5572240740740741,0.5534157407407407,0.0038083333333333333,0.5359,0.2665755525351397,0.16132142821378248
0.5587749999999999,0.5534157407407407,0.005359259259259257,0.5359,0.2631451264862375,0.14762935404297853
0.5611296296296296,0.5534157407407407,0.007713888888888883,0.55185,0.2634672397160601,0.15450456150198968
0.5732268518518518,0.5534157407407407,0.01981111111111111,0.54705,0.26259231776083225,0.1583574811557895
0.569437037037037,0.5534157407407407,0.016021296296296297,0.5566500000000001,0.26078180573848114,0.14943746233694474
0.5552277777777778,0.5534157407407407,0.0018120370370370347,0.51895,0.2528168513819424,0.1439930474162656
0.5460638888888889,0.5534157407407407,-0.007351851851851855,0.51055,0.2726529424039976,0.14930505589619114
0.5570296296296297,0.5534157407407407,0.0036138888888888813,0.51055,0.2651634457191563,0.15737801415066283
0.5578157407407407,0.5534157407407407,0.004399999999999998,0.5305500000000001,0.27040846125470586,0.1530318988187586
0.5579962962962962,0.5534157407407407,0.004580555555555554,0.5305500000000001,0.2677371433516082,0.14339233315336322
0.565424074074074,0.5534157407407407,0.012008333333333333,0.5305500000000001,0.2554245711840488,0.15494053132625932
0.5680268518518519,0.5534157407407407,0.01461111111111111,0.54425,0.26326106001617033,0.15309033148770557
0.5604638888888889,0.5534157407407407,0.007048148148148149,0.5305500000000001,0.26394603684473766,0.16167324869109603
0.5627962962962964,0.5534157407407407,0.009380555555555557,0.5354000000000001,0.267501504904816,0.15160052058841725
0.5608129629629629,0.5534157407407407,0.007397222222222221,0.5333,0.25700062151006436,0.14330474127088924
0.5485527777777778,0.5534157407407407,-0.004862962962962966,0.5333,0.2653312320524898,0.15102111790968242
0.5530027777777777,0.5534157407407407,-0.0004129629629629627,0.5359,0.2710102517143363,0.155880146321804
0.5601907407407407,0.5534157407407407,0.006774999999999994,0.5508500000000001,0.26290732581945986,0.15531048319926374
0.5625185185185185,0.5534157407407407,0.009102777777777779,0.5695000000000001,0.26925329461903574,0.15173989763495926
0.5643268518518517,0.5534157407407407,0.010911111111111114,0.5359,0.26639151308591297,0.15000695331755026
0.5655175925925926,0.5534157407407407,0.012101851851851848,0.54705,0.2611760532841851,0.15074038025535574
0.5697601851851851,0.5534157407407407,0.01634444444444444,0.5359,0.264353046978268,0.16574357197517597
0.5667222222222222,0.5534157407407407,0.01330648148148148,0.5556000000000001,0.257903488191191,0.14506820843239465
0.5610953703703703,0.5534157407407407,0.007679629629629627,0.5305500000000001,0.25820420933184646,0.14692868176464113
0.5774018518518519,0.5534157407407407,0.023986111111111114,0.5556000000000001,0.2755661489124619,0.15747680111498358
0.5642907407407408,0.5534157407407407,0.010875000000000001,0.5305500000000001,0.2726296651246673,0.15095458568474274
0.5482638888888889,0.5534157407407407,-0.005151851851851852,0.5176999999999999,0.2695933931975397,0.1553803049148028
0.5588370370370369,0.5534157407407407,0.005421296296296295,0.5359,0.2634504828866231,0.16729996455576426
0.5566685185185185,0.5534157407407407,0.0032527777777777733,0.5359,0.27464962612480465,0.1520935130805512
0.5710657407407408,0.5534157407407407,0.017650000000000002,0.5460499999999999,0.2588595170415752,0.1491121283545705
0.5625981481481481,0.5534157407407407,0.009182407407407408,0.5690500000000001,0.26924836256549856,0.16115644215012526
0.5692203703703703,0.5534157407407407,0.015804629629629627,0.55185,0.26853992924677245,0.16060205151344994
0.5552564814814814,0.5534157407407407,0.0018407407407407396,0.5333,0.2656463858102466,0.14906014845487742
0.5689805555555556,0.5534157407407407,0.01556481481481481,0.5556000000000001,0.2575018030817312,0.14576350280654166
0.5569824074074075,0.5534157407407407,0.0035666666666666676,0.5333000000000001,0.2719954953683834,0.15287738046533872
0.551486111111111,0.5534157407407407,-0.0019296296296296268,0.51895,0.2652788254381731,0.1501086617382005
0.5616638888888889,0.5534157407407407,0.008248148148148147,0.54705,0.27109286351067496,0.14697733278189118
0.5527759259259258,0.5534157407407407,-0.0006398148148148173,0.5359,0.26541335875160377,0.13845914268966822
0.5556824074074074,0.5534157407407407,0.002266666666666667,0.5359,0.2667738766753469,0.1518266867310827
0.5579888888888889,0.5534157407407407,0.004573148148148144,0.5124499999999999,0.262189706354731,0.1646136823366346
0.5520722222222222,0.5534157407407407,-0.0013435185185185186,0.5305500000000001,0.25842341146849596,0.14281209815053672
0.564012037037037,0.5534157407407407,0.010596296296296296,0.5546,0.2638119610410701,0.14611825893306768
0.56685,0.5534157407407407,0.013434259259259253,0.5547,0.2575662801913108,0.15041630216010812
0.5741138888888889,0.5534157407407407,0.020698148148148146,0.57055,0.2568883987872247,0.14934534837299332
0.5631935185185184,0.5534157407407407,0.009777777777777776,0.55555,0.264075651251239,0.14554330141119437
0.5657361111111111,0.5534157407407407,0.012320370370370362,0.5359,0.2622408507917627,0.14952977496091385
0.5624064814814814,0.5534157407407407,0.008990740740740737,0.5333,0.2609876862756255,0.15459589984832542
0.5553425925925927,0.5534157407407407,0.0019268518518518523,0.5359,0.26850613568015264,0.1464861848651663
0.5606481481481481,0.5534157407407407,0.007232407407407406,0.5359,0.2654296508102455,0.14374742115765876
0.5441888888888888,0.5534157407407407,-0.00922685185185185,0.51895,0.2711627694558027,0.1520248138910049
0.5614537037037037,0.5534157407407407,0.008037962962962962,0.51945,0.26373409060434727,0.15267535450244485
0.550875,0.5534157407407407,-0.0025407407407407427,0.5359,0.2570811669074666,0.13909022556615655
0.5555592592592592,0.5534157407407407,0.002143518518518519,0.5215,0.25280483405004806,0.14357535796766
0.5582731481481482,0.5534157407407407,0.004857407407407408,0.5385,0.26469233898805705,0.13793042618647275
0.5771324074074073,0.5534157407407407,0.02371666666666666,0.5556000000000001,0.2670070690473438,0.15507392478922016
0.5734388888888888,0.5534157407407407,0.020023148148148144,0.5385,0.2610626704697027,0.16342328481554605
0.5718592592592592,0.5534157407407407,0.018443518518518515,0.5359,0.2722659334393411,0.16343662538839157
0.5555398148148147,0.5534157407407407,0.0021240740740740703,0.5359,0.2599596071929791,0.14342095733820612
0.5543074074074075,0.5534157407407407,0.0008916666666666703,0.5333,0.27400892908014063,0.15921471667114476
0.5550324074074074,0.5534157407407407,0.0016166666666666695,0.52105,0.2594231929725909,0.150018353082822
0.5624083333333333,0.5534157407407407,0.008992592592592595,0.53095,0.27366382307632053,0.15605100574240346
0.5778249999999999,0.5534157407407407,0.02440925925925926,0.5546,0.26711320786841863,0.16077776473471395
0.5622203703703703,0.5534157407407407,0.008804629629629628,0.5359,0.2667421012010151,0.14863937188902027
0.5642333333333333,0.5534157407407407,0.010817592592592592,0.5556,0.2632791283775687,0.14967559863850582
0.5681537037037037,0.5534157407407407,0.014737962962962961,0.5556000000000001,0.2723929471364958,0.15463599689593174
0.5649861111111111,0.5534157407407407,0.011570370370370371,0.53765,0.26630596957534425,0.1574954604058786
0.5653564814814815,0.5534157407407407,0.011940740740740738,0.54585,0.26326420944801704,0.15539798952080985
0.5642018518518518,0.5534157407407407,0.010786111111111114,0.5215,0.26382861577397454,0.15338931865134545
0.5768740740740741,0.5534157407407407,0.02345833333333333,0.5556000000000001,0.2625798033995384,0.16174390922967452
0.5751564814814815,0.5534157407407407,0.02174074074074074,0.5528,0.2706068560076508,0.15995662381486397
0.5553537037037036,0.5534157407407407,0.0019379629629629612,0.5359,0.2692666653876007,0.14964272886563432
0.5571148148148148,0.5534157407407407,0.0036990740740740708,0.53765,0.27224368029526974,0.14531601367678082
0.5690685185185185,0.5534157407407407,0.015652777777777776,0.54765,0.26026487753112093,0.14814652790575145
0.5740805555555556,0.5534157407407407,0.02066481481481481,0.54705,0.26244017616778537,0.15581909551185824
0.5605583333333334,0.5534157407407407,0.007142592592592593,0.53335,0.26316358123922506,0.1469056447155466
0.5586212962962963,0.5534157407407407,0.00520555555555556,0.5282,0.26178770490499625,0.14823928360084654
0.5793453703703704,0.5534157407407407,0.02592962962962963,0.54705,0.265474490523201,0.1564638546293329
0.5724083333333333,0.5534157407407407,0.01899259259259259,0.557,0.26370753061982793,0.1533350644852386
0.5625601851851852,0.5534157407407407,0.009144444444444448,0.5305500000000001,0.2617625216599194,0.15344247686727788
0.5713861111111112,0.5534157407407407,0.017970370370370366,0.5433,0.2620816939262971,0.14971186547926688
0.5786175925925926,0.5534157407407407,0.025201851851851843,0.54705,0.26291021559328787,0.1593052028657256
0.5700629629629629,0.5534157407407407,0.016647222222222226,0.5546,0.2555864583284068,0.15558438552839815
0.5715,0.5534157407407407,0.018084259259259258,0.54705,0.2673993890625557,0.15085013864545407
0.5693648148148148,0.5534157407407407,0.01594907407407407,0.55555,0.26828756169412415,0.16445645646766502
0.5754444444444444,0.5534157407407407,0.022028703703703696,0.55185,0.2565553917466322,0.15585861796694334
0.5555888888888889,0.5534157407407407,0.0021731481481481484,0.53335,0.2604796949172324,0.14489367523362368
0.5829277777777777,0.5534157407407407,0.029512037037037038,0.5944499999999999,0.27901351450648154,0.1676756730986422
0.5630731481481481,0.5534157407407407,0.009657407407407404,0.55555,0.2699039807134193,0.1461253438416547
0.5574064814814815,0.5534157407407407,0.003990740740740741,0.5483499999999999,0.26581691727390044,0.15270154907870107
0.553911111111111,0.5534157407407407,0.0004953703703703688,0.50505,0.26130234406827724,0.15255336518970228
0.5717777777777777,0.5534157407407407,0.018362037037037034,0.55625,0.268074812173987,0.1525520899041683
0.5680092592592593,0.5534157407407407,0.014593518518518518,0.54705,0.26938835064803146,0.15871458558438778
0.5641472222222221,0.5534157407407407,0.010731481481481477,0.5359,0.2653483252830694,0.1521668818574965
0.5695268518518519,0.5534157407407407,0.016111111111111118,0.5695000000000001,0.25723258561857054,0.15531923491700084
0.5467546296296296,0.5534157407407407,-0.006661111111111114,0.5359,0.27179602487388355,0.15003845789447456
0.5493629629629629,0.5534157407407407,-0.004052777777777782,0.50505,0.2669825345516534,0.16716768203646745
0.5687444444444444,0.5534157407407407,0.015328703703703699,0.5359,0.2675776139768752,0.15074412872801204
0.5825509259259259,0.5534157407407407,0.02913518518518518,0.55185,0.2593379790588186,0.16844297480090542
0.5702537037037037,0.5534157407407407,0.016837962962962957,0.55625,0.25907741722696614,0.15307151875432484
0.5650324074074073,0.5534157407407407,0.011616666666666666,0.54425,0.26274321419114904,0.15038011370567197
0.5616851851851852,0.5534157407407407,0.008269444444444442,0.54705,0.26313597132402533,0.1486140044836301
0.5576435185185185,0.5534157407407407,0.004227777777777779,0.5305500000000001,0.25989820411009745,0.1452594300722749
0.574425925925926,0.5534157407407407,0.021010185185185184,0.55555,0.27324457750273595,0.16559128828264358
0.5705731481481481,0.5534157407407407,0.017157407407407406,0.5385,0.25875493895019286,0.16267479582576386
0.5539055555555555,0.5534157407407407,0.0004898148148148133,0.51895,0.2604097525462205,0.14475567487774418
0.5621833333333334,0.5534157407407407,0.00876759259259259,0.5546,0.2640440300652225,0.14323947390251698
0.5640490740740741,0.5534157407407407,0.01063333333333333,0.55555,0.27127660315570046,0.16405447579397942
0.5683796296296295,0.5534157407407407,0.014963888888888888,0.5714,0.26727592510721504,0.15147961983665229
0.5682648148148148,0.5534157407407407,0.014849074074074074,0.5359,0.2703543860889545,0.15062043989785218
0.5754351851851852,0.5534157407407407,0.022019444444444442,0.5527500000000001,0.26746105396103315,0.15633834651275638
0.5698740740740741,0.5534157407407407,0.016458333333333332,0.5518000000000001,0.25965490878859415,0.1441175403756435
0.577099074074074,0.5534157407407407,0.023683333333333327,0.55555,0.2629687776838114,0.14443959284527358
0.5662203703703704,0.5534157407407407,0.012804629629629628,0.55555,0.26018710369071785,0.1506517022768975
0.5562351851851852,0.5534157407407407,0.0028194444444444443,0.5556,0.2696021008247604,0.15526530412525857
0.5601351851851851,0.5534157407407407,0.0067194444444444446,0.5359,0.2665860031363044,0.15865518860319858
0.5771407407407407,0.5534157407407407,0.023725,0.5905,0.2740417404720337,0.16572850172811776
0.5574398148148147,0.5534157407407407,0.004024074074074075,0.5305500000000001,0.2659637952101417,0.15205016134340407
0.577900925925926,0.5534157407407407,0.024485185185185183,0.5478000000000001,0.2601561218886536,0.15678973408054972
0.544299074074074,0.5534157407407407,-0.009116666666666672,0.5122,0.27550938328759056,0.14801327327446198
0.5661148148148148,0.5534157407407407,0.01269907407407407,0.5556000000000001,0.2708266748602383,0.16594854032656575
0.5527583333333334,0.5534157407407407,-0.0006574074074074136,0.52655,0.27061664996507095,0.1471905499072569
0.5668277777777777,0.5534157407407407,0.013412037037037038,0.54705,0.2574919513607684,0.14524652116257517
0.5638592592592593,0.5534157407407407,0.010443518518518515,0.5359,0.27260767401552816,0.14587684171331647
0.5583166666666666,0.5534157407407407,0.004900925925925926,0.54705,0.27273604832525306,0.1514069175171063
0.5775666666666667,0.5534157407407407,0.024150925925925923,0.56945,0.2675446766779178,0.15961263593630837
0.5767805555555555,0.5534157407407407,0.02336481481481481,0.5401,0.26229486919005257,0.16041955058027246
0.5537564814814814,0.5534157407407407,0.00034074074074074074,0.5127,0.2620845641060238,0.14704582605498817
0.5474037037037037,0.5534157407407407,-0.006012037037037038,0.5,0.2614023471374312,0.15348043238401324
0.5618129629629629,0.5534157407407407,0.008397222222222226,0.51895,0.2645599644384278,0.16999600680210236
0.5605685185185185,0.5534157407407407,0.007152777777777779,0.5469999999999999,0.2685053345849732,0.15446366082537447
0.545186111111111,0.5534157407407407,-0.008229629629629627,0.50505,0.2510444706698279,0.150367628164647
0.5671518518518518,0.5534157407407407,0.013736111111111114,0.5305500000000001,0.2687978121717405,0.15536351010641355
0.5590074074074073,0.5534157407407407,0.005591666666666667,0.5433,0.2635071474686169,0.16640395738296093
0.5775046296296296,0.5534157407407407,0.02408888888888889,0.5556000000000001,0.26546549501542904,0.1479019518195244
0.5587351851851852,0.5534157407407407,0.0053194444444444496,0.5089,0.2650784550818182,0.15662755421660451
0.5689537037037037,0.5534157407407407,0.015537962962962963,0.5528,0.26170901634924776,0.1429476008288617
0.5596749999999999,0.5534157407407407,0.006259259259259258,0.5305500000000001,0.2698362182811301,0.1416622856814505
0.581462037037037,0.5534157407407407,0.028046296296296288,0.5708500000000001,0.2584069274112625,0.16329346292146343
0.5640648148148147,0.5534157407407407,0.010649074074074075,0.5282,0.27152723218096053,0.15084133738652417
0.5687907407407408,0.5534157407407407,0.015375000000000002,0.5359499999999999,0.2716216412369074,0.1657715961177887
0.5639361111111111,0.5534157407407407,0.01052037037037037,0.5401,0.2650610246992978,0.15387542464650394
0.5599601851851852,0.5534157407407407,0.006544444444444443,0.5282,0.2678053002971657,0.1491775936755539
0.5640027777777777,0.5534157407407407,0.010587037037037037,0.52545,0.2756693944545546,0.154491774630632
0.5630120370370371,0.5534157407407407,0.009596296296296295,0.5556000000000001,0.2690982958779372,0.16254896310562897
0.5741546296296296,0.5534157407407407,0.020738888888888883,0.5546,0.2747247609470825,0.16486851562831173
0.5466851851851852,0.5534157407407407,-0.006730555555555555,0.5,0.2721980342910801,0.15202068197854263
0.5634481481481481,0.5534157407407407,0.010032407407407405,0.5359,0.26861684120642204,0.15409112659424878
0.5668944444444444,0.5534157407407407,0.013478703703703701,0.52085,0.2630971263863834,0.14538312263109313
0.5547861111111111,0.5534157407407407,0.0013703703703703664,0.50505,0.26182033201012883,0.15140968824127302
0.5732194444444444,0.5534157407407407,0.019803703703703702,0.5556,0.26059740334033615,0.14032241307903243
0.5630157407407407,0.5534157407407407,0.009600000000000001,0.538,0.2628387242846045,0.16155153976363085
0.5736425925925926,0.5534157407407407,0.02022685185185185,0.5556000000000001,0.2733172564162349,0.16104401186700745
0.5512925925925926,0.5534157407407407,-0.0021231481481481487,0.52085,0.2707948593169154,0.14652676359562994
0.5666055555555556,0.5534157407407407,0.013189814814814816,0.54425,0.2578942686463254,0.14965832296805362
0.5669120370370371,0.5534157407407407,0.013496296296296296,0.5359,0.26571180569468744,0.14894064861072775
0.5781379629629629,0.5534157407407407,0.024722222222222225,0.56115,0.26784732389773136,0.15832763577222136
0.5866657407407407,0.5534157407407407,0.033249999999999995,0.5791999999999999,0.2629634156574114,0.1521574630157912
0.5743083333333333,0.5534157407407407,0.020892592592592595,0.5556,0.2588942612883441,0.14640644022381677
0.5590509259259259,0.5534157407407407,0.005635185185185184,0.55625,0.2788334056923162,0.1506872798895983
0.5669175925925926,0.5534157407407407,0.01350185185185185,0.5359,0.26175781230830647,0.15255535595990266
0.5541851851851851,0.5534157407407407,0.000769444444444445,0.5333,0.2609411416481469,0.14139173293281523
0.5712574074074074,0.5534157407407407,0.017841666666666665,0.54765,0.25997597667725075,0.15186471668197718
0.5630435185185184,0.5534157407407407,0.009627777777777779,0.5401,0.26020349199677817,0.15252489536847785
0.5554342592592593,0.5534157407407407,0.0020185185185185193,0.5305500000000001,0.2645717068540596,0.1516090589531615
0.5553638888888889,0.5534157407407407,0.0019481481481481479,0.51805,0.2589305451051952,0.15494838783845044
0.5630129629629629,0.5534157407407407,0.00959722222222222,0.52655,0.26004762543415494,0.15721137771144766
0.571387037037037,0.5534157407407407,0.017971296296296294,0.5608500000000001,0.2702767585004884,0.15936571123068136
0.5731666666666667,0.5534157407407407,0.01975092592592592,0.5556000000000001,0.2606773319678356,0.15813506086813942
0.5654342592592593,0.5534157407407407,0.012018518518518517,0.54705,0.2617587842877152,0.15360002990419547
0.5765018518518519,0.5534157407407407,0.023086111111111113,0.54705,0.26371222845327236,0.16118968477602139
0.561787037037037,0.5534157407407407,0.008371296296296293,0.5333,0.26811010121300394,0.1472824783222153
0.5652944444444444,0.5534157407407407,0.011878703703703706,0.5528,0.2648523061651472,0.15416409636374387
0.5710592592592593,0.5534157407407407,0.017643518518518517,0.55555,0.25669778697662843,0.1426799812882015
0.5687796296296296,0.5534157407407407,0.015363888888888889,0.56115,0.2549980090665394,0.15296287770184197
0.572574074074074,0.5534157407407407,0.01915833333333333,0.5536,0.2708065666076549,0.15965280386004446
0.5642444444444444,0.5534157407407407,0.010828703703703701,0.5433,0.26141921478096786,0.15395062143848123
0.5548268518518519,0.5534157407407407,0.0014111111111111078,0.54705,0.26281946954383906,0.14646901706334195
0.5593759259259259,0.5534157407407407,0.005960185185185185,0.5305500000000001,0.2710468014456194,0.15504373030376767
0.5654907407407408,0.5534157407407407,0.012074999999999995,0.5556000000000001,0.2740373166951944,0.15886648842616186
0.5865333333333334,0.5534157407407407,0.03311759259259259,0.5556000000000001,0.26663310224905173,0.17293344342790515
0.5602842592592593,0.5534157407407407,0.00686851851851852,0.54705,0.2617655893516278,0.1453897299643036
0.560975,0.5534157407407407,0.007559259259259259,0.5305500000000001,0.26687948455379806,0.1447457054950483
0.5615212962962963,0.5534157407407407,0.008105555555555557,0.50505,0.2563764055406232,0.14575585644657138
0.5700537037037038,0.5534157407407407,0.01663796296296296,0.54705,0.2645205867740276,0.15363824832730527
0.5501916666666666,0.5534157407407407,-0.003224074074074076,0.5305500000000001,0.25688356616455743,0.1412943628922115
0.5659453703703704,0.5534157407407407,0.012529629629629632,0.54425,0.2709796124290497,0.15720575437094592
0.5704796296296295,0.5534157407407407,0.017063888888888892,0.5385,0.2693243528866364,0.15968098480438955
0.5668453703703703,0.5534157407407407,0.013429629629629626,0.5556000000000001,0.2777104346119982,0.15517732651802615
0.559186111111111,0.5534157407407407,0.005770370370370368,0.5325500000000001,0.2641869150184736,0.16215768387894247
0.5690370370370371,0.5534157407407407,0.015621296296296293,0.5398,0.2742939025399181,0.1605794408756886
0.5594138888888889,0.5534157407407407,0.0059981481481481465,0.55455,0.2762484346666298,0.15166125928078023
0.561162037037037,0.5534157407407407,0.007746296296296292,0.53095,0.26320886618222644,0.15594063537723357
0.5604175925925925,0.5534157407407407,0.007001851851851848,0.54865,0.2653550944229379,0.15830104112957316
0.5585555555555556,0.5534157407407407,0.00513981481481481,0.5305500000000001,0.2702013068631045,0.1584880513434908
0.5647694444444444,0.5534157407407407,0.011353703703703703,0.5305500000000001,0.2682998021318457,0.15209563114761632
0.5667046296296296,0.5534157407407407,0.013288888888888885,0.5359,0.26274778510293295,0.14662979152696043
0.5577009259259259,0.5534157407407407,0.004285185185185184,0.5215,0.255326309268634,0.154764059083747
0.5570194444444444,0.5534157407407407,0.0036037037037037005,0.5359,0.27711263422710736,0.15852931444233348
0.5650629629629629,0.5534157407407407,0.01164722222222222,0.5359,0.26945786541175654,0.15735732268171582
0.5586972222222222,0.5534157407407407,0.005281481481481481,0.5305500000000001,0.26750743494194923,0.15167519289534714
0.554325,0.5534157407407407,0.0009092592592592578,0.5305500000000001,0.2579718883203195,0.15031179714867027
0.5750092592592593,0.5534157407407407,0.02159351851851852,0.5556,0.25190088227893154,0.16118371956536082
0.568712037037037,0.5534157407407407,0.015296296296296297,0.54705,0.27254573986955904,0.15840875077660005
0.5599638888888889,0.5534157407407407,0.006548148148148148,0.5305500000000001,0.26826533819048415,0.15493320326248375
0.5621203703703704,0.5534157407407407,0.008704629629629626,0.5305500000000001,0.2696871828443386,0.15593657072834374
0.5619518518518518,0.5534157407407407,0.008536111111111109,0.54555,0.2747493639431997,0.1614498651723638
0.5632777777777778,0.5534157407407407,0.009862037037037039,0.52105,0.268622402992394,0.14984909400877588
0.562238888888889,0.5534157407407407,0.008823148148148148,0.5359499999999999,0.2648455952336035,0.15180793424063102
0.5693037037037038,0.5534157407407407,0.015887962962962958,0.5469999999999999,0.27038371174118353,0.15154104821139375
0.5520305555555556,0.5534157407407407,-0.0013851851851851857,0.51895,0.26876186188413487,0.1510693105859028
0.5653768518518518,0.5534157407407407,0.011961111111111108,0.5385,0.2719902020659992,0.15642620238079444
0.5568231481481482,0.5534157407407407,0.003407407407407404,0.5359,0.2712237968243722,0.14835600193151438
0.5628287037037036,0.5534157407407407,0.009412962962962963,0.5359,0.27163439146459584,0.15095675068725706
0.5620444444444445,0.5534157407407407,0.008628703703703706,0.52545,0.2619896321460544,0.15221333777443669
0.5654361111111111,0.5534157407407407,0.01202037037037037,0.5359499999999999,0.2687313613474451,0.14427967049965046
0.5644407407407407,0.5534157407407407,0.011024999999999997,0.5556,0.26427225095296186,0.13998796685603365
0.5574759259259258,0.5534157407407407,0.004060185185185183,0.5359,0.2676301978094185,0.15056729481904185
0.5562222222222223,0.5534157407407407,0.002806481481481484,0.53165,0.26514643047760533,0.1448351413915036
0.5702870370370371,0.5534157407407407,0.01687129629629629,0.5359,0.26921596934087727,0.1542475453391843
0.5688388888888888,0.5534157407407407,0.015423148148148144,0.5305500000000001,0.27769364880326264,0.17272379366609497
0.5588611111111111,0.5534157407407407,0.005445370370370368,0.54425,0.26652965321632355,0.1539315246381703
0.5760240740740741,0.5534157407407407,0.022608333333333328,0.5469999999999999,0.26260645580407155,0.15187990528980821
0.5584388888888889,0.5534157407407407,0.005023148148148151,0.54705,0.27137616402100223,0.15909991371231968
0.567849074074074,0.5534157407407407,0.01443333333333334,0.5359499999999999,0.2666114770949683,0.1476571616386336
0.57165,0.5534157407407407,0.01823425925925926,0.56115,0.268485797845733,0.14898392509539193
0.5562898148148148,0.5534157407407407,0.0028740740740740727,0.525,0.2585435211433445,0.16273791232104237
0.5548796296296297,0.5534157407407407,0.0014638888888888922,0.50505,0.2602603957575212,0.15253003593184758
0.5614185185185185,0.5534157407407407,0.008002777777777777,0.51895,0.2694152831486113,0.15443572746435807
0.5597796296296297,0.5534157407407407,0.00636388888888889,0.5305500000000001,0.27688109555637247,0.17467300743080516
0.5489925925925926,0.5534157407407407,-0.00442314814814815,0.5359,0.2674684363258566,0.1430435974364691
0.5535046296296297,0.5534157407407407,8.888888888888732e-05,0.5282,0.25248164489008623,0.1448727513406054
0.5682907407407408,0.5534157407407407,0.014875000000000001,0.5469999999999999,0.2681756055786647,0.1487557963215294
0.5538962962962963,0.5534157407407407,0.00048055555555555606,0.53335,0.26199296663382704,0.1467823479024751
0.5616703703703704,0.5534157407407407,0.008254629629629627,0.5359,0.2525814265891407,0.15629078242159708
0.5770101851851851,0.5534157407407407,0.023594444444444435,0.5556000000000001,0.2645617606956744,0.14510747730164478
0.5761157407407407,0.5534157407407407,0.0227,0.5546,0.26560252791347,0.16157204058581864
0.5601296296296295,0.5534157407407407,0.0067138888888888856,0.5126499999999999,0.26024682470317645,0.14255602568640008
0.555274074074074,0.5534157407407407,0.0018583333333333323,0.5282,0.2650488215899808,0.1544908950678923
0.5473268518518518,0.5534157407407407,-0.006088888888888893,0.51895,0.26631820388557303,0.14652545014072063
0.5642657407407408,0.5534157407407407,0.010849999999999997,0.52545,0.2727097262597035,0.16007510532807526
0.5515277777777778,0.5534157407407407,-0.0018879629629629606,0.5359,0.25833516946387974,0.14852194571317912
0.5570027777777777,0.5534157407407407,0.0035870370370370327,0.538,0.26682913587016915,0.15137762590549392
0.5716018518518519,0.5534157407407407,0.01818611111111111,0.5433,0.2725161557352619,0.16522638700938314
0.5730574074074075,0.5534157407407407,0.019641666666666665,0.5911,0.26327820834878546,0.16536578041352962
0.5556037037037037,0.5534157407407407,0.0021879629629629658,0.5401,0.26631999230983655,0.15168969415124928
0.5563648148148148,0.5534157407407407,0.0029490740740740723,0.5305500000000001,0.2503405539580836,0.13929134430130785
0.5877157407407407,0.5534157407407407,0.034300000000000004,0.56945,0.2547292442589869,0.15302322833875565
0.567237037037037,0.5534157407407407,0.013821296296296293,0.5359,0.26468183707447723,0.15409815845565908
0.5711777777777778,0.5534157407407407,0.01776203703703704,0.5333,0.2651629893168102,0.16207299596780436
0.5679231481481481,0.5534157407407407,0.014507407407407405,0.5460499999999999,0.265395043445283,0.15606388681257247
0.5535361111111111,0.5534157407407407,0.0001203703703703715,0.53095,0.26639514900382966,0.14710355609802223
0.5666685185185185,0.5534157407407407,0.013252777777777778,0.5462,0.25211238431849525,0.14909617447992515
0.5743888888888888,0.5534157407407407,0.020973148148148147,0.5556,0.2672437860527362,0.14514841170943701
0.5490314814814814,0.5534157407407407,-0.004384259259259261,0.5305500000000001,0.26445816044475184,0.1401744221618842
0.57705,0.5534157407407407,0.023634259259259258,0.5556000000000001,0.2737922810774075,0.1617463164075423
0.5746657407407407,0.5534157407407407,0.02124999999999999,0.5326,0.26599458541395093,0.152667055428092
0.5530574074074074,0.5534157407407407,-0.000358333333333335,0.5125,0.2593740460011565,0.15160258124513223
0.5550351851851851,0.5534157407407407,0.001619444444444447,0.53165,0.2607682500722812,0.15955002523647405
0.5593777777777778,0.5534157407407407,0.005962037037037034,0.51895,0.2648887300634773,0.15632100911630145
0.5801842592592592,0.5534157407407407,0.026768518518518514,0.5608500000000001,0.2624054151488611,0.16542340444438816
0.5778953703703703,0.5534157407407407,0.024479629629629632,0.58335,0.26849033132638017,0.17243145340460952
0.5703333333333332,0.5534157407407407,0.01691759259259259,0.5556,0.25923347323380097,0.1604580416979844
0.5680527777777777,0.5534157407407407,0.014637037037037033,0.5359,0.27040800825195854,0.1512172958958554
0.5702185185185185,0.5534157407407407,0.016802777777777774,0.5359,0.26737728573102,0.15110500245826666
0.5518935185185184,0.5534157407407407,-0.0015222222222222236,0.5305500000000001,0.26939034676387424,0.14460226361210443
0.5657731481481482,0.5534157407407407,0.012357407407407407,0.5469999999999999,0.25645409150165743,0.1522865984762239
0.5476009259259258,0.5534157407407407,-0.0058148148148148135,0.5105999999999999,0.2647490568127615,0.1550603824591459
0.5703546296296296,0.5534157407407407,0.01693888888888889,0.5556000000000001,0.26178689820505563,0.14725986429573656
0.5718546296296295,0.5534157407407407,0.018438888888888894,0.5359,0.27605920311271276,0.1729775663880153
0.5605370370370371,0.5534157407407407,0.007121296296296296,0.5298,0.2644517444780691,0.1527933391725574
0.5604092592592592,0.5534157407407407,0.006993518518518518,0.53505,0.25404681794475875,0.15409871048915436
0.5453175925925925,0.5534157407407407,-0.008098148148148151,0.5,0.2640158062489638,0.15141245827177854
0.5609231481481481,0.5534157407407407,0.007507407407407407,0.5469999999999999,0.2672314641662987,0.15894354414379763
0.5671101851851852,0.5534157407407407,0.013694444444444445,0.5385,0.27045530732410944,0.16634035642156966
0.5806416666666666,0.5534157407407407,0.02722592592592592,0.5944499999999999,0.25972516823369024,0.1518978126563673
0.5669212962962963,0.5534157407407407,0.013505555555555557,0.5486,0.255455578394529,0.14650944139353436
0.5739453703703703,0.5534157407407407,0.02052962962962963,0.5401,0.26454562823380495,0.15993847138165018
0.5833481481481482,0.5534157407407407,0.029932407407407404,0.57365,0.255619982063577,0.158481468493425
0.572562962962963,0.5534157407407407,0.01914722222222222,0.5469999999999999,0.26473397777631347,0.15821127626100823
0.5560157407407407,0.5534157407407407,0.0026000000000000003,0.5305500000000001,0.2599427399787701,0.14926329994436136
0.5654888888888889,0.5534157407407407,0.012073148148148142,0.5359,0.265604000199768,0.14788225968716956
0.5791101851851852,0.5534157407407407,0.025694444444444443,0.5359,0.26747868530324836,0.16377044672706914
0.5667972222222223,0.5534157407407407,0.01338148148148148,0.54905,0.2581211859335182,0.14703333028469134
0.5693694444444445,0.5534157407407407,0.0159537037037037,0.5556000000000001,0.2746808304020189,0.15060693560249785
0.5705453703703703,0.5534157407407407,0.017129629629629627,0.54705,0.25539634266669736,0.1571694592691734
0.5577055555555556,0.5534157407407407,0.004289814814814815,0.5359,0.2631390179593016,0.14666131174438002
0.558425,0.5534157407407407,0.0050092592592592584,0.54425,0.25631549999440767,0.14988340922885024
0.552362962962963,0.5534157407407407,-0.0010527777777777842,0.52105,0.26522442572021043,0.15503309050357714
0.5647777777777778,0.5534157407407407,0.011362037037037039,0.54705,0.2551036836427489,0.14809301365991953
0.5697046296296296,0.5534157407407407,0.016288888888888884,0.5556,0.26384740718345445,0.14795274967729272
0.5480666666666666,0.5534157407407407,-0.005349074074074077,0.5122,0.27269743906210053,0.1488352281528858
0.5572074074074073,0.5534157407407407,0.0037916666666666654,0.51895,0.2641339941402949,0.14880135797604138
0.5625425925925925,0.5534157407407407,0.009126851851851851,0.5359,0.26839490719143644,0.15362198270854643
0.5497157407407407,0.5534157407407407,-0.0037000000000000006,0.5126499999999999,0.26088618177927975,0.1412290755322746
0.5638462962962963,0.5534157407407407,0.010430555555555556,0.54705,0.2623378646322319,0.14881693418006534
0.5566462962962964,0.5534157407407407,0.0032305555555555555,0.54905,0.26231121504342175,0.15413138736691856
0.5487249999999999,0.5534157407407407,-0.00469074074074075,0.512,0.26102978493171103,0.16005398653283726
0.557149074074074,0.5534157407407407,0.0037333333333333355,0.51895,0.2687772129218743,0.1533192387535322
0.5642814814814814,0.5534157407407407,0.010865740740740744,0.5556,0.26209266505268747,0.15565025986092432
0.5646768518518519,0.5534157407407407,0.011261111111111112,0.5556000000000001,0.2710947238000761,0.1576069812209948
0.5620833333333333,0.5534157407407407,0.008667592592592591,0.51895,0.26477116570147113,0.15884616835676854
0.5791527777777778,0.5534157407407407,0.025737037037037034,0.5359,0.2732367285071609,0.16580863623190056
0.5745564814814815,0.5534157407407407,0.021140740740740745,0.5635000000000001,0.260607753118811,0.15056490142006237
0.5752759259259259,0.5534157407407407,0.021860185185185184,0.5359499999999999,0.27528095448287704,0.16478227319358077
0.5579638888888889,0.5534157407407407,0.004548148148148151,0.53095,0.2687971553790616,0.15460180415184643
0.5771453703703704,0.5534157407407407,0.02372962962962963,0.5546,0.26631536760971036,0.16206854628002154
0.5628527777777779,0.5534157407407407,0.009437037037037037,0.5556000000000001,0.2663645385095197,0.15752783382158841
0.5776962962962963,0.5534157407407407,0.024280555555555555,0.5556000000000001,0.25494527612397544,0.14624188799826113
0.5712462962962963,0.5534157407407407,0.017830555555555558,0.5433,0.25946888327509243,0.1542352393509097
0.5470138888888889,0.5534157407407407,-0.006401851851851852,0.5556000000000001,0.2705879936890409,0.15314630594492304
0.5616157407407407,0.5534157407407407,0.0082,0.5333000000000001,0.26764508552556726,0.1548266809096395
0.5623148148148148,0.5534157407407407,0.008899074074074071,0.5305500000000001,0.2696097379667646,0.144550152015599
0.5633314814814815,0.5534157407407407,0.009915740740740744,0.5385,0.26919341503942557,0.16436773858708167
0.5745870370370371,0.5534157407407407,0.021171296296296296,0.54865,0.2650222082362694,0.1546381268959654
0.557537037037037,0.5534157407407407,0.004121296296296294,0.5305500000000001,0.2735358882611928,0.15299287690396124
0.558849074074074,0.5534157407407407,0.005433333333333333,0.54425,0.26155809150699105,0.1458080033186646
0.563750925925926,0.5534157407407407,0.01033518518518519,0.5536,0.28025570550200113,0.16076947931558602
0.568012037037037,0.5534157407407407,0.014596296296296303,0.5556000000000001,0.26000813348801965,0.1508856904247034
0.5604962962962963,0.5534157407407407,0.007080555555555554,0.5182500000000001,0.27622149615738706,0.16974037319175794
0.5559018518518518,0.5534157407407407,0.002486111111111111,0.5460499999999999,0.2648105695653932,0.14854524686452814
0.5553537037037037,0.5534157407407407,0.0019379629629629634,0.5359,0.2651105438368005,0.14787343395815913
0.5748120370370371,0.5534157407407407,0.021396296296296295,0.5556000000000001,0.2666057356190421,0.16624334597093599
0.5606388888888889,0.5534157407407407,0.007223148148148146,0.55555,0.2607047425203187,0.1574366109534285
0.5618361111111111,0.5534157407407407,0.00842037037037037,0.5215,0.2575268861595146,0.16029249477201163
0.5591277777777778,0.5534157407407407,0.005712037037037036,0.54425,0.2678532914922642,0.15890859932007387
0.5518175925925926,0.5534157407407407,-0.0015981481481481504,0.5305500000000001,0.26910529149741225,0.16636815665246896
0.5656074074074074,0.5534157407407407,0.012191666666666665,0.53095,0.2701207717790075,0.1838560362877413
0.5615833333333333,0.5534157407407407,0.008167592592592591,0.54705,0.27157223252135976,0.15112839675067888
0.5479740740740741,0.5534157407407407,-0.005441666666666672,0.5,0.26932903143187487,0.15042478241151422
0.5527990740740741,0.5534157407407407,-0.0006166666666666655,0.51265,0.26549239019503196,0.1495523441637068
0.5620851851851852,0.5534157407407407,0.008669444444444443,0.5359,0.26549024088046835,0.1470559029428696
0.561486111111111,0.5534157407407407,0.00807037037037037,0.5566500000000001,0.27958466507568486,0.15557464191614961
0.5592268518518518,0.5534157407407407,0.005811111111111108,0.52545,0.27052010984950303,0.16481979756625695
0.5599583333333333,0.5534157407407407,0.006542592592592595,0.54425,0.26315500251841556,0.14838998203061898
0.569375,0.5534157407407407,0.015959259259259253,0.5359,0.2651487863480977,0.1490255664178974
0.5641212962962963,0.5534157407407407,0.010705555555555553,0.53335,0.2536126028926155,0.13812697452106407
0.5562972222222222,0.5534157407407407,0.002881481481481479,0.5215,0.2752919461220914,0.1597679299157387
0.5590453703703703,0.5534157407407407,0.005629629629629628,0.53765,0.27196384977758137,0.15641278556343152
0.5663416666666666,0.5534157407407407,0.01292592592592592,0.5433,0.276081534118652,0.17465255355061796
0.5610518518518518,0.5534157407407407,0.007636111111111109,0.5556000000000001,0.26871413622264906,0.16184338423379938
0.5496138888888888,0.5534157407407407,-0.0038018518518518505,0.5462,0.2677485615931531,0.1423908717944039
0.5658592592592592,0.5534157407407407,0.012443518518518517,0.57365,0.27928796014117757,0.15527465643034088
0.5551037037037037,0.5534157407407407,0.0016879629629629632,0.53095,0.2573222137095773,0.14721457904590213
0.5586203703703704,0.5534157407407407,0.00520462962962963,0.51895,0.26059642187717896,0.1436769125921457
0.5641129629629629,0.5534157407407407,0.010697222222222223,0.5556000000000001,0.2692282258371148,0.14615257643876303
0.556524074074074,0.5534157407407407,0.0031083333333333314,0.51895,0.2686678322537324,0.15887522061133091
0.5842537037037038,0.5534157407407407,0.03083796296296297,0.5556000000000001,0.2679142984138129,0.1640974247422142
0.5705083333333333,0.5534157407407407,0.01709259259259259,0.5556000000000001,0.2644715065567061,0.1628964596918286
0.5588648148148148,0.5534157407407407,0.005449074074074075,0.5359,0.2763709295730097,0.1600821217377794
0.5682314814814815,0.5534157407407407,0.014815740740740739,0.5401,0.26961430279323445,0.16044515303707693
0.5617277777777777,0.5534157407407407,0.008312037037037038,0.538,0.27197431600608574,0.16158073744592424
0.5602611111111111,0.5534157407407407,0.006845370370370372,0.5359,0.26533294120495765,0.1430712889320704
0.5552601851851853,0.5534157407407407,0.0018444444444444422,0.5359,0.26642672536506246,0.15632415598540197
0.5649574074074074,0.5534157407407407,0.011541666666666664,0.5354,0.27644039603762677,0.15891375144145412
0.5607240740740741,0.5534157407407407,0.007308333333333332,0.525,0.27400646109797067,0.15226469275205762
0.5781814814814814,0.5534157407407407,0.02476574074074074,0.5556000000000001,0.26091749730810126,0.15536920945039454
0.5619787037037037,0.5534157407407407,0.00856296296296296,0.5305500000000001,0.27860015298481744,0.17383248332891546
0.5607527777777778,0.5534157407407407,0.007337037037037037,0.5547,0.26011760656393157,0.14857055568754873
0.5633611111111111,0.5534157407407407,0.009945370370370367,0.5556000000000001,0.2672217014500445,0.15968442323875923
0.5593009259259258,0.5534157407407407,0.005885185185185183,0.5305500000000001,0.26582881867896896,0.14915003097916835
0.5676166666666665,0.5534157407407407,0.014200925925925926,0.5556000000000001,0.2795193416142228,0.17297716963254983
0.5704935185185186,0.5534157407407407,0.017077777777777775,0.5359499999999999,0.26407840179394904,0.1513772327807632
0.5700740740740741,0.5534157407407407,0.016658333333333334,0.5518000000000001,0.26608660046633836,0.1548546452156338
0.5596537037037037,0.5534157407407407,0.006237962962962965,0.5305500000000001,0.2686879072111015,0.15030152604767624
0.556675925925926,0.5534157407407407,0.003260185185185185,0.5385,0.26008194713994787,0.14512197057610066
0.567824074074074,0.5534157407407407,0.014408333333333327,0.5359,0.2608786013621419,0.14890678833468116
0.5609777777777778,0.5534157407407407,0.007562037037037038,0.5359,0.26743650738608227,0.14973152779058685
0.5605796296296297,0.5534157407407407,0.007163888888888891,0.54705,0.2670243668251387,0.15917395789109634
0.5669518518518518,0.5534157407407407,0.013536111111111106,0.5359,0.2606088405130339,0.15156027853496115
0.590887037037037,0.5534157407407407,0.03747129629629629,0.5944499999999999,0.25889282489799165,0.15460477864416847
0.5596814814814814,0.5534157407407407,0.006265740740740737,0.55555,0.2726255451680171,0.1542783333538343
0.5563685185185184,0.5534157407407407,0.002952777777777771,0.5141,0.26362000996483453,0.1449003927668505
0.5662388888888888,0.5534157407407407,0.012823148148148148,0.5385,0.2607356002541183,0.15673099855406253
0.5784231481481481,0.5534157407407407,0.025007407407407405,0.55625,0.26823069287339646,0.14762467355995387
0.5702916666666666,0.5534157407407407,0.016875925925925923,0.5556000000000001,0.2732351680013213,0.16560323536862198
0.5570175925925925,0.5534157407407407,0.0036018518518518504,0.52545,0.26392475380099645,0.154487754093206
0.5871509259259259,0.5534157407407407,0.03373518518518519,0.5750500000000001,0.2670553246945898,0.16209310772781974
0.5616,0.5534157407407407,0.008184259259259256,0.5359,0.2631313441972762,0.1499440887461505
0.5726805555555555,0.5534157407407407,0.019264814814814818,0.5359,0.259081017335531,0.15426112120942148
0.5530907407407407,0.5534157407407407,-0.00032499999999999814,0.50505,0.2651673312426036,0.1386507992602784
0.569887037037037,0.5534157407407407,0.016471296296296293,0.5556000000000001,0.2624473964533797,0.1561528098034706
0.5560212962962963,0.5534157407407407,0.0026055555555555515,0.5305500000000001,0.26479773485313396,0.1434248168891579
0.5571499999999999,0.5534157407407407,0.003734259259259259,0.5359,0.26821724264546537,0.16173065364782493
0.5620148148148147,0.5534157407407407,0.008599074074074075,0.51665,0.26475637851690365,0.1541755386827191
0.5704833333333332,0.5534157407407407,0.01706759259259259,0.53505,0.27517178372926915,0.15433799044656765
0.5642509259259259,0.5534157407407407,0.010835185185185184,0.5385,0.2552875023921839,0.14135937916366031
0.558861111111111,0.5534157407407407,0.005445370370370369,0.5359,0.2563414985796896,0.15043391841649914
0.5620722222222222,0.5534157407407407,0.00865648148148148,0.5359,0.25548687763120936,0.14393726974327806
0.5574425925925927,0.5534157407407407,0.0040268518518518474,0.5305500000000001,0.2648302525296117,0.15144141003737613
0.5434527777777778,0.5534157407407407,-0.009962962962962963,0.5305500000000001,0.27000365987769875,0.1431131332052083
0.5681037037037037,0.5534157407407407,0.014687962962962963,0.5791999999999999,0.2770515390920202,0.15389285246778522
0.5753833333333332,0.5534157407407407,0.02196759259259259,0.5547500000000001,0.2632538537141044,0.1589547033748651
0.5654851851851851,0.5534157407407407,0.012069444444444445,0.5433,0.259757953046665,0.14830577686036292
0.5755916666666666,0.5534157407407407,0.022175925925925925,0.5401,0.2699452450969776,0.18237912595263417
0.5652379629629629,0.5534157407407407,0.01182222222222222,0.5359,0.27269256000790004,0.15844629228524348
0.5568583333333333,0.5534157407407407,0.003442592592592591,0.5305500000000001,0.2603330247234919,0.15147852887776755
0.568462037037037,0.5534157407407407,0.015046296296296295,0.5359,0.2739355633071578,0.15670327721192723
0.5705666666666667,0.5534157407407407,0.017150925925925927,0.54705,0.25582544172836685,0.15319734600039436
0.5516462962962964,0.5534157407407407,-0.0017694444444444522,0.5305500000000001,0.26859321757671106,0.14858521043013323
0.5658842592592593,0.5534157407407407,0.012468518518518512,0.5385,0.27315277166047813,0.16566764874523737
0.5590453703703704,0.5534157407407407,0.00562962962962963,0.5333,0.2644837066812652,0.1600039399393753
0.5629953703703704,0.5534157407407407,0.009579629629629627,0.54425,0.26664854617009986,0.14763232604453366
0.5793574074074074,0.5534157407407407,0.02594166666666666,0.557,0.2673674090833522,0.16645738593338447
0.5691092592592594,0.5534157407407407,0.015693518518518516,0.5546,0.2651660793410255,0.15457690417197573
0.5445259259259259,0.5534157407407407,-0.00888981481481482,0.50505,0.2673658389640102,0.14717700700387812
0.5691907407407407,0.5534157407407407,0.015775,0.53335,0.2754518919399138,0.16965452092992575
0.5605953703703703,0.5534157407407407,0.007179629629629627,0.5433,0.26973762723887756,0.14855619583002155
0.5681814814814815,0.5534157407407407,0.01476574074074074,0.53165,0.2656765692848046,0.15288877831600392
0.5609435185185185,0.5534157407407407,0.007527777777777776,0.5359499999999999,0.2671310981567994,0.15073669302148351
0.5655101851851853,0.5534157407407407,0.012094444444444444,0.5401,0.2690242451429457,0.1544017086446868
0.5541879629629629,0.5534157407407407,0.0007722222222222173,0.50505,0.2635070517127649,0.148678486356621
0.5520194444444444,0.5534157407407407,-0.0013962962962962946,0.51895,0.26529026756927626,0.14605102931415606
0.5545212962962963,0.5534157407407407,0.0011055555555555545,0.5305500000000001,0.2654345782610504,0.14496617448407845
0.5541462962962963,0.5534157407407407,0.0007305555555555543,0.5305500000000001,0.27683971624538867,0.1550756755019908
0.5779407407407408,0.5534157407407407,0.024524999999999995,0.5556000000000001,0.27415938949458635,0.16656423482377572
0.5731398148148148,0.5534157407407407,0.019724074074074074,0.5469999999999999,0.26861951096484676,0.15720435885515352
0.5711777777777777,0.5534157407407407,0.01776203703703703,0.5556000000000001,0.25588899145949157,0.1472253379487697
0.5631064814814815,0.5534157407407407,0.009690740740740738,0.5326,0.26022278495178913,0.1719244501197514
0.5786694444444445,0.5534157407407407,0.025253703703703705,0.5632,0.2632197463185939,0.1558651990231566
0.5647787037037036,0.5534157407407407,0.011362962962962962,0.5556,0.26733573209426886,0.15718306405202714
0.5737777777777777,0.5534157407407407,0.020362037037037033,0.5359,0.2682441422946443,0.16304428600705398
0.5760546296296296,0.5534157407407407,0.02263888888888889,0.5608500000000001,0.26752752513963524,0.15835824099872997
0.5595453703703703,0.5534157407407407,0.006129629629629629,0.5305500000000001,0.25375697196232405,0.14350011316499448
0.5725935185185185,0.5534157407407407,0.01917777777777778,0.5359,0.2659837772697461,0.15378186355234613
0.5832564814814815,0.5534157407407407,0.029840740740740737,0.57365,0.26268423895782195,0.16462586301452745
0.5737175925925927,0.5534157407407407,0.02030185185185185,0.5556000000000001,0.2676189671095213,0.1562696710497483
0.5588981481481481,0.5534157407407407,0.005482407407407402,0.53335,0.26081217325148903,0.14233754197622098
0.5695101851851851,0.5534157407407407,0.016094444444444446,0.55555,0.2526957384888646,0.16709317778504693
0.5592564814814815,0.5534157407407407,0.0058407407407407375,0.5556,0.27107268855597066,0.15031547885860896
0.5719592592592592,0.5534157407407407,0.018543518518518518,0.54705,0.26365755049335576,0.16394936548696704
0.5620583333333333,0.5534157407407407,0.008642592592592589,0.5469999999999999,0.2673301711314985,0.14449280951207322
0.5578296296296297,0.5534157407407407,0.004413888888888893,0.5359,0.26104345799952067,0.1520610670850792
0.5504185185185184,0.5534157407407407,-0.0029972222222222253,0.5359,0.2773592603105721,0.1501069764692341
0.5785425925925926,0.5534157407407407,0.025126851851851848,0.54705,0.26030725490074863,0.1486080340254605
0.577225,0.5534157407407407,0.023809259259259256,0.5730500000000001,0.25491324128830994,0.1574739880831455
0.5780296296296296,0.5534157407407407,0.024613888888888887,0.57365,0.26992146045621274,0.15440366349482465
0.5593666666666666,0.5534157407407407,0.0059509259259259255,0.5359,0.26789646312198867,0.1536506028499205
0.5525203703703704,0.5534157407407407,-0.000895370370370373,0.53335,0.26793586893423543,0.1569095610604975
0.5790592592592593,0.5534157407407407,0.025643518518518513,0.5556000000000001,0.2613018822201299,0.1631436854650847
0.558825,0.5534157407407407,0.005409259259259256,0.5282,0.25909302415069263,0.14482606811939214
0.555675,0.5534157407407407,0.0022592592592592577,0.5282,0.28142976751235127,0.14759865513471665
0.5784055555555555,0.5534157407407407,0.024989814814814815,0.5566500000000001,0.2659039770585922,0.16570018806627537
0.5638953703703703,0.5534157407407407,0.01047962962962963,0.53765,0.25568746634447287,0.15111180657328815
0.563985185185185,0.5534157407407407,0.01056944444444445,0.5433,0.2716323167066184,0.14946505762269574
0.5659018518518518,0.5534157407407407,0.012486111111111111,0.5333,0.26734186241291835,0.1671361611003197
0.5500342592592592,0.5534157407407407,-0.0033814814814814792,0.52545,0.27315232105471304,0.1544909652550862
0.5658611111111111,0.5534157407407407,0.01244537037037037,0.54425,0.2673858767243534,0.1536004291905628
0.5524296296296296,0.5534157407407407,-0.0009861111111111103,0.5305500000000001,0.2743374960349071,0.1538220761584863
0.5765657407407407,0.5534157407407407,0.02315,0.5828,0.2671450973178087,0.1573700214299401
0.5659314814814815,0.5534157407407407,0.01251574074074074,0.538,0.2679990869171739,0.15534309159101234
0.5637444444444445,0.5534157407407407,0.010328703703703705,0.5359,0.2657343130064958,0.16142629176522102
0.5396907407407406,0.5534157407407407,-0.013725000000000003,0.50505,0.27143338197068595,0.14379792943344422
0.5570861111111111,0.5534157407407407,0.003670370370370371,0.5176999999999999,0.2613159227592895,0.14597007775520826
0.5568037037037037,0.5534157407407407,0.003387962962962965,0.5126499999999999,0.26392858419702825,0.14880371108676987
0.5670537037037037,0.5534157407407407,0.013637962962962965,0.5528,0.24926911532581258,0.15935679518461907
0.567837037037037,0.5534157407407407,0.014421296296296291,0.57265,0.2627398562711447,0.15044207010712457
0.5635611111111112,0.5534157407407407,0.010145370370370365,0.5333,0.25315517454469283,0.14320550319939004
0.5592157407407407,0.5534157407407407,0.005799999999999998,0.5305500000000001,0.2675946722721103,0.16081274650739702
0.5629879629629629,0.5534157407407407,0.009572222222222216,0.5359,0.2623961992250923,0.14518327111564197
0.5718305555555555,0.5534157407407407,0.018414814814814818,0.5305500000000001,0.2659693937343671,0.16653255459845345
0.5642481481481482,0.5534157407407407,0.010832407407407403,0.54705,0.2658552031876735,0.14736425455104052
0.543262962962963,0.5534157407407407,-0.010152777777777776,0.50505,0.2678897515569971,0.14814940580646946
0.551225,0.5534157407407407,-0.0021907407407407405,0.5,0.2718509449772922,0.15564874578035498
0.5688157407407407,0.5534157407407407,0.015400000000000002,0.5385,0.26062413590687106,0.15402618056377762
0.5494009259259259,0.5534157407407407,-0.004014814814814819,0.5122,0.2783096374511671,0.1537621228803624
0.5611046296296296,0.5534157407407407,0.007688888888888888,0.5305500000000001,0.26609064135669735,0.1495985708446237
0.5774388888888888,0.5534157407407407,0.02402314814814814,0.5572999999999999,0.26711435292574753,0.15880438246176318
0.55375,0.5534157407407407,0.00033425925925925843,0.5433,0.26763926325119947,0.14864454632371354
0.5660129629629629,0.5534157407407407,0.012597222222222223,0.57365,0.2621879717696285,0.14453798353305133
0.5698805555555555,0.5534157407407407,0.016464814814814814,0.5359,0.26640417872250044,0.1682187985065683
0.5687027777777778,0.5534157407407407,0.015287037037037035,0.5359,0.26187395214996423,0.14752233671682108
0.555862962962963,0.5534157407407407,0.00244722222222222,0.52085,0.2669847724288706,0.1526406319286458
0.5772824074074074,0.5534157407407407,0.023866666666666658,0.5556000000000001,0.2634623879693723,0.14653459289835916
0.5523490740740741,0.5534157407407407,-0.0010666666666666674,0.5305500000000001,0.2747828554744383,0.14828453830074603
0.5722185185185186,0.5534157407407407,0.018802777777777772,0.5528,0.26725640743939305,0.15491808535410556
0.578724074074074,0.5534157407407407,0.025308333333333335,0.5635000000000001,0.26682828069310666,0.16131133311577578
0.5611111111111111,0.5534157407407407,0.00769537037037037,0.5359499999999999,0.2662830288699872,0.15139467353453323
0.5553685185185185,0.5534157407407407,0.001952777777777776,0.5105999999999999,0.26700876062779344,0.1491473325763547
0.5634472222222222,0.5534157407407407,0.010031481481481475,0.5305500000000001,0.26276315566212904,0.15177491182493547
0.5594305555555555,0.5534157407407407,0.006014814814814812,0.52545,0.2593085638782936,0.14102456193227367
0.5651657407407408,0.5534157407407407,0.011750000000000002,0.5462,0.2688101077879679,0.14802247208782407
0.5588944444444445,0.5534157407407407,0.005478703703703704,0.5305500000000001,0.2651856485429527,0.14615729975338593
0.5738666666666666,0.5534157407407407,0.020450925925925924,0.5556000000000001,0.2708113009969554,0.15703766468581914
0.57515,0.5534157407407407,0.021734259259259255,0.5556000000000001,0.2652261343390741,0.1529036145988384
0.5753750000000001,0.5534157407407407,0.021959259259259258,0.5556000000000001,0.25629480729750176,0.1572744877368994
0.5730324074074074,0.5534157407407407,0.019616666666666675,0.5398,0.2693537207537142,0.1689123759458245
0.5749083333333334,0.5534157407407407,0.021492592592592594,0.56355,0.26761190868162854,0.1578301966439087
0.5647064814814814,0.5534157407407407,0.011290740740740744,0.5398,0.2571900243967222,0.16662234231997172
0.5633037037037038,0.5534157407407407,0.009887962962962961,0.5398,0.26317906271505515,0.16561464263088463
0.5789546296296296,0.5534157407407407,0.025538888888888885,0.5903,0.2654917132255738,0.16439490284372227
0.5649250000000001,0.5534157407407407,0.01150925925925926,0.5566500000000001,0.26599817198619996,0.14899284843719007
0.5591425925925926,0.5534157407407407,0.005726851851851854,0.5359,0.26741828351074365,0.1535154633792264
0.5831009259259259,0.5534157407407407,0.029685185185185186,0.5556000000000001,0.2699118739862343,0.16407089749446208
0.5721537037037037,0.5534157407407407,0.01873796296296296,0.55555,0.27424285384190167,0.16062632651481348
0.575087037037037,0.5534157407407407,0.021671296296296296,0.5469999999999999,0.26949465241607007,0.15853735315681117
0.575875,0.5534157407407407,0.022459259259259262,0.5635000000000001,0.25350837702061474,0.14754772903495128
0.5557157407407407,0.5534157407407407,0.0022999999999999965,0.5305500000000001,0.26699037826551364,0.15199032249074648
0.5538277777777778,0.5534157407407407,0.00041203703703703584,0.5359,0.2672938691631588,0.15112440608795744
0.5554972222222222,0.5534157407407407,0.0020814814814814815,0.5194,0.2555321946753018,0.14575046473893824
0.5511092592592592,0.5534157407407407,-0.0023064814814814836,0.5305500000000001,0.27367693230879153,0.14753011305039795
0.5478203703703703,0.5534157407407407,-0.0055953703703703695,0.51895,0.26005202813702355,0.14879866180200396
0.5738768518518518,0.5534157407407407,0.02046111111111111,0.5547500000000001,0.2630101364758818,0.1678996756707489
0.5677694444444444,0.5534157407407407,0.014353703703703698,0.54905,0.2636231750120364,0.1524377074711227
0.5576046296296295,0.5534157407407407,0.004188888888888887,0.525,0.2542657802137598,0.15583192499405255
0.570862962962963,0.5534157407407407,0.017447222222222225,0.5359,0.2619591698200715,0.15332962870541628
0.5675611111111111,0.5534157407407407,0.014145370370370369,0.5398,0.2663077103734726,0.15466926570610964
0.5699601851851852,0.5534157407407407,0.016544444444444445,0.54705,0.2729506795131574,0.1563690155825888
0.548375,0.5534157407407407,-0.0050407407407407415,0.51895,0.25855110708839657,0.14789570967915955
0.5606629629629629,0.5534157407407407,0.007247222222222217,0.53335,0.2590983083344872,0.14840289846423374
0.5591916666666666,0.5534157407407407,0.005775925925925923,0.5305500000000001,0.2634740715488047,0.15615894363341712
0.5569546296296296,0.5534157407407407,0.0035388888888888896,0.50505,0.2699266772659967,0.14683497306378257
0.5497879629629631,0.5534157407407407,-0.0036277777777777797,0.5359,0.2672882331367803,0.14987503257516946
0.5692703703703704,0.5534157407407407,0.015854629629629628,0.54425,0.26668248762777463,0.1573801649938975
0.5551444444444443,0.5534157407407407,0.0017287037037037056,0.5298,0.27225837897504346,0.14783689171372258
0.5662305555555555,0.5534157407407407,0.012814814814814814,0.5556,0.2670855165855721,0.15428816395135242
0.5757435185185185,0.5534157407407407,0.022327777777777783,0.5632,0.26105044747293976,0.15549640368070383
0.5722361111111111,0.5534157407407407,0.018820370370370362,0.5359,0.26077443271641293,0.15538203733088066
0.5774722222222222,0.5534157407407407,0.02405648148148148,0.5556000000000001,0.26812150817571023,0.17086470697144834
0.5590305555555555,0.5534157407407407,0.005614814814814813,0.5333000000000001,0.25892255489135,0.14774845180953644
0.5485435185185185,0.5534157407407407,-0.004872222222222227,0.5,0.27550924582858743,0.15174060923896357
0.5684472222222222,0.5534157407407407,0.01503148148148148,0.5385,0.26484646070737133,0.15470481910958242
0.5618555555555556,0.5534157407407407,0.008439814814814815,0.54865,0.25641558204701775,0.14709795893030167
0.5692148148148148,0.5534157407407407,0.015799074074074076,0.54705,0.27185951045223683,0.14869551243966778
0.5556740740740741,0.5534157407407407,0.002258333333333331,0.5298,0.2627558613733489,0.14891480417295375
0.5719416666666667,0.5534157407407407,0.01852592592592592,0.5359499999999999,0.27029005608029283,0.16902443741382453
0.552125,0.5534157407407407,-0.0012907407407407425,0.5305500000000001,0.27634265676619335,0.14956201135504854
0.5664037037037036,0.5534157407407407,0.012987962962962962,0.5556000000000001,0.2667211610336977,0.1604307220663411
0.560162037037037,0.5534157407407407,0.006746296296296296,0.5305500000000001,0.2640143654819912,0.1503635646522768
0.5847629629629629,0.5534157407407407,0.03134722222222222,0.5608500000000001,0.266719498284191,0.17884948533173584
0.5459722222222223,0.5534157407407407,-0.0074435185185185195,0.50505,0.27154966597354285,0.15027286102731957
0.5674888888888888,0.5534157407407407,0.014073148148148147,0.5528,0.2584022117803164,0.15336419826551012
0.5612018518518518,0.5534157407407407,0.007786111111111113,0.5398,0.27025738717681963,0.156069181555694
0.5879888888888889,0.5534157407407407,0.034573148148148145,0.5729,0.27126702171781053,0.1553352747768405
0.5579842592592592,0.5534157407407407,0.004568518518518517,0.5359,0.26448152706971506,0.14409936904279758
0.5686796296296296,0.5534157407407407,0.015263888888888891,0.54705,0.2651102213942571,0.13939636451790974
0.5689351851851852,0.5534157407407407,0.01551944444444444,0.56115,0.27253254982304315,0.16606807941792318
0.5695925925925925,0.5534157407407407,0.016176851851851852,0.5359,0.25914055101095695,0.14453121811760006
0.5583185185185185,0.5534157407407407,0.00490277777777778,0.5359,0.26872774227262725,0.15592306661457186
0.5715509259259258,0.5534157407407407,0.01813518518518518,0.56115,0.2654322112784757,0.14888273458321058
0.5578944444444444,0.5534157407407407,0.004478703703703705,0.54705,0.2734417451784393,0.1524958605541619
0.5528342592592592,0.5534157407407407,-0.0005814814814814812,0.54705,0.2551582148584022,0.1493118045599954
0.5744212962962963,0.5534157407407407,0.02100555555555555,0.54765,0.26175152269984425,0.16882785892783148
0.5675481481481481,0.5534157407407407,0.014132407407407408,0.5556,0.25709307870503617,0.1508814548774167
0.5706249999999999,0.5534157407407407,0.01720925925925926,0.5528,0.255402309039321,0.16321826825155009
0.5680231481481481,0.5534157407407407,0.014607407407407406,0.54705,0.26583635701591285,0.16026085086024375
0.561837037037037,0.5534157407407407,0.008421296296296297,0.5359,0.27091969793203924,0.15371586182871033
0.5701277777777777,0.5534157407407407,0.016712037037037036,0.5305500000000001,0.26155725194231133,0.15275394650061463
0.5579462962962962,0.5534157407407407,0.004530555555555556,0.5398,0.2573981146500625,0.14427842077903477
0.5640888888888889,0.5534157407407407,0.01067314814814815,0.55555,0.2768036745925039,0.15959800704168828
0.5639222222222222,0.5534157407407407,0.010506481481481481,0.5305500000000001,0.2659318461397154,0.16626614700485717
0.5632037037037037,0.5534157407407407,0.009787962962962964,0.5359,0.25416445957198436,0.1515707926378246
0.5649166666666666,0.5534157407407407,0.011500925925925928,0.5298499999999999,0.27218058996078665,0.16024107393185924
0.5569138888888888,0.5534157407407407,0.0034981481481481465,0.5305500000000001,0.2766105969204008,0.15628618966706798
0.5594305555555557,0.5534157407407407,0.006014814814814817,0.5305500000000001,0.27121247402539983,0.14916157695650814
0.5763703703703703,0.5534157407407407,0.022954629629629627,0.54705,0.2682393861325341,0.16546841999532536
0.5603,0.5534157407407407,0.006884259259259258,0.5305500000000001,0.25918906244951373,0.14735045589585805
0.5720231481481481,0.5534157407407407,0.018607407407407406,0.5556000000000001,0.26333102106553474,0.1458750173685716
0.5708472222222222,0.5534157407407407,0.01743148148148148,0.557,0.2670068361539822,0.15205514533863337
0.5712685185185185,0.5534157407407407,0.017852777777777776,0.5556000000000001,0.2619613971162414,0.15027077831249075
0.5695222222222223,0.5534157407407407,0.01610648148148148,0.538,0.2729278578238652,0.15025504751385949
0.5612148148148148,0.5534157407407407,0.007799074074074075,0.5305500000000001,0.2726676419306848,0.15162489962420597
0.5559277777777778,0.5534157407407407,0.002512037037037034,0.5359,0.26290589547476756,0.14777715460736507
0.5715555555555556,0.5534157407407407,0.01813981481481481,0.5556000000000001,0.25368849038882946,0.14885375181030128
0.5441685185185184,0.5534157407407407,-0.009247222222222221,0.51895,0.26107983798714174,0.14342217236160565
0.5667037037037036,0.5534157407407407,0.013287962962962965,0.52105,0.2716681861216737,0.15557382099501593
0.5697787037037036,0.5534157407407407,0.01636296296296296,0.5433,0.26905272528164714,0.16666097637222818
0.5601083333333333,0.5534157407407407,0.006692592592592589,0.50505,0.25552632474989134,0.14702217628116274
0.5744601851851852,0.5534157407407407,0.021044444444444442,0.5398,0.2686788747664389,0.1708462594304327
0.5575620370370369,0.5534157407407407,0.004146296296296295,0.54425,0.25925460574774595,0.1435641843667262
0.5732472222222222,0.5534157407407407,0.01983148148148148,0.53335,0.2621292758963246,0.15598308837648694
0.5752203703703703,0.5534157407407407,0.02180462962962963,0.5359499999999999,0.26443410138197626,0.1476213034446677
0.5553203703703704,0.5534157407407407,0.0019046296296296274,0.5333,0.26960827962246087,0.1468409180440216
0.55555,0.5534157407407407,0.0021342592592592585,0.51895,0.26667128089855263,0.14716265091618802
0.5612092592592591,0.5534157407407407,0.007793518518518512,0.5359,0.26417260625351235,0.15167355579563382
0.5625555555555555,0.5534157407407407,0.009139814814814816,0.5556000000000001,0.2663274600001955,0.15001774034645696
0.5586842592592592,0.5534157407407407,0.005268518518518518,0.5359,0.26891820497107805,0.14830638887439163
0.5684138888888889,0.5534157407407407,0.014998148148148146,0.5556000000000001,0.26802575007355584,0.14621429093985056
0.5704138888888889,0.5534157407407407,0.016998148148148148,0.5556,0.2620885950865753,0.14296440441983466
0.5812629629629629,0.5534157407407407,0.027847222222222225,0.5792,0.26129438713121833,0.14275968530793692
0.5614935185185185,0.5534157407407407,0.008077777777777776,0.5359,0.26727923452811336,0.1548366865492724
0.5538361111111111,0.5534157407407407,0.0004203703703703693,0.52545,0.2731571871115906,0.15769694688802782
0.5662222222222222,0.5534157407407407,0.01280648148148148,0.5398,0.2640582962162391,0.14302766170805054
0.565801851851852,0.5534157407407407,0.01238611111111111,0.53335,0.2674527209442144,0.15249431394843665
0.5710509259259259,0.5534157407407407,0.017635185185185188,0.56945,0.25810568888470603,0.1474081556695874
0.5689500000000001,0.5534157407407407,0.015534259259259255,0.5446,0.26394603331869354,0.15305641630569877
0.5416324074074074,0.5534157407407407,-0.011783333333333331,0.512,0.26794813866625566,0.1507210045579357
0.5554740740740741,0.5534157407407407,0.0020583333333333317,0.5305500000000001,0.2615311458624842,0.13819174145563856
0.5686462962962963,0.5534157407407407,0.015230555555555556,0.5546,0.26227427907210016,0.15244691458967866
0.5635842592592591,0.5534157407407407,0.01016851851851852,0.5359,0.26602301536367956,0.151301994630253
0.5780037037037036,0.5534157407407407,0.024587962962962957,0.5724500000000001,0.2727720303603396,0.17134368190975452
0.5697444444444445,0.5534157407407407,0.016328703703703703,0.5385,0.2689855724628115,0.1508385681925504
0.5623842592592593,0.5534157407407407,0.008968518518518521,0.5359,0.2587786840526223,0.14917447330436653
0.5639166666666666,0.5534157407407407,0.010500925925925922,0.55625,0.261147519272977,0.15037492116381143
0.5715768518518518,0.5534157407407407,0.01816111111111111,0.5359,0.26280724950757134,0.15580148334286809
0.5671583333333333,0.5534157407407407,0.013742592592592593,0.5305500000000001,0.2601861727866141,0.14891085660772202
0.5819074074074074,0.5534157407407407,0.02849166666666667,0.57055,0.26272508167806957,0.16078637951160105
0.5734203703703703,0.5534157407407407,0.02000462962962963,0.5460499999999999,0.2628479137246371,0.15215916984861746
0.563362037037037,0.5534157407407407,0.00994629629629629,0.55455,0.269242819467974,0.15044618650163039
0.5584407407407407,0.5534157407407407,0.005024999999999997,0.5166,0.2601582433745044,0.14983982670913729
0.5608583333333333,0.5534157407407407,0.0074425925925925935,0.5305500000000001,0.2594013511104827,0.1408819285610642
0.5667611111111112,0.5534157407407407,0.013345370370370367,0.53505,0.26650505486371695,0.1505737291903586
0.5674796296296296,0.5534157407407407,0.014063888888888884,0.5528,0.25902511795326466,0.15406840055081572
0.5692472222222222,0.5534157407407407,0.015831481481481478,0.5483499999999999,0.26968929767777483,0.16177547302527368
0.552138888888889,0.5534157407407407,-0.0012768518518518521,0.5359,0.2648743132846336,0.15209555383553652
0.5744555555555556,0.5534157407407407,0.02103981481481481,0.55905,0.2622521553000119,0.15098022457609966
0.5661166666666666,0.5534157407407407,0.012700925925925928,0.5326,0.26460287242102637,0.15657263788323322
0.5543824074074073,0.5534157407407407,0.0009666666666666656,0.5282,0.2758332415867306,0.14920990671427364
0.5688564814814814,0.5534157407407407,0.015440740740740741,0.54765,0.2597127958201867,0.14956916696918982
0.5525416666666666,0.5534157407407407,-0.0008740740740740729,0.5359,0.2675828127993416,0.14809234828521686
0.5727703703703704,0.5534157407407407,0.01935462962962963,0.5528,0.2630365605728458,0.1728090574946753
0.5598407407407409,0.5534157407407407,0.006425000000000003,0.52085,0.2774680343758192,0.1583836287472294
0.5565342592592593,0.5534157407407407,0.0031185185185185174,0.5385,0.2716666064812094,0.14484582209102184
0.5629861111111111,0.5534157407407407,0.00957037037037037,0.5359,0.2531794286199493,0.14479639218104362
0.5592592592592592,0.5534157407407407,0.00584351851851852,0.5359499999999999,0.26490872525683856,0.15491949749873749
0.5655555555555555,0.5534157407407407,0.012139814814814812,0.5198,0.2732229763922874,0.15813266164944934
0.558049074074074,0.5534157407407407,0.004633333333333329,0.5105999999999999,0.2603603529027041,0.14798209161669643
0.5512231481481481,0.5534157407407407,-0.002192592592592595,0.5305500000000001,0.27225897120771,0.14927053637181606
0.5600731481481482,0.5534157407407407,0.00665740740740741,0.5359,0.2700604233553923,0.15336609076026161
0.5420814814814814,0.5534157407407407,-0.011334259259259257,0.50505,0.27271455692793795,0.15274666104433787
0.5549981481481482,0.5534157407407407,0.0015824074074074063,0.5182500000000001,0.2650453979739939,0.1536359179849712
0.5763148148148147,0.5534157407407407,0.022899074074074075,0.5359,0.27006200700753397,0.15373964245660923
0.5550981481481482,0.5534157407407407,0.0016824074074074102,0.5359,0.26855427721342046,0.1461724738708171
0.5773018518518518,0.5534157407407407,0.0238861111111111,0.5556000000000001,0.26516844548799523,0.151951548757431
0.5603888888888889,0.5534157407407407,0.006973148148148147,0.5354,0.2610526560316593,0.1403141479443931
0.5754101851851852,0.5534157407407407,0.021994444444444445,0.5433,0.27445003662884226,0.15900643955297736
0.5714444444444443,0.5534157407407407,0.01802870370370371,0.5359,0.26317811044863637,0.15700843006769608
0.565162962962963,0.5534157407407407,0.011747222222222221,0.5608500000000001,0.273622368392273,0.14996591790892994
0.5629046296296296,0.5534157407407407,0.009488888888888892,0.5359,0.2770420358078074,0.14824064631936745
0.5576333333333333,0.5534157407407407,0.004217592592592594,0.50505,0.2594728927192102,0.15495723909934125
0.5543509259259259,0.5534157407407407,0.000935185185185186,0.51895,0.26961961730652656,0.16425800841929117
0.5637842592592592,0.5534157407407407,0.01036851851851852,0.5653000000000001,0.2599087504009055,0.15916681641677696
0.571574074074074,0.5534157407407407,0.018158333333333335,0.54705,0.2758189834982595,0.16021863865635982
0.5545759259259259,0.5534157407407407,0.0011601851851851827,0.5305500000000001,0.2631942649399213,0.16175994671914987
0.564975,0.5534157407407407,0.01155925925925926,0.54705,0.2611743357763628,0.13923294005266088
0.5680564814814815,0.5534157407407407,0.01464074074074074,0.5333,0.26085025147757773,0.14820103360659465
0.5652259259259258,0.5534157407407407,0.011810185185185184,0.54705,0.2732917038556621,0.1724586478620173
0.5774490740740741,0.5534157407407407,0.024033333333333334,0.5635000000000001,0.2644171235619575,0.14367885464127292
0.5641407407407407,0.5534157407407407,0.010724999999999998,0.5359,0.25718212973958765,0.15567636218447117
0.5626037037037037,0.5534157407407407,0.009187962962962965,0.5305500000000001,0.254108954822009,0.15735697004575275
0.5677481481481481,0.5534157407407407,0.014332407407407403,0.5359,0.2643214962144104,0.14859938669116823
0.5606611111111112,0.5534157407407407,0.007245370370370369,0.5401,0.2555208021721111,0.14953939398097743
0.5701944444444444,0.5534157407407407,0.01677870370370371,0.5556000000000001,0.25516077535008896,0.15503457983333366
0.5579092592592593,0.5534157407407407,0.004493518518518519,0.51805,0.2625044809718251,0.15235018212979254
0.550861111111111,0.5534157407407407,-0.002554629629629635,0.51895,0.2707767621531035,0.15269780759937565
0.5651833333333334,0.5534157407407407,0.01176759259259259,0.54425,0.26244011493145186,0.14539979163408154
0.5701555555555556,0.5534157407407407,0.016739814814814815,0.5556000000000001,0.26382030146327723,0.16434394861598756
0.559787962962963,0.5534157407407407,0.006372222222222218,0.5305500000000001,0.2684269899231003,0.1521324182386112
0.5648518518518519,0.5534157407407407,0.011436111111111107,0.53335,0.27370524171512134,0.15477761705064266
0.5709805555555556,0.5534157407407407,0.017564814814814814,0.5546,0.2674822602060221,0.1660572963356941
0.564161111111111,0.5534157407407407,0.010745370370370365,0.53335,0.2699893534880306,0.1620298076790103
0.5631537037037037,0.5534157407407407,0.009737962962962957,0.54705,0.2636081293776898,0.15458821436959522
0.5577638888888888,0.5534157407407407,0.004348148148148146,0.5460499999999999,0.2671323286692369,0.1464931081798804
0.5666175925925925,0.5534157407407407,0.013201851851851854,0.5359,0.2650658898260778,0.162624693772428
0.5624722222222223,0.5534157407407407,0.009056481481481485,0.55555,0.2648700036760524,0.14487691538614217
0.581175,0.5534157407407407,0.02775925925925926,0.5944499999999999,0.2665308430627463,0.16180529434462534
0.5753046296296296,0.5534157407407407,0.02188888888888889,0.5556,0.2665294339041088,0.15206483573763122
0.5669814814814815,0.5534157407407407,0.013565740740740738,0.54585,0.2573024846864524,0.15360267421374668
0.5531666666666666,0.5534157407407407,-0.0002490740740740744,0.5385,0.26264783287160304,0.15792630097988974
0.5804231481481481,0.5534157407407407,0.02700740740740741,0.5729,0.26868407588974363,0.16000529471595895
0.5580138888888888,0.5534157407407407,0.004598148148148147,0.5469999999999999,0.2586424369262085,0.14376133842742678
0.5646685185185185,0.5534157407407407,0.011252777777777778,0.5359,0.2614600924313944,0.1504778764490749
0.5630768518518519,0.5534157407407407,0.009661111111111112,0.5359,0.2651754455747947,0.1571318880724762
0.570687962962963,0.5534157407407407,0.017272222222222224,0.55455,0.2604624039519854,0.15215353094224646
0.5754342592592593,0.5534157407407407,0.022018518518518517,0.5653000000000001,0.2597720457078126,0.15378620500591444
0.5733185185185184,0.5534157407407407,0.019902777777777783,0.5305500000000001,0.2635357881132585,0.15747558508782844
0.5592907407407407,0.5534157407407407,0.005874999999999997,0.5527500000000001,0.26635889095723747,0.15030051338046024
0.5576805555555555,0.5534157407407407,0.004264814814814815,0.5,0.2637252281703824,0.15991818019821671
0.569298148148148,0.5534157407407407,0.015882407407407408,0.5483499999999999,0.2594225352050965,0.1611627875166334
0.5407249999999999,0.5534157407407407,-0.012690740740740749,0.5,0.26534740202549983,0.1409557480350449
0.5720620370370371,0.5534157407407407,0.018646296296296296,0.5359,0.256840767325395,0.15615585697756382
0.5505453703703703,0.5534157407407407,-0.002870370370370372,0.51895,0.26472451008557646,0.15043124753645953
0.5667583333333334,0.5534157407407407,0.013342592592592593,0.5359,0.2597405924195663,0.15033471888298744
0.5532731481481481,0.5534157407407407,-0.00014259259259259436,0.5122,0.26230616256027867,0.1586347519431249
0.5636027777777778,0.5534157407407407,0.010187037037037038,0.5359,0.26010833237643716,0.14426044793961004
0.5841685185185185,0.5534157407407407,0.03075277777777777,0.55625,0.26244608939889985,0.167128316844505
0.5787722222222221,0.5534157407407407,0.025356481481481483,0.5556000000000001,0.26158349316056045,0.15213728322883904
0.5765490740740741,0.5534157407407407,0.023133333333333336,0.5401,0.2641754162670749,0.1543619892924348
0.5687935185185184,0.5534157407407407,0.015377777777777777,0.5359,0.2673211458233837,0.15327111300240787
0.5494175925925925,0.5534157407407407,-0.003998148148148155,0.51895,0.2689852832123059,0.14316154458165742
0.5584925925925925,0.5534157407407407,0.00507685185185185,0.5469999999999999,0.26235373733953055,0.14763932283125422
0.5645814814814815,0.5534157407407407,0.01116574074074074,0.5282,0.2705553151064753,0.15226043733665962
0.5650462962962963,0.5534157407407407,0.011630555555555554,0.5359,0.2663810570522008,0.1578221289450095
0.5502259259259259,0.5534157407407407,-0.003189814814814817,0.5305500000000001,0.26888689467005056,0.1459758557297752
0.5652342592592592,0.5534157407407407,0.011818518518518516,0.5556000000000001,0.26445230976952505,0.15040956369234354
0.5494064814814814,0.5534157407407407,-0.004009259259259264,0.5,0.27138024545119194,0.15025172120993818
0.5651972222222222,0.5534157407407407,0.011781481481481483,0.5289,0.25900696647735294,0.14590672871953222
0.5497416666666667,0.5534157407407407,-0.0036740740740740774,0.5305500000000001,0.26795082270418663,0.1459236219181599
0.5674574074074075,0.5534157407407407,0.01404166666666666,0.5556000000000001,0.2626560531970777,0.1475432451257698
0.5630833333333334,0.5534157407407407,0.00966759259259259,0.5385,0.26085318264724366,0.14486060126810776
0.572275,0.5534157407407407,0.018859259259259256,0.5556000000000001,0.27403922126170116,0.15378512563553048
0.563138888888889,0.5534157407407407,0.009723148148148144,0.5556000000000001,0.2542514565276224,0.1571233580537003
0.5551814814814815,0.5534157407407407,0.0017657407407407415,0.5359,0.26955878770259234,0.1500972632711944
0.5643185185185186,0.5534157407407407,0.01090277777777778,0.5305500000000001,0.2642781981340869,0.16525879984675937
0.5639972222222221,0.5534157407407407,0.01058148148148148,0.5305500000000001,0.2554915718047072,0.1523856170685852
0.569687037037037,0.5534157407407407,0.016271296296296294,0.54425,0.2740534077468858,0.16306716467895904
0.5526842592592592,0.5534157407407407,-0.0007314814814814811,0.5166,0.2762667504667633,0.15581860748609647
0.5650564814814815,0.5534157407407407,0.011640740740740738,0.5556,0.2756394930783934,0.15194552087947188
0.5775842592592592,0.5534157407407407,0.024168518518518513,0.5556000000000001,0.265576242519987,0.16238620092849732
0.5781888888888889,0.5534157407407407,0.024773148148148145,0.55625,0.25511500735588477,0.1526084597344456
0.5825453703703704,0.5534157407407407,0.02912962962962963,0.5708500000000001,0.2618268655972104,0.15682470496016515
0.5547361111111111,0.5534157407407407,0.0013203703703703708,0.50505,0.2682827976686581,0.14766583502457975
0.5625527777777778,0.5534157407407407,0.00913703703703704,0.5433,0.2654838599590451,0.1515482814356272
0.5818888888888889,0.5534157407407407,0.02847314814814815,0.5635000000000001,0.2809374455045186,0.15971456935659592
0.5647222222222222,0.5534157407407407,0.011306481481481482,0.5359,0.2631691238079739,0.15098733020631705
0.5596129629629629,0.5534157407407407,0.006197222222222219,0.5305500000000001,0.26956417129732496,0.16969905878631
0.5688129629629629,0.5534157407407407,0.015397222222222218,0.5446,0.2528234388506341,0.14406984252411092
0.5686175925925926,0.5534157407407407,0.015201851851851854,0.5359,0.26219844693563427,0.15758012943515523
0.5597425925925925,0.5534157407407407,0.006326851851851846,0.5359,0.2712613941631007,0.15636284581899038
0.5510361111111111,0.5534157407407407,-0.0023796296296296313,0.51945,0.2769173882203028,0.15090478508188268
0.5606037037037037,0.5534157407407407,0.007187962962962963,0.5282,0.27709917348987384,0.15873140112851936
0.5670138888888889,0.5534157407407407,0.013598148148148151,0.5359,0.27390229530872756,0.1560573103340184
0.5733916666666666,0.5534157407407407,0.019975925925925935,0.5556000000000001,0.2673035937624441,0.15354927357373754
0.5573194444444445,0.5534157407407407,0.0039037037037037005,0.5359,0.27125320462669045,0.14859461124424156
0.5691416666666667,0.5534157407407407,0.015725925925925924,0.5556,0.26591341121943274,0.14678456040071736
0.5536398148148147,0.5534157407407407,0.0002240740740740751,0.50505,0.26080825804676117,0.16429957131608305
0.5588305555555555,0.5534157407407407,0.005414814814814816,0.5469999999999999,0.2594717129193391,0.14349391456360724
0.5551833333333334,0.5534157407407407,0.0017675925925925938,0.5333000000000001,0.26349962049308534,0.1465295624720908
0.5639703703703703,0.5534157407407407,0.010554629629629633,0.5385,0.26969716705523356,0.16639387366522687
0.5660842592592592,0.5534157407407407,0.012668518518518522,0.5469999999999999,0.2578965010695805,0.15283258670977704
0.5591768518518518,0.5534157407407407,0.005761111111111106,0.53095,0.25873245287252966,0.14316206738846993
0.5633898148148148,0.5534157407407407,0.009974074074074073,0.5359499999999999,0.2594147186464806,0.15297166762922307
0.5791018518518518,0.5534157407407407,0.025686111111111104,0.58125,0.261790311316791,0.16952641260774406
0.5695861111111111,0.5534157407407407,0.01617037037037037,0.5359,0.2603111041173451,0.14509843662197713
0.5610898148148148,0.5534157407407407,0.007674074074074071,0.5215,0.26889202708845994,0.14563868578849531
0.5624666666666667,0.5534157407407407,0.009050925925925926,0.5547500000000001,0.2673175370369042,0.15253182814503172
0.566563888888889,0.5534157407407407,0.013148148148148143,0.5401,0.2577557448649853,0.159894752464543
0.5640796296296297,0.5534157407407407,0.010663888888888886,0.5359,0.26586066576284195,0.1551085917215958
0.5689537037037037,0.5534157407407407,0.01553796296296296,0.5359,0.26606292925284236,0.1469054618234758
0.5537194444444444,0.5534157407407407,0.00030370370370370214,0.5359,0.2646944500010734,0.13899000295249228
0.5767907407407408,0.5534157407407407,0.023374999999999996,0.55625,0.2636229729672316,0.1593168512392366
0.5702527777777777,0.5534157407407407,0.016837037037037036,0.54585,0.2674658061675312,0.1588098290188865
0.5544981481481481,0.5534157407407407,0.0010824074074074084,0.5298,0.2735200865632137,0.1507687303834583
0.5675712962962962,0.5534157407407407,0.014155555555555553,0.54705,0.26020242265817284,0.1607677394367841
0.5743731481481481,0.5534157407407407,0.020957407407407407,0.54585,0.2658098792164466,0.1594764273464795
0.5612648148148148,0.5534157407407407,0.007849074074074067,0.5398,0.25569252209096066,0.14193241283166702
0.5662462962962963,0.5534157407407407,0.012830555555555555,0.5528,0.2636435590865755,0.15619053512694
0.5536481481481482,0.5534157407407407,0.00023240740740740443,0.51945,0.268754803819351,0.15001497858466564
0.5455453703703704,0.5534157407407407,-0.00787037037037037,0.51895,0.2600005799361826,0.14378462492984667
0.5548592592592592,0.5534157407407407,0.0014435185185185163,0.5305500000000001,0.2637440975242582,0.14884805039747914
0.5543592592592592,0.5534157407407407,0.0009435185185185194,0.5359,0.263769781394716,0.14351359392002128
0.5626314814814815,0.5534157407407407,0.009215740740740738,0.54765,0.2580624696696331,0.1545732945717768
0.5557157407407407,0.5534157407407407,0.0022999999999999965,0.53335,0.2583156770353861,0.1449913629396689
0.5614342592592594,0.5534157407407407,0.008018518518518515,0.5460499999999999,0.26305111587483826,0.14367180938770824
0.5889833333333333,0.5534157407407407,0.035567592592592595,0.57365,0.26236827847779515,0.1700683803258959
0.5600796296296296,0.5534157407407407,0.006663888888888887,0.5460499999999999,0.2683008200666925,0.14636117434858814
0.562,0.5534157407407407,0.008584259259259257,0.5462,0.2625205975007476,0.15233606120779802
0.5773231481481481,0.5534157407407407,0.0239074074074074,0.55555,0.26950504186377766,0.1669573490242812
0.5689305555555555,0.5534157407407407,0.015514814814814816,0.5359,0.27402851562454117,0.15512375633174325
0.5700009259259259,0.5534157407407407,0.016585185185185185,0.5433,0.2629661498756885,0.14622790675192437
0.5704685185185185,0.5534157407407407,0.017052777777777778,0.5359,0.265714461897233,0.15323052236048157
0.5717657407407408,0.5534157407407407,0.018349999999999998,0.5546,0.274072004033198,0.16606195584049374
0.5524574074074073,0.5534157407407407,-0.0009583333333333358,0.5282,0.261653670008142,0.14578787568334234
0.566775,0.5534157407407407,0.013359259259259251,0.5556,0.2674131488406978,0.1519950042446594
0.5586342592592592,0.5534157407407407,0.005218518518518516,0.5556,0.26651342697744,0.14842491613144276
0.5544083333333333,0.5534157407407407,0.0009925925925925922,0.5122,0.267163804674281,0.15602964114737986
0.5564907407407407,0.5534157407407407,0.0030749999999999974,0.525,0.26341293993046483,0.16285766110433314
0.5667388888888888,0.5534157407407407,0.013323148148148145,0.5398,0.25885632027881145,0.1517223864275393
0.5636685185185185,0.5534157407407407,0.010252777777777777,0.5325500000000001,0.26445624822256125,0.15622641576527976
0.5626777777777777,0.5534157407407407,0.00926203703703704,0.5359,0.27262522882045986,0.1550721681359719
0.5487425925925925,0.5534157407407407,-0.004673148148148144,0.5305500000000001,0.2654883971288351,0.14892631974064174
0.5528037037037036,0.5534157407407407,-0.0006120370370370365,0.5141,0.2568896559094141,0.151693652007469
0.5635287037037037,0.5534157407407407,0.010112962962962964,0.5333000000000001,0.26924453015588756,0.16403682917478693
0.562900925925926,0.5534157407407407,0.009485185185185185,0.5305500000000001,0.26360984498490647,0.1644443466433433
0.5610703703703703,0.5534157407407407,0.007654629629629623,0.5359,0.2651846795236617,0.16178550146116033
0.5682518518518519,0.5534157407407407,0.014836111111111112,0.5556000000000001,0.26822022911210447,0.16909264532348
0.5700740740740741,0.5534157407407407,0.01665833333333333,0.5536,0.2679017703821701,0.1638921928112684
0.5654546296296297,0.5534157407407407,0.012038888888888887,0.54705,0.27135392668942176,0.15562817467892529
0.5655175925925926,0.5534157407407407,0.012101851851851848,0.5469999999999999,0.25673404065595473,0.1493333466033409
0.5650157407407407,0.5534157407407407,0.011600000000000001,0.5556,0.2615839313000694,0.15795435103011815
0.5476648148148148,0.5534157407407407,-0.005750925925925927,0.52085,0.2718434291377777,0.15947453404377904
0.5766018518518518,0.5534157407407407,0.023186111111111112,0.54705,0.26008701490778313,0.1522038067108
0.5714046296296297,0.5534157407407407,0.01798888888888888,0.54555,0.2798593736929081,0.15434441480034938
0.5506138888888888,0.5534157407407407,-0.0028018518518518535,0.52085,0.2763317948288494,0.15133814461407336
0.5587037037037037,0.5534157407407407,0.005287962962962963,0.52545,0.26276621922816257,0.16320637913453084
0.5535222222222221,0.5534157407407407,0.00010648148148147901,0.5124499999999999,0.2693000908666946,0.16800582726495222
0.5685398148148147,0.5534157407407407,0.015124074074074075,0.5446,0.2628134827548282,0.1530970169901562
0.5581037037037037,0.5534157407407407,0.004687962962962961,0.51895,0.2690124719778106,0.15281138928390486
0.5614796296296296,0.5534157407407407,0.008063888888888891,0.5401,0.26647402453033625,0.15986561673096747
0.5686481481481481,0.5534157407407407,0.015232407407407401,0.54705,0.25688279682561427,0.1585365837250095
0.5622425925925926,0.5534157407407407,0.00882685185185185,0.5359,0.26455204148692163,0.1449495649356812
0.5712157407407408,0.5534157407407407,0.017799999999999993,0.53765,0.27272185795419523,0.1635469334449666
0.5564453703703703,0.5534157407407407,0.0030296296296296304,0.51895,0.2686683253451861,0.1495666626976605
0.5543027777777778,0.5534157407407407,0.0008870370370370349,0.5198,0.26597351019049426,0.143731083334025
0.5621777777777778,0.5534157407407407,0.008762037037037039,0.5359,0.26341079404125695,0.15603026768289185
0.5583555555555555,0.5534157407407407,0.004939814814814813,0.5359,0.2684243990516334,0.1651881147654954
0.5616194444444444,0.5534157407407407,0.008203703703703704,0.5359,0.2632341576769869,0.15256137905340836
0.5685462962962963,0.5534157407407407,0.015130555555555552,0.55625,0.26725604385459384,0.14792698783700556
0.5508259259259259,0.5534157407407407,-0.002589814814814812,0.50505,0.274156374768557,0.1623529442092854
0.563298148148148,0.5534157407407407,0.009882407407407407,0.5462,0.27481659848029,0.14794034591446112
0.5631296296296296,0.5534157407407407,0.009713888888888888,0.54705,0.26376328216873224,0.15434173484092745
0.5593861111111111,0.5534157407407407,0.005970370370370371,0.5556000000000001,0.26756302374292085,0.14501952833967413
0.5629398148148147,0.5534157407407407,0.009524074074074072,0.54705,0.2646209046283391,0.15237100802947945
0.5543092592592592,0.5534157407407407,0.0008935185185185187,0.51895,0.26253393960814886,0.14922590055633814
0.5701333333333334,0.5534157407407407,0.016717592592592593,0.5385,0.25863914890401724,0.15088364696431827
0.5559564814814815,0.5534157407407407,0.0025407407407407414,0.5433,0.2644404104997217,0.1499698356193933
0.559137962962963,0.5534157407407407,0.005722222222222221,0.5359,0.2759076114221417,0.14977466085512564
0.5618583333333333,0.5534157407407407,0.008442592592592588,0.5305500000000001,0.2620282538539632,0.15534561780962763
0.5668435185185184,0.5534157407407407,0.01342777777777778,0.54705,0.27099199294069853,0.15637512042075094
0.567374074074074,0.5534157407407407,0.013958333333333328,0.5359499999999999,0.2641356895596176,0.1565657755687342
0.5502361111111109,0.5534157407407407,-0.00317962962962963,0.5305500000000001,0.2647362670918119,0.14253761383182648
0.5662925925925927,0.5534157407407407,0.01287685185185185,0.54705,0.26936747255695204,0.15451324088468318
0.5666324074074074,0.5534157407407407,0.013216666666666666,0.5398,0.2569587078463687,0.17102759601342363
0.5581018518518518,0.5534157407407407,0.00468611111111111,0.54705,0.258365451880685,0.1532132814686118
0.5660962962962963,0.5534157407407407,0.012680555555555554,0.5547,0.26748628925502965,0.1524669545678751
0.5699768518518519,0.5534157407407407,0.016561111111111113,0.5385,0.2693138052919635,0.1572897943545597
0.5701768518518517,0.5534157407407407,0.01676111111111111,0.5460499999999999,0.26131789377822584,0.15791693417644756
0.5575777777777777,0.5534157407407407,0.004162037037037037,0.5122,0.26312351611971607,0.1510028227238751
0.5686638888888889,0.5534157407407407,0.015248148148148146,0.5359,0.26366621686792846,0.1543610378189347
0.5554222222222222,0.5534157407407407,0.0020064814814814806,0.52105,0.267179751993652,0.15412290900152742
0.5858138888888889,0.5534157407407407,0.03239814814814815,0.5556000000000001,0.2701201724460898,0.17664448798851753
0.557025925925926,0.5534157407407407,0.0036101851851851846,0.53335,0.263261691833402,0.1507898227433007
0.5601287037037037,0.5534157407407407,0.006712962962962958,0.51615,0.26186390096067325,0.14424669360313902
0.5536037037037037,0.5534157407407407,0.00018796296296296386,0.5385,0.25668157659219587,0.14803979808271978
0.5628518518518518,0.5534157407407407,0.009436111111111114,0.53165,0.2702795657118725,0.15560852537628497
0.5608990740740741,0.5534157407407407,0.00748333333333333,0.5359,0.268381997423804,0.14626932111370936
0.5466592592592592,0.5534157407407407,-0.006756481481481482,0.53505,0.2704437554589418,0.14917320565269285
0.563436111111111,0.5534157407407407,0.010020370370370365,0.5305500000000001,0.26635810357112516,0.16542065368412162
0.5625824074074074,0.5534157407407407,0.009166666666666665,0.5556000000000001,0.27463397044974486,0.1565771250047923
0.5696833333333333,0.5534157407407407,0.016267592592592587,0.5460499999999999,0.25771221706087183,0.15317362991899564
0.5806064814814814,0.5534157407407407,0.02719074074074074,0.5927,0.2735109532475488,0.15939808717120382
0.5729462962962963,0.5534157407407407,0.019530555555555558,0.5305500000000001,0.2530348487047813,0.15654834699057946
0.5757,0.5534157407407407,0.022284259259259257,0.55555,0.26913092668984473,0.16044975756661178
0.5618888888888888,0.5534157407407407,0.00847314814814815,0.52085,0.27355093985914086,0.16208207255647414
0.5601212962962961,0.5534157407407407,0.006705555555555555,0.5385,0.2704694544748286,0.15236030699108427
0.5378814814814815,0.5534157407407407,-0.015534259259259256,0.5,0.2634338456913398,0.15172933116846377
0.556275,0.5534157407407407,0.002859259259259258,0.52545,0.2675283393583063,0.15430552956884253
0.5749768518518518,0.5534157407407407,0.02156111111111111,0.5556000000000001,0.2695879093376121,0.16494438135568595
0.5693972222222222,0.5534157407407407,0.015981481481481482,0.5608500000000001,0.2641645081675232,0.15518423187322788
0.5685972222222222,0.5534157407407407,0.015181481481481482,0.53335,0.26104069774665845,0.1610717876456172
0.5725833333333333,0.5534157407407407,0.019167592592592594,0.5566500000000001,0.2698894465600424,0.15691522434592953
0.5682666666666667,0.5534157407407407,0.014850925925925927,0.52085,0.2704757311137089,0.16316102332311147
0.5686583333333333,0.5534157407407407,0.015242592592592589,0.5528,0.2595872713081935,0.17235993430598454
0.571512962962963,0.5534157407407407,0.018097222222222216,0.5556,0.2595367120025992,0.15520898329956528
0.5648555555555556,0.5534157407407407,0.01143981481481481,0.5433,0.2607680859341199,0.14063382886249712
0.5542629629629628,0.5534157407407407,0.0008472222222222205,0.51895,0.2660300438351174,0.17250100661135712
0.5476046296296295,0.5534157407407407,-0.005811111111111112,0.51895,0.26301878095916403,0.15425213934403575
0.5618657407407407,0.5534157407407407,0.00845,0.5359,0.27903085018934753,0.1591329130591519
0.5654453703703703,0.5534157407407407,0.012029629629629628,0.53765,0.2651851645052817,0.15658104960431402
0.5698277777777778,0.5534157407407407,0.016412037037037034,0.56945,0.26488162859116715,0.15727579188663685
0.5571287037037037,0.5534157407407407,0.003712962962962968,0.5333,0.26591386879400536,0.1488165150697124
0.5704203703703703,0.5534157407407407,0.01700462962962963,0.55625,0.2628516573787912,0.1509011494132966
0.5608185185185185,0.5534157407407407,0.007402777777777776,0.5305500000000001,0.26995458605544037,0.15499782902207898
0.5529518518518519,0.5534157407407407,-0.0004638888888888882,0.5305500000000001,0.265624592615492,0.14906744660411828
0.5536657407407408,0.5534157407407407,0.00024999999999999816,0.5298499999999999,0.2630519621607914,0.15148186437209193
0.5661675925925925,0.5534157407407407,0.012751851851851846,0.5401,0.2677533705569689,0.15599018809394813
0.5717851851851852,0.5534157407407407,0.018369444444444438,0.5359,0.2676270758744094,0.16696272428486264
0.5651999999999999,0.5534157407407407,0.011784259259259258,0.5413999999999999,0.2635792859843125,0.15566703932782633
0.5629777777777778,0.5534157407407407,0.009562037037037034,0.5359,0.26362098477493623,0.1559354735454072
0.5609296296296296,0.5534157407407407,0.007513888888888888,0.5359,0.26857991110019847,0.14942631695193226
0.5518009259259259,0.5534157407407407,-0.0016148148148148159,0.51895,0.2644583529904555,0.14544041964433588
0.5551601851851851,0.5534157407407407,0.0017444444444444456,0.5182,0.27149247487542644,0.15922330309732047
0.5625537037037037,0.5534157407407407,0.009137962962962962,0.53715,0.2626333816629647,0.16204738070105726
0.569662037037037,0.5534157407407407,0.016246296296296297,0.5305500000000001,0.268771499976374,0.15656460159351374
0.5691685185185185,0.5534157407407407,0.01575277777777778,0.5556000000000001,0.2543005325767383,0.15311009444268925
0.5459287037037037,0.5534157407407407,-0.007487037037037036,0.5305500000000001,0.2743850432733819,0.15326811892559153
0.5586962962962962,0.5534157407407407,0.005280555555555556,0.51945,0.26290518134619895,0.151803744710398
0.5693972222222222,0.5534157407407407,0.015981481481481482,0.5483,0.2579670266034823,0.15425829482727452
0.5737722222222222,0.5534157407407407,0.02035648148148148,0.5556000000000001,0.2639235126501521,0.14035331603522505
0.5592296296296296,0.5534157407407407,0.005813888888888888,0.5333000000000001,0.26268738261104035,0.15891259777163544
0.5711499999999999,0.5534157407407407,0.017734259259259262,0.5556000000000001,0.2585520427013616,0.14786549783789338
0.5590333333333333,0.5534157407407407,0.0056175925925925916,0.54705,0.2618474229340367,0.14415339884265146
0.5497546296296295,0.5534157407407407,-0.0036611111111111124,0.5,0.2645524799567439,0.1541918169600627
0.5703148148148148,0.5534157407407407,0.016899074074074077,0.55,0.2649280381272369,0.15792446703679033
0.5698111111111112,0.5534157407407407,0.01639537037037037,0.5359,0.28114118757667816,0.16824129166574084
0.5473925925925925,0.5534157407407407,-0.006023148148148151,0.50385,0.27086986346818226,0.1641697893631141
0.5680935185185186,0.5534157407407407,0.014677777777777774,0.5486,0.2672218264607834,0.15284584888131314
0.5616388888888889,0.5534157407407407,0.00822314814814815,0.53335,0.26202069256708205,0.14659750262849783
0.5715944444444444,0.5534157407407407,0.018178703703703707,0.5527500000000001,0.26864886711211544,0.16251998010937765
0.567949074074074,0.5534157407407407,0.014533333333333332,0.5556,0.26709439596194234,0.1599404398489182
0.5528712962962963,0.5534157407407407,-0.0005444444444444472,0.5187,0.263678237453748,0.14644157351936868
0.5766046296296297,0.5534157407407407,0.023188888888888894,0.5556000000000001,0.2658013169113806,0.15223655801093106
0.5798555555555556,0.5534157407407407,0.026439814814814812,0.5398,0.265050177698147,0.15660378956027302
0.5575462962962963,0.5534157407407407,0.004130555555555558,0.5359,0.2701418389730189,0.15598108707443387
0.5558953703703703,0.5534157407407407,0.002479629629629628,0.52105,0.26763755914011467,0.14900387046297037
0.5898638888888889,0.5534157407407407,0.036448148148148146,0.5944499999999999,0.26135116901137767,0.16958162288104364
0.563348148148148,0.5534157407407407,0.009932407407407405,0.5556000000000001,0.2585450464127595,0.1450823110421384
0.5699527777777778,0.5534157407407407,0.016537037037037038,0.5556000000000001,0.26173625929829475,0.1518906090583311
0.578911111111111,0.5534157407407407,0.025495370370370373,0.5708500000000001,0.27598727430141407,0.18158304986164817
0.5592231481481481,0.5534157407407407,0.005807407407407404,0.54705,0.2668079818498344,0.14287120054306784
0.5516185185185185,0.5534157407407407,-0.0017972222222222196,0.538,0.26604840651116574,0.14674188060987264
0.5713046296296297,0.5534157407407407,0.017888888888888885,0.5556,0.26182893337482394,0.14190359919386983
0.5575083333333333,0.5534157407407407,0.004092592592592591,0.5325500000000001,0.2651646161693228,0.15719385359539004
0.5657907407407406,0.5534157407407407,0.012374999999999995,0.5556000000000001,0.2624326464679203,0.15079983460475818
0.5718537037037037,0.5534157407407407,0.01843796296296296,0.5359,0.26378007457570357,0.15735939323345893
0.5546287037037038,0.5534157407407407,0.0012129629629629626,0.5359,0.27505507283747926,0.14631633448433978
0.5769444444444444,0.5534157407407407,0.023528703703703708,0.5556000000000001,0.26269702399807554,0.14993553758225436
0.5693537037037036,0.5534157407407407,0.015937962962962963,0.5556000000000001,0.2624643357796404,0.14885082836884742
0.537098148148148,0.5534157407407407,-0.016317592592592595,0.50505,0.27161007681659066,0.14576798350361772
0.5503824074074074,0.5534157407407407,-0.003033333333333338,0.51055,0.2553489925677507,0.1491865688875798
0.5706638888888889,0.5534157407407407,0.017248148148148148,0.5528,0.2661001443341242,0.1530590854585196
0.5534583333333333,0.5534157407407407,4.2592592592589956e-05,0.50505,0.2713289144865482,0.16408703594488586
0.584537037037037,0.5534157407407407,0.031121296296296296,0.5903,0.26262821473746023,0.15258581838472307
0.5668379629629631,0.5534157407407407,0.013422222222222224,0.5556,0.25595473231402177,0.158172951793686
0.5562287037037036,0.5534157407407407,0.0028129629629629616,0.52545,0.25416000922626025,0.14371729264157085
0.5660675925925926,0.5534157407407407,0.01265185185185185,0.5469999999999999,0.2602681204977307,0.16453666436928954
0.5726657407407407,0.5534157407407407,0.019249999999999996,0.54865,0.26675531304855593,0.15543664484524772
0.5569472222222221,0.5534157407407407,0.003531481481481483,0.5305500000000001,0.263915403628863,0.1481789349289001
0.5565953703703704,0.5534157407407407,0.003179629629629629,0.5305500000000001,0.2642965310659722,0.15147736499072867
0.5611037037037037,0.5534157407407407,0.007687962962962959,0.5359,0.2551930154340853,0.1361465426248823
0.5635388888888888,0.5534157407407407,0.010123148148148145,0.5359,0.26274145560267387,0.16193046656269316
0.5608046296296296,0.5534157407407407,0.00738888888888889,0.55185,0.26758664781807734,0.14397355048714813
0.5673231481481481,0.5534157407407407,0.013907407407407405,0.5359,0.26752342219284697,0.1681232629156434
0.5702546296296296,0.5534157407407407,0.01683888888888889,0.538,0.272977081433061,0.16399282628106354
0.557637037037037,0.5534157407407407,0.004221296296296292,0.5176999999999999,0.25919489242710336,0.14726669307084864
0.5605777777777777,0.5534157407407407,0.0071620370370370345,0.5194,0.2628313102208311,0.14689637374731468
0.5745638888888889,0.5534157407407407,0.02114814814814814,0.5653000000000001,0.25681701382568617,0.15817920363887383
0.5674796296296296,0.5534157407407407,0.014063888888888888,0.5460499999999999,0.2615056235914536,0.14552992206591364
0.5720712962962963,0.5534157407407407,0.018655555555555554,0.5556000000000001,0.26258726757714473,0.15650674126792524
0.5521814814814815,0.5534157407407407,-0.0012342592592592611,0.50505,0.26111475550360985,0.14534104730009104
0.5675518518518519,0.5534157407407407,0.014136111111111111,0.55555,0.26487702330170904,0.15006328039548167
0.5683037037037036,0.5534157407407407,0.014887962962962957,0.52655,0.265342793955124,0.14705800795680224
0.5490203703703704,0.5534157407407407,-0.004395370370370371,0.5305500000000001,0.2697310629314724,0.1519240479104819
0.5632527777777777,0.5534157407407407,0.009837037037037033,0.5359,0.2607849081330606,0.14500408669238926
0.5726425925925925,0.5534157407407407,0.019226851851851853,0.5460499999999999,0.2668107265017529,0.15767186594197047
0.5533416666666666,0.5534157407407407,-7.407407407407569e-05,0.5,0.2597818711613883,0.14249501474825924
0.5605425925925925,0.5534157407407407,0.007126851851851856,0.5556000000000001,0.260794262810191,0.14618386297948216
0.5596740740740741,0.5534157407407407,0.00625833333333333,0.5401,0.26708783369960826,0.1503467562874844
0.5802185185185186,0.5534157407407407,0.026802777777777773,0.5556,0.26817730644341004,0.15171983985390952
0.5495546296296295,0.5534157407407407,-0.0038611111111111125,0.52105,0.273752403782135,0.1588748592554114
0.573474074074074,0.5534157407407407,0.02005833333333333,0.54705,0.2609865937654708,0.15112302417096954
0.5611583333333333,0.5534157407407407,0.007742592592592591,0.5359,0.2657420209632031,0.14646129864470098
0.5510916666666665,0.5534157407407407,-0.002324074074074073,0.52085,0.2737212905186178,0.1577966797030371
0.5500648148148148,0.5534157407407407,-0.003350925925925927,0.50505,0.2633950752506974,0.15102091115673777
0.5717814814814814,0.5534157407407407,0.01836574074074074,0.5359,0.2571236580746897,0.1541913268116341
0.5655583333333332,0.5534157407407407,0.012142592592592587,0.54585,0.2567379489204661,0.16409261472199094
0.5731287037037037,0.5534157407407407,0.019712962962962967,0.5460499999999999,0.2646473400375641,0.16036327282031718
0.5774435185185185,0.5534157407407407,0.024027777777777773,0.5518000000000001,0.2691701953592695,0.15380697748797853
0.5476564814814814,0.5534157407407407,-0.0057592592592592565,0.525,0.27212601783689483,0.15381101769964764
0.5653166666666666,0.5534157407407407,0.011900925925925924,0.5556,0.2655794002750727,0.1469551533697896
0.5536175925925926,0.5534157407407407,0.0002018518518518543,0.50505,0.26329374655948024,0.15374658782414208
0.5599898148148148,0.5534157407407407,0.006574074074074075,0.5359499999999999,0.2648922845585673,0.15800301509625844
0.5662212962962963,0.5534157407407407,0.012805555555555551,0.5556000000000001,0.2685483597135644,0.14486064385150182
0.5734370370370371,0.5534157407407407,0.020021296296296294,0.5791999999999999,0.2590621361587579,0.16691103626845782
0.5595907407407408,0.5534157407407407,0.006175000000000001,0.5359,0.2607362363772896,0.15262897969889347
0.5623666666666667,0.5534157407407407,0.008950925925925925,0.54705,0.2681084189261229,0.15031994942587074
0.5781305555555556,0.5534157407407407,0.02471481481481481,0.55555,0.2577992004433318,0.1583688890284797
0.5642055555555555,0.5534157407407407,0.010789814814814816,0.5305500000000001,0.256794666448723,0.1440939347954146
0.5626129629629629,0.5534157407407407,0.009197222222222223,0.5556000000000001,0.26217438125326303,0.14262383139549806
0.5680907407407407,0.5534157407407407,0.014674999999999997,0.55555,0.26263221771637946,0.15520799618395714
0.5678064814814815,0.5534157407407407,0.014390740740740739,0.5556000000000001,0.2684578305433233,0.14558209524361485
0.564911111111111,0.5534157407407407,0.011495370370370364,0.5556000000000001,0.26809637210376885,0.16205629481339684
0.5808898148148148,0.5534157407407407,0.02747407407407407,0.5556000000000001,0.268480536178151,0.1584882167089505
0.5575425925925925,0.5534157407407407,0.00412685185185185,0.5359,0.27113688311233103,0.1668616174130452
0.5539342592592592,0.5534157407407407,0.000518518518518518,0.5305500000000001,0.2566327144456553,0.1440287433333913
0.5681361111111111,0.5534157407407407,0.01472037037037037,0.5556000000000001,0.27026029455811995,0.15464178187884825
0.5587277777777778,0.5534157407407407,0.005312037037037037,0.5298,0.26452975446419014,0.15337846765350388
0.5497092592592592,0.5534157407407407,-0.003706481481481481,0.5,0.2613902251806806,0.13893330362009695
0.5566138888888889,0.5534157407407407,0.0031981481481481466,0.53335,0.2666687105889349,0.14843976844616702
0.5727037037037037,0.5534157407407407,0.019287962962962958,0.5410999999999999,0.2733945613108986,0.1787696746731044
0.5601138888888889,0.5534157407407407,0.006698148148148146,0.5359,0.26471113102664967,0.1642184827904476
0.5528833333333333,0.5534157407407407,-0.0005324074074074073,0.51895,0.2693154844915455,0.15004152685528802
0.5828907407407408,0.5534157407407407,0.029474999999999998,0.56115,0.2601230659633535,0.15531161087298853
0.5615462962962963,0.5534157407407407,0.008130555555555554,0.5359,0.26238655204951866,0.1433627941269121
0.5731712962962962,0.5534157407407407,0.019755555555555554,0.5566500000000001,0.2577623802699224,0.1592081892960937
0.5547833333333334,0.5534157407407407,0.00136759259259259,0.5359,0.25942932608640235,0.1419597157737414
0.5554648148148148,0.5534157407407407,0.0020490740740740725,0.5305500000000001,0.25137438449519717,0.1399786943036251
0.5689768518518519,0.5534157407407407,0.015561111111111112,0.5359,0.2605843414172573,0.15149750242124582
0.5686666666666667,0.5534157407407407,0.015250925925925926,0.5460499999999999,0.27444495762603316,0.15127166284682356
0.5675592592592592,0.5534157407407407,0.014143518518518514,0.54705,0.26665886921362153,0.16599273786228827
0.5536175925925926,0.5534157407407407,0.00020185185185184914,0.51265,0.27269903468729745,0.15549684492485796
0.568237037037037,0.5534157407407407,0.014821296296296296,0.55185,0.262297341296003,0.1512664450322557
0.5612898148148149,0.5534157407407407,0.007874074074074075,0.5359,0.275752432629161,0.15144518046491456
0.5628527777777778,0.5534157407407407,0.009437037037037037,0.5536,0.2553782946076229,0.1445775131444259
0.5775638888888889,0.5534157407407407,0.02414814814814814,0.5566500000000001,0.2683981776538596,0.15405158043912087
0.5719574074074073,0.5534157407407407,0.01854166666666667,0.54705,0.27682436660203436,0.16519120392787318
0.5847759259259259,0.5534157407407407,0.031360185185185185,0.5556000000000001,0.2571504464808546,0.15295845562645086
0.5763925925925926,0.5534157407407407,0.02297685185185185,0.54705,0.2675938719747694,0.1662736392336898
0.5712962962962963,0.5534157407407407,0.01788055555555556,0.5556000000000001,0.26552307076344556,0.15681890469811513
0.5699287037037036,0.5534157407407407,0.016512962962962965,0.57365,0.2756942475648703,0.15153019445110977
0.5617888888888889,0.5534157407407407,0.008373148148148149,0.5326,0.27415799808280733,0.15891435100230097
0.5560370370370369,0.5534157407407407,0.002621296296296292,0.5305500000000001,0.2692828338322855,0.1530429492285884
0.5902259259259259,0.5534157407407407,0.03681018518518518,0.58755,0.2679600564355237,0.15605731390228172
0.5616592592592593,0.5534157407407407,0.008243518518518518,0.55555,0.27110023046872134,0.142858812251718
0.5570175925925925,0.5534157407407407,0.003601851851851851,0.53335,0.2708954724193961,0.14492739786094347
0.5774833333333332,0.5534157407407407,0.024067592592592592,0.5446,0.26758361938744674,0.16205307185864487
0.565974074074074,0.5534157407407407,0.012558333333333331,0.5226500000000001,0.2641097741082455,0.15807170745032675
0.5605425925925926,0.5534157407407407,0.007126851851851852,0.5460499999999999,0.2618725727088289,0.1588140902235943
0.5587240740740741,0.5534157407407407,0.00530833333333333,0.5326,0.26055362010099337,0.15612751386002455
0.5533601851851851,0.5534157407407407,-5.5555555555555606e-05,0.50505,0.2619860925679659,0.14464983780261897
0.5691777777777778,0.5534157407407407,0.015762037037037033,0.5556000000000001,0.2715836382878574,0.15259707112339302
0.5934120370370372,0.5534157407407407,0.0399962962962963,0.5875,0.2573465072757481,0.15850017655341203
0.5710287037037037,0.5534157407407407,0.017612962962962966,0.5635000000000001,0.2646818238186864,0.15597495071629894
0.5613425925925926,0.5534157407407407,0.007926851851851852,0.5305500000000001,0.26702219943545236,0.153022983190072
0.5782037037037038,0.5534157407407407,0.02478796296296296,0.54705,0.2703032018321903,0.1536570004229852
0.5660342592592592,0.5534157407407407,0.012618518518518518,0.5556000000000001,0.26107900088514296,0.15182138924834906
0.5670953703703703,0.5534157407407407,0.01367962962962963,0.5398,0.2710436300996918,0.15285614687425791
0.5604490740740741,0.5534157407407407,0.007033333333333332,0.51895,0.27843269912684443,0.15546881287158829
0.5666898148148148,0.5534157407407407,0.013274074074074068,0.53765,0.2520940838091092,0.14387090356169316
0.5641935185185185,0.5534157407407407,0.010777777777777775,0.5460499999999999,0.2839972575466996,0.17468316650563712
0.5612685185185184,0.5534157407407407,0.007852777777777773,0.52085,0.271571777967518,0.15347779069038783
0.5640138888888889,0.5534157407407407,0.010598148148148145,0.5359,0.25790677315082605,0.14978303996767842
0.5576888888888889,0.5534157407407407,0.004273148148148147,0.5460499999999999,0.2670114468942964,0.15082135598704927
0.5687768518518519,0.5534157407407407,0.015361111111111114,0.54705,0.26520592796072745,0.15826615925430498
0.570287037037037,0.5534157407407407,0.01687129629629629,0.54425,0.27298173678002324,0.15227749942768554
0.5728564814814814,0.5534157407407407,0.019440740740740738,0.55765,0.26354472506034055,0.1449040095012544
0.5692018518518518,0.5534157407407407,0.015786111111111105,0.53505,0.2641741541764757,0.15208235377143672
0.5524481481481481,0.5534157407407407,-0.0009675925925925935,0.50505,0.2665708737731903,0.15248975747966254
0.5628259259259258,0.5534157407407407,0.009410185185185183,0.5385,0.26830075270301385,0.16286194769632967
0.5597768518518518,0.5534157407407407,0.006361111111111106,0.525,0.25907393907483933,0.14378607541367155
0.5573962962962963,0.5534157407407407,0.003980555555555552,0.5305500000000001,0.2698471682114931,0.14669424330984915
0.556675925925926,0.5534157407407407,0.0032601851851851837,0.5359,0.2650352340781749,0.14851131801157608
0.5532898148148148,0.5534157407407407,-0.0001259259259259316,0.5359,0.2668999539327633,0.151394308076051
0.5716740740740741,0.5534157407407407,0.01825833333333333,0.54705,0.2694761041788932,0.15156120883446558
0.5714018518518519,0.5534157407407407,0.01798611111111111,0.5359,0.2653026742581032,0.16925239928907665
0.5706240740740741,0.5534157407407407,0.01720833333333333,0.5460499999999999,0.260563174347868,0.1488309108463846
0.5633092592592592,0.5534157407407407,0.00989351851851852,0.54705,0.25843276698911805,0.14986682142223898
0.5594824074074074,0.5534157407407407,0.006066666666666664,0.5528,0.26079600321915364,0.15296539771201936
0.5446925925925926,0.5534157407407407,-0.008723148148148148,0.5122,0.2717621605507918,0.14869629187092986
0.5485259259259259,0.5534157407407407,-0.004889814814814817,0.5,0.2694635679674554,0.1392682317062373
0.5653592592592593,0.5534157407407407,0.011943518518518517,0.53765,0.2561820588890691,0.14847873712474302
0.5665527777777777,0.5534157407407407,0.013137037037037037,0.54705,0.27436722695295934,0.1597936909335498
0.5703611111111111,0.5534157407407407,0.016945370370370368,0.5635000000000001,0.26396164435098046,0.14451601042128806
0.5573425925925926,0.5534157407407407,0.00392685185185185,0.5305500000000001,0.26589050631131356,0.16356839239861012
0.561112037037037,0.5534157407407407,0.007696296296296291,0.5518000000000001,0.2750112326397864,0.15567130476212143
0.575899074074074,0.5534157407407407,0.02248333333333333,0.5359499999999999,0.27232523865152725,0.1629473921755805
0.5544916666666667,0.5534157407407407,0.0010759259259259261,0.5166,0.2662209472104794,0.155812333723156
0.5689453703703704,0.5534157407407407,0.01552962962962963,0.5359,0.26815585208308174,0.16090617121885084
0.5599138888888889,0.5534157407407407,0.006498148148148145,0.53335,0.26556507042102856,0.14545099054576494
0.5633435185185184,0.5534157407407407,0.009927777777777778,0.5359,0.26540324891952066,0.1412810017807577
0.5786759259259259,0.5534157407407407,0.025260185185185188,0.5401,0.26838147242707594,0.15628525318334488
0.5532462962962962,0.5534157407407407,-0.00016944444444444532,0.5,0.2597149081927263,0.14502951259975372
0.5801379629629629,0.5534157407407407,0.02672222222222222,0.5547500000000001,0.2636079334239317,0.1532499328922012
0.5700203703703705,0.5534157407407407,0.01660462962962963,0.55555,0.25846179556771215,0.14235137478647636
0.5467648148148148,0.5534157407407407,-0.006650925925925928,0.50505,0.2640586016504156,0.14515273586159722
0.5502435185185184,0.5534157407407407,-0.0031722222222222234,0.5166,0.25467920164785796,0.14720045956433067
0.5623481481481482,0.5534157407407407,0.008932407407407406,0.5385,0.2669726649458972,0.15342483674011084
0.5667092592592593,0.5534157407407407,0.013293518518518512,0.55625,0.2553949082613068,0.1463327735396394
0.5719277777777778,0.5534157407407407,0.01851203703703704,0.54705,0.26648418403852625,0.15595852894584472
0.5658990740740741,0.5534157407407407,0.012483333333333336,0.5385,0.2714510384228008,0.15264188405007043
0.5558342592592592,0.5534157407407407,0.0024185185185185165,0.51895,0.27883886116819695,0.16520246663098664
0.552362037037037,0.5534157407407407,-0.0010537037037037023,0.5305500000000001,0.26518555546205425,0.14763125218485548
0.5565814814814816,0.5534157407407407,0.0031657407407407385,0.5359,0.2652469616826871,0.15404497107792725
0.548336111111111,0.5534157407407407,-0.0050796296296296275,0.5556000000000001,0.2701925203065307,0.15094910373241224
0.5692564814814814,0.5534157407407407,0.01584074074074074,0.557,0.2671073662364718,0.1418219510559467
0.5664925925925927,0.5534157407407407,0.013076851851851853,0.5546,0.2703884065782171,0.1506048270977286
0.5829064814814815,0.5534157407407407,0.029490740740740744,0.54705,0.27053584255534513,0.16391874128738473
0.5580027777777777,0.5534157407407407,0.004587037037037035,0.51895,0.26992576426956894,0.15055370457491993
0.5722416666666666,0.5534157407407407,0.018825925925925927,0.53335,0.2638062090080803,0.15543698508048318
0.5606148148148149,0.5534157407407407,0.00719907407407407,0.5460499999999999,0.2675746163082155,0.15731829482607898
0.5605407407407408,0.5534157407407407,0.007125000000000002,0.5305500000000001,0.25913923404946854,0.1651266832425686
0.555000925925926,0.5534157407407407,0.0015851851851851854,0.5359,0.2635989659671443,0.15568070415960011
0.5665268518518518,0.5534157407407407,0.01311111111111111,0.52655,0.26507678577414445,0.14440380449937623
0.5684925925925925,0.5534157407407407,0.015076851851851853,0.5556000000000001,0.2653991434899108,0.15245274101898643
0.5613425925925926,0.5534157407407407,0.007926851851851853,0.5556000000000001,0.2554437777466449,0.14232482501059188
0.5522037037037036,0.5534157407407407,-0.0012120370370370366,0.5298,0.26109791478993033,0.14987296472242817
0.5594333333333333,0.5534157407407407,0.006017592592592587,0.5359,0.26299986461032016,0.14163268791398054
0.5639185185185185,0.5534157407407407,0.01050277777777778,0.53095,0.26617487581226096,0.15618975546378835
0.5690472222222221,0.5534157407407407,0.01563148148148148,0.5546,0.26599015246276525,0.15487167473481997
0.5566814814814813,0.5534157407407407,0.0032657407407407327,0.5305500000000001,0.26921422007273965,0.1563114941642405
0.5616638888888889,0.5534157407407407,0.008248148148148147,0.5401,0.26257398724408815,0.14917534403367946
0.561687037037037,0.5534157407407407,0.008271296296296296,0.54705,0.2595354102549121,0.14275742385457094
0.5540694444444444,0.5534157407407407,0.0006537037037036995,0.5385,0.2630533531961261,0.13574161644371452
0.5653694444444445,0.5534157407407407,0.0119537037037037,0.5326,0.27231663416792645,0.15596104679372824
0.5633342592592593,0.5534157407407407,0.00991851851851852,0.54705,0.26820668908077305,0.15543887589609226
0.5700962962962963,0.5534157407407407,0.01668055555555555,0.5664,0.26614905279544276,0.15280290368768984
0.557062962962963,0.5534157407407407,0.0036472222222222205,0.5305500000000001,0.2705537967451111,0.155913034385446
0.5733157407407408,0.5534157407407407,0.019899999999999998,0.5556000000000001,0.2546176540421215,0.15411061266045062
0.5620092592592593,0.5534157407407407,0.008593518518518518,0.5635000000000001,0.2695445891145684,0.15896050427768088
0.5682092592592594,0.5534157407407407,0.014793518518518515,0.5385,0.258044217227021,0.1537693863004118
0.5515212962962962,0.5534157407407407,-0.0018944444444444434,0.5385,0.2595106617480691,0.13935704217043432
0.5662259259259259,0.5534157407407407,0.012810185185185187,0.5556000000000001,0.26649937152364755,0.15255975813377046
0.562887962962963,0.5534157407407407,0.009472222222222219,0.5385,0.2710684345490928,0.16336869078169738
0.5569398148148148,0.5534157407407407,0.003524074074074076,0.5359499999999999,0.25649005844712264,0.1545323931624623
0.5692648148148147,0.5534157407407407,0.01584907407407407,0.5359,0.273473573469077,0.16718227027547436
0.5616703703703703,0.5534157407407407,0.008254629629629626,0.51055,0.2656830320257648,0.17729975377491813
0.5671944444444444,0.5534157407407407,0.013778703703703701,0.5305500000000001,0.2554625125061408,0.1514969547523596
0.5657777777777778,0.5534157407407407,0.012362037037037043,0.53165,0.26519448244684357,0.16287106804778634
0.5495175925925926,0.5534157407407407,-0.003898148148148149,0.5305500000000001,0.2654241165573034,0.1595815931000555
0.5616916666666667,0.5534157407407407,0.008275925925925923,0.5546,0.2724406357784471,0.1507810164743599
0.5607388888888889,0.5534157407407407,0.007323148148148146,0.5176999999999999,0.2639301747908129,0.1503979659129212
0.563562037037037,0.5534157407407407,0.010146296296296294,0.5556000000000001,0.2687292737385267,0.14597259788038563
0.5710324074074075,0.5534157407407407,0.017616666666666662,0.5556000000000001,0.27582310728080434,0.15893129033242312
0.5507546296296296,0.5534157407407407,-0.00266111111111111,0.5305500000000001,0.26990978706956203,0.14108424462354716
0.5472268518518518,0.5534157407407407,-0.006188888888888889,0.5305500000000001,0.27358305462311155,0.14825508916787464
0.5613351851851852,0.5534157407407407,0.007919444444444444,0.5359,0.26009463565805474,0.15336199279265164
0.5599,0.5534157407407407,0.006484259259259251,0.5359,0.25795586958665156,0.15139939453578177
0.5715296296296296,0.5534157407407407,0.01811388888888889,0.5625,0.26373014502376113,0.1647526832185924
0.5573157407407406,0.5534157407407407,0.003899999999999998,0.5359,0.2692540179802552,0.14344155278516946
0.5588749999999999,0.5534157407407407,0.005459259259259257,0.5359,0.2607888618991505,0.1448895783466322
0.571387037037037,0.5534157407407407,0.0179712962962963,0.5556000000000001,0.27193712889817345,0.15824746328357708
0.5733851851851851,0.5534157407407407,0.019969444444444442,0.58155,0.26016821474843144,0.15224758884780032
0.5589249999999999,0.5534157407407407,0.005509259259259259,0.5385,0.2725667217038313,0.1481990972874982
0.5599055555555555,0.5534157407407407,0.00648981481481481,0.5385,0.2601274536037672,0.1449767638100161
0.5580898148148147,0.5534157407407407,0.004674074074074077,0.5359,0.26066076207581895,0.14451228216105483
0.5632805555555556,0.5534157407407407,0.009864814814814818,0.53095,0.2711701702016007,0.15633387009010097
0.5666685185185185,0.5534157407407407,0.013252777777777777,0.54705,0.2728035874350095,0.15563981571308314
0.5579203703703703,0.5534157407407407,0.00450462962962963,0.5359,0.2698921372500397,0.15099095682784047
0.5499925925925926,0.5534157407407407,-0.0034231481481481435,0.50505,0.26934369028440114,0.15232872754295676
0.5530879629629629,0.5534157407407407,-0.00032777777777778176,0.50505,0.26866143294989364,0.14823923568638883
0.5625490740740741,0.5534157407407407,0.00913333333333333,0.54705,0.26101808849675373,0.1505662651024986
0.5677379629629629,0.5534157407407407,0.01432222222222222,0.5556000000000001,0.2745646531006136,0.1595885980358652
0.5629925925925926,0.5534157407407407,0.009576851851851849,0.5469999999999999,0.26885979555196365,0.15659617188150052
0.5661166666666667,0.5534157407407407,0.012700925925925923,0.5556,0.25936829784157056,0.14640727312979662
0.571525925925926,0.5534157407407407,0.018110185185185184,0.54705,0.26495744548831873,0.1523733590543245
0.5554231481481482,0.5534157407407407,0.0020074074074074018,0.5359,0.2753213247989737,0.15309044709369193
0.5708796296296296,0.5534157407407407,0.017463888888888893,0.5556000000000001,0.26463920554951836,0.15335601695446147
0.5549472222222223,0.5534157407407407,0.0015314814814814835,0.5359,0.2638091938122616,0.1434032459962838
0.5731407407407407,0.5534157407407407,0.019724999999999996,0.54705,0.26611108812275386,0.14920191432524502
0.5737546296296296,0.5534157407407407,0.020338888888888882,0.5875,0.26471532845408313,0.1610046454506758
0.5544481481481481,0.5534157407407407,0.0010324074074074098,0.5282,0.25824746824770944,0.15328498888817943
0.5718749999999999,0.5534157407407407,0.01845925925925926,0.5359499999999999,0.26887345740725477,0.16397230278827327
0.5819268518518518,0.5534157407407407,0.028511111111111112,0.557,0.273903080138984,0.15863848535039635
0.5623231481481481,0.5534157407407407,0.008907407407407409,0.5305500000000001,0.27309553482508353,0.15235630503177502
0.5601787037037036,0.5534157407407407,0.006762962962962964,0.5359,0.27094354139994054,0.15814922835259734
0.5589879629629628,0.5534157407407407,0.005572222222222221,0.5359,0.26620246237638556,0.162580659397017
0.5607101851851852,0.5534157407407407,0.007294444444444443,0.54425,0.2660695134171874,0.15141922854309378
0.5668657407407408,0.5534157407407407,0.013449999999999997,0.5359,0.26355988738025893,0.1549151323283141
0.5612231481481481,0.5534157407407407,0.007807407407407403,0.5547,0.2623988672496926,0.1412789821089429
0.5608092592592592,0.5534157407407407,0.007393518518518517,0.5282,0.2607688042294539,0.1469903457146037
0.5691518518518519,0.5534157407407407,0.015736111111111107,0.54765,0.26354728440648734,0.14979991481370455
0.5670138888888889,0.5534157407407407,0.013598148148148139,0.5359,0.2647834228577182,0.16610802024303933
0.5678675925925926,0.5534157407407407,0.01445185185185185,0.54705,0.2544931641954015,0.14318693453258108
0.5555805555555555,0.5534157407407407,0.002164814814814813,0.5305500000000001,0.263396591444793,0.14339376888847072
0.5620018518518518,0.5534157407407407,0.008586111111111109,0.5518000000000001,0.2737678943859901,0.16977937880922805
0.5665435185185186,0.5534157407407407,0.013127777777777775,0.5556,0.2628790213465879,0.15845751801532273
0.5559462962962962,0.5534157407407407,0.0025305555555555576,0.53335,0.266037113012777,0.1398920401216885
0.5696740740740741,0.5534157407407407,0.016258333333333333,0.54705,0.261669397740905,0.16168951562366937
0.5599592592592592,0.5534157407407407,0.006543518518518517,0.5089,0.26437308918892755,0.1578774476050037
0.5601712962962963,0.5534157407407407,0.006755555555555552,0.5398,0.26043010257509763,0.13671951253948453
0.5626814814814814,0.5534157407407407,0.009265740740740738,0.5359499999999999,0.26522406649520325,0.1567325242010631
0.5656064814814814,0.5534157407407407,0.012190740740740738,0.5635000000000001,0.2625143799436975,0.15596393576484038
0.5568101851851851,0.5534157407407407,0.0033944444444444426,0.5305500000000001,0.26116734991504514,0.15383441081291196
0.568587962962963,0.5534157407407407,0.015172222222222222,0.54425,0.2599886941170883,0.15276105025012182
0.5585814814814815,0.5534157407407407,0.005165740740740736,0.5359,0.27387533665463787,0.14907227009920485
0.5529592592592593,0.5534157407407407,-0.0004564814814814826,0.5359,0.2682721045188962,0.15019757721277807
0.5629398148148148,0.5534157407407407,0.009524074074074074,0.5359,0.2640754840896096,0.159265337218497
0.556324074074074,0.5534157407407407,0.0029083333333333305,0.5305500000000001,0.26882875238078846,0.14451574898815517
0.5552953703703704,0.5534157407407407,0.0018796296296296282,0.50505,0.26308118798898056,0.14615737246234003
0.5796842592592591,0.5534157407407407,0.026268518518518517,0.5641499999999999,0.26679160412255726,0.1550533894472904
0.5675629629629629,0.5534157407407407,0.01414722222222222,0.54705,0.2714601926351842,0.16464232059385459
0.5689305555555556,0.5534157407407407,0.015514814814814813,0.5469999999999999,0.26704666169964025,0.16455952524409978
0.5801768518518519,0.5534157407407407,0.026761111111111107,0.5618,0.25145829464373753,0.1462161406341019
0.5591648148148148,0.5534157407407407,0.005749074074074074,0.5460499999999999,0.2646702717894933,0.15088843343652636
0.5681574074074075,0.5534157407407407,0.014741666666666665,0.5703,0.26019738740407683,0.15366714916873045
0.5594351851851852,0.5534157407407407,0.006019444444444442,0.54705,0.253333505690765,0.14514251163529113
0.5580675925925926,0.5534157407407407,0.004651851851851848,0.5359,0.26053036267299834,0.1481056401719536
0.5595546296296297,0.5534157407407407,0.006138888888888888,0.51895,0.2683865344005267,0.1437598775693479
0.5576046296296295,0.5534157407407407,0.004188888888888891,0.5359,0.2560131835771004,0.1515796217984076
0.5515009259259259,0.5534157407407407,-0.0019148148148148136,0.52105,0.26938594191247106,0.14947328321573888
0.5598712962962963,0.5534157407407407,0.006455555555555557,0.53095,0.27015135565602827,0.14709101850846196
0.5757527777777777,0.5534157407407407,0.022337037037037037,0.54865,0.2610490484432886,0.15393906586248804
0.571350925925926,0.5534157407407407,0.017935185185185193,0.5401,0.26542218547286267,0.16846695414318838
0.5575518518518519,0.5534157407407407,0.004136111111111107,0.5126499999999999,0.27045424975675986,0.1569073144226063
0.5734175925925926,0.5534157407407407,0.020001851851851854,0.56115,0.2629980302078623,0.15504945004467258
0.5689027777777778,0.5534157407407407,0.015487037037037037,0.5556000000000001,0.2751321040247921,0.1520708486461532
0.5590203703703703,0.5534157407407407,0.00560462962962963,0.5289,0.26412112760712586,0.15715255127069866
0.5704768518518518,0.5534157407407407,0.01706111111111111,0.5556000000000001,0.2710925329509691,0.15724670291082093
0.567937037037037,0.5534157407407407,0.014521296296296294,0.53765,0.2795051229505906,0.16584712477027025
0.5495638888888889,0.5534157407407407,-0.0038518518518518533,0.5333,0.2678602203683168,0.14525203328734743
0.569287037037037,0.5534157407407407,0.015871296296296293,0.54555,0.25965332390600715,0.15092541145414506
0.5817675925925925,0.5534157407407407,0.02835185185185185,0.56945,0.2610707229811274,0.17300659297116933
0.5695305555555554,0.5534157407407407,0.016114814814814818,0.5691,0.26457330608222224,0.15164544963596002
0.5670777777777778,0.5534157407407407,0.01366203703703704,0.5359,0.26125342168606924,0.16678521792765744
0.5550685185185186,0.5534157407407407,0.0016527777777777778,0.54705,0.27036971905330354,0.15233369081295778
0.5618666666666666,0.5534157407407407,0.008450925925925919,0.54705,0.27248048922692764,0.15311814477982968
0.5645712962962963,0.5534157407407407,0.011155555555555556,0.54865,0.2653536578753657,0.1530945650789009
0.5622564814814814,0.5534157407407407,0.00884074074074074,0.5359,0.2710797841906514,0.15241023773903925
0.5557814814814814,0.5534157407407407,0.0023657407407407403,0.5359,0.2719143089827389,0.15622474953327944
0.5555074074074073,0.5534157407407407,0.0020916666666666675,0.51895,0.26371994941664617,0.14588178809615288
0.5720175925925927,0.5534157407407407,0.018601851851851845,0.5433,0.262972226538467,0.14954240668923233
0.5508898148148148,0.5534157407407407,-0.0025259259259259306,0.5166,0.25978441455334694,0.14327157166304205
0.5782166666666667,0.5534157407407407,0.024800925925925924,0.5528,0.26734586213367884,0.1594564209621254
0.5818314814814814,0.5534157407407407,0.028415740740740734,0.55625,0.2643428171540931,0.15229162455234355
0.5651055555555555,0.5534157407407407,0.011689814814814813,0.54705,0.26186380237994855,0.14537330286201836
0.5534509259259259,0.5534157407407407,3.5185185185184396e-05,0.52105,0.26390673143429083,0.14549316219589079
0.5681453703703703,0.5534157407407407,0.014729629629629627,0.5305500000000001,0.27180494324906584,0.1526859988802744
0.5829296296296296,0.5534157407407407,0.029513888888888888,0.55185,0.2679846446498117,0.17763454211655882
0.5570462962962963,0.5534157407407407,0.0036305555555555574,0.53165,0.2663764662312632,0.15506568849755634
0.562049074074074,0.5534157407407407,0.008633333333333333,0.5460499999999999,0.27762154212766027,0.1528564466125915
0.5741944444444445,0.5534157407407407,0.020778703703703702,0.5556000000000001,0.25317565799385816,0.14359349883165018
0.5726907407407408,0.5534157407407407,0.019274999999999997,0.5305500000000001,0.2640336878594847,0.15889387990131482
0.5622638888888889,0.5534157407407407,0.008848148148148147,0.5305500000000001,0.2591322508877576,0.16020253272612672
0.5525296296296296,0.5534157407407407,-0.0008861111111111102,0.53095,0.2638287936994525,0.14549578242166405
0.5689240740740742,0.5534157407407407,0.01550833333333333,0.5556000000000001,0.27193138423650093,0.15383882579644811
0.5533787037037037,0.5534157407407407,-3.703703703703604e-05,0.512,0.26073078680334044,0.15337548853906463
0.5509296296296295,0.5534157407407407,-0.0024861111111111117,0.51895,0.26268010866396413,0.14250323522042088
0.5760907407407407,0.5534157407407407,0.022674999999999997,0.5528,0.2670507944742961,0.15631353056101252
0.5771055555555555,0.5534157407407407,0.02368981481481481,0.54765,0.26790425609933316,0.16432113813307334
0.5541314814814814,0.5534157407407407,0.000715740740740742,0.5,0.26567286490943437,0.1550263982115202
0.5588009259259259,0.5534157407407407,0.005385185185185184,0.5305500000000001,0.2604884888106823,0.15605643887683282
0.5575324074074074,0.5534157407407407,0.004116666666666665,0.5305500000000001,0.2661534354144903,0.14782932916288186
0.5680027777777779,0.5534157407407407,0.014587037037037034,0.5547500000000001,0.26521904805303065,0.14883747712436635
0.569425,0.5534157407407407,0.01600925925925925,0.5385,0.2664892181455949,0.1456737184598288
0.5645379629629629,0.5534157407407407,0.011122222222222223,0.53095,0.2672552851186466,0.15947057639327228
0.5708101851851851,0.5534157407407407,0.017394444444444445,0.55555,0.2613980525136125,0.15803919118419885
0.5589925925925926,0.5534157407407407,0.005576851851851851,0.5469999999999999,0.2632974330721333,0.1496774648297031
0.5589212962962963,0.5534157407407407,0.005505555555555554,0.5359,0.26873930843359956,0.15442165108555064
0.5679296296296297,0.5534157407407407,0.014513888888888883,0.5359,0.2578871419679254,0.15358787156308032
0.5474564814814814,0.5534157407407407,-0.00595925925925926,0.5215,0.26349160382202047,0.15583120693125554
0.5609675925925925,0.5534157407407407,0.007551851851851848,0.5282,0.26354135848388843,0.16802926285057818
0.5688777777777778,0.5534157407407407,0.015462037037037038,0.5401,0.26264449564067144,0.15343457841619543
0.5583259259259259,0.5534157407407407,0.004910185185185183,0.5333000000000001,0.26563719808002706,0.14457484168610915
0.5574657407407408,0.5534157407407407,0.004049999999999998,0.5326,0.27473419411035255,0.1446909529623704
0.5672898148148148,0.5534157407407407,0.013874074074074075,0.5556000000000001,0.2657828338232279,0.14566271844869444
0.5474398148148147,0.5534157407407407,-0.005975925925925925,0.5122,0.2565771279860558,0.14201024832728013
0.576560185185185,0.5534157407407407,0.023144444444444443,0.5690500000000001,0.2649872460128942,0.14674034053027413
0.5692814814814815,0.5534157407407407,0.015865740740740736,0.5556000000000001,0.2616981271375808,0.14525507577924116
0.5645388888888888,0.5534157407407407,0.011123148148148146,0.5359,0.26764490488151327,0.1431326021408261
0.5704027777777777,0.5534157407407407,0.01698703703703703,0.5556000000000001,0.26638460792246654,0.15969818326121682
0.5772481481481481,0.5534157407407407,0.0238324074074074,0.54865,0.26576199755106633,0.15875553111488994
0.5737166666666665,0.5534157407407407,0.020300925925925924,0.5556000000000001,0.2696407338053782,0.155656260097517
0.5791768518518519,0.5534157407407407,0.025761111111111103,0.54865,0.26815541093259043,0.154487037131743
0.5667018518518518,0.5534157407407407,0.013286111111111111,0.5359,0.26268148830019217,0.14861569800376545
0.5626851851851852,0.5534157407407407,0.009269444444444441,0.55555,0.2648556022795136,0.14286412894077447
0.5672824074074073,0.5534157407407407,0.013866666666666664,0.5359,0.259767091520733,0.13903368851489223
0.5658083333333334,0.5534157407407407,0.012392592592592589,0.5722500000000001,0.26579121843858083,0.15635539418392927
0.5574518518518519,0.5534157407407407,0.004036111111111108,0.53335,0.2735920899419089,0.1512493716420613
0.5626740740740741,0.5534157407407407,0.009258333333333334,0.5359,0.25521081055910905,0.14927052473973143
0.5751499999999999,0.5534157407407407,0.021734259259259266,0.55185,0.2657770699939696,0.1531412164631717
0.5670388888888889,0.5534157407407407,0.01362314814814815,0.54425,0.2661180079860339,0.15604831782668663
0.5609472222222222,0.5534157407407407,0.007531481481481478,0.5305500000000001,0.26494371733765987,0.15055790493352256
0.5553027777777777,0.5534157407407407,0.0018870370370370358,0.5166,0.2668283358890756,0.1568283096538881
0.5574805555555555,0.5534157407407407,0.0040648148148148145,0.5305500000000001,0.2739251014550604,0.15568109226476554
0.5558962962962963,0.5534157407407407,0.0024805555555555536,0.51895,0.2698980537636511,0.15916763364355355
0.5766787037037037,0.5534157407407407,0.023262962962962968,0.56115,0.2648916424738793,0.1512454652707663
0.5670453703703704,0.5534157407407407,0.013629629629629629,0.5556000000000001,0.26242576213583113,0.14208915541251854
0.5703111111111111,0.5534157407407407,0.01689537037037037,0.5401,0.27693163748117733,0.16813062032950724
0.5738953703703704,0.5534157407407407,0.02047962962962963,0.5635000000000001,0.2673220317705875,0.15136089246593998
0.5585768518518518,0.5534157407407407,0.00516111111111111,0.53335,0.2650943762844849,0.1485575786503497
0.5684962962962963,0.5534157407407407,0.015080555555555554,0.54705,0.25802540588014256,0.15299997034898824
0.5668712962962963,0.5534157407407407,0.013455555555555556,0.5359,0.2653366643155062,0.15549116051044423
0.5544879629629629,0.5534157407407407,0.0010722222222222255,0.53335,0.26765729682813505,0.14702565726457745
0.5639527777777777,0.5534157407407407,0.010537037037037032,0.5385,0.26744737501689336,0.16269378127606834
0.5640805555555555,0.5534157407407407,0.010664814814814813,0.5556000000000001,0.26613555342334505,0.14867856523311782
0.5557740740740741,0.5534157407407407,0.0023583333333333316,0.5547,0.2655444111157973,0.1455617530417868
0.5621259259259259,0.5534157407407407,0.008710185185185184,0.54555,0.25527435282341826,0.14523200642311943
0.5634240740740741,0.5534157407407407,0.010008333333333331,0.5305500000000001,0.27361056705777415,0.16066536543241888
0.5532083333333333,0.5534157407407407,-0.00020740740740741027,0.5326,0.2764244785828728,0.14992617417124626
0.5671814814814814,0.5534157407407407,0.013765740740740742,0.5359,0.26538027560822386,0.15955716706872675
0.5658277777777778,0.5534157407407407,0.01241203703703704,0.54705,0.26766620579717704,0.15774255419878774
0.5728259259259258,0.5534157407407407,0.019410185185185183,0.5398,0.2654619829058269,0.15017895862909242
0.5720898148148148,0.5534157407407407,0.018674074074074072,0.5556,0.2628971704521391,0.15449590526005955
0.5704574074074075,0.5534157407407407,0.017041666666666663,0.5632,0.2648961497106619,0.1551477825039335
0.5589907407407407,0.5534157407407407,0.005575000000000001,0.5305500000000001,0.26741245839361916,0.14765079295038855
0.5669342592592592,0.5534157407407407,0.013518518518518515,0.5483,0.2589169856360298,0.15814961693315116
0.5725851851851851,0.5534157407407407,0.019169444444444447,0.54425,0.2628761706334016,0.15987389508190644
0.5685361111111111,0.5534157407407407,0.01512037037037037,0.5359,0.2673262889402518,0.16427056992023137
0.5831962962962963,0.5534157407407407,0.02978055555555555,0.5875,0.26347355217637075,0.16459918888884612
0.5696305555555555,0.5534157407407407,0.016214814814814817,0.54865,0.26620899542379906,0.15984481306708503
0.5655703703703703,0.5534157407407407,0.01215462962962963,0.5305500000000001,0.2628717978493213,0.15610824149441427
0.5708796296296296,0.5534157407407407,0.01746388888888889,0.57365,0.2570035596536124,0.1550869605070479
0.5698425925925926,0.5534157407407407,0.01642685185185185,0.55555,0.26716017464543645,0.15351291498317673
0.5683944444444444,0.5534157407407407,0.014978703703703704,0.5528,0.27879265796837555,0.1642341558672985
0.5654722222222222,0.5534157407407407,0.012056481481481484,0.5298,0.25577067920830787,0.15353170470662128
0.5540601851851852,0.5534157407407407,0.0006444444444444475,0.5359,0.2622824167895643,0.1424685178099997
0.5626222222222222,0.5534157407407407,0.009206481481481477,0.5475,0.2605681482364823,0.1465101880117647
0.5618296296296296,0.5534157407407407,0.008413888888888886,0.5359,0.27560432977461685,0.15065927732031348
0.5609601851851852,0.5534157407407407,0.007544444444444443,0.5385,0.26790204163832737,0.1469462972242335
0.5494907407407408,0.5534157407407407,-0.003924999999999997,0.50505,0.2687112856834483,0.14867359413647718
0.5493712962962962,0.5534157407407407,-0.004044444444444443,0.53335,0.2603088772944632,0.1570835418741437
0.576512962962963,0.5534157407407407,0.023097222222222217,0.55625,0.26328921097424,0.17575985978023778
0.5634240740740741,0.5534157407407407,0.010008333333333331,0.5359,0.2662174871098063,0.14758003697344743
0.5799361111111111,0.5534157407407407,0.026520370370370368,0.55555,0.2767276867410167,0.1731223335820895
0.5655009259259259,0.5534157407407407,0.012085185185185187,0.5556000000000001,0.25592602556184535,0.14676933954612764
0.5614277777777777,0.5534157407407407,0.008012037037037036,0.5556000000000001,0.27453430129160505,0.1634490132953196
0.5606203703703704,0.5534157407407407,0.007204629629629632,0.5359,0.26822458777619923,0.15325745084676456
0.5724472222222222,0.5534157407407407,0.019031481481481483,0.5385,0.26804080155943244,0.17126079126823535
0.57145,0.5534157407407407,0.018034259259259257,0.5556000000000001,0.26390386365556767,0.14252119708686264
0.5648824074074074,0.5534157407407407,0.011466666666666667,0.5359,0.2655766358335994,0.14838549756580147
0.5699527777777779,0.5534157407407407,0.016537037037037038,0.5359,0.2550674572524319,0.1514467937122415
0.5693018518518519,0.5534157407407407,0.015886111111111104,0.5359,0.2701681061931908,0.16388191637754398
0.576411111111111,0.5534157407407407,0.022995370370370364,0.55555,0.27322062302716466,0.1529633120659307
0.5647833333333333,0.5534157407407407,0.01136759259259259,0.5359,0.2627959691507257,0.15368671303133047
0.5722722222222222,0.5534157407407407,0.018856481481481484,0.5305500000000001,0.2590315337615597,0.1558940607653058
0.5712435185185185,0.5534157407407407,0.017827777777777776,0.54765,0.26089195861457154,0.15472776323760032
0.5547388888888889,0.5534157407407407,0.0013231481481481484,0.5305500000000001,0.281243392722666,0.15555400997693078
0.5633694444444445,0.5534157407407407,0.0099537037037037,0.54705,0.26303957076189954,0.14768233933223146
0.5576055555555556,0.5534157407407407,0.004189814814814811,0.5546,0.26779952881287666,0.14561486646130892
0.5736361111111111,0.5534157407407407,0.020220370370370375,0.54905,0.26469559962247496,0.15625116837500172
0.5593722222222222,0.5534157407407407,0.005956481481481476,0.5359,0.25741117216941534,0.15357475410296023
0.5620685185185186,0.5534157407407407,0.008652777777777773,0.5305500000000001,0.26466352104792534,0.14033408033817507
0.5555888888888888,0.5534157407407407,0.0021731481481481454,0.5469999999999999,0.26124452266612785,0.1486762471563673
0.5571305555555556,0.5534157407407407,0.003714814814814815,0.53095,0.2650578524254634,0.15120084112831286
0.5607537037037037,0.5534157407407407,0.007337962962962963,0.52105,0.2631696558176184,0.14948038768465163
0.5744509259259258,0.5534157407407407,0.021035185185185188,0.5556,0.26093391597070614,0.14636721092060084
0.5560638888888888,0.5534157407407407,0.0026481481481481464,0.512,0.2634264849685127,0.1499254266225061
0.5699537037037037,0.5534157407407407,0.016537962962962963,0.53095,0.26792146304465075,0.1514309001403182
0.5696231481481481,0.5534157407407407,0.016207407407407403,0.5647500000000001,0.2543094529709235,0.14430951530061956
0.5508157407407407,0.5534157407407407,-0.0026000000000000047,0.5305500000000001,0.2726461066465825,0.14183302740741102
0.555675925925926,0.5534157407407407,0.0022601851851851824,0.5282,0.2661003790893036,0.144337407758592
0.5622537037037036,0.5534157407407407,0.008837962962962962,0.538,0.27299113861415963,0.16665610498985972
0.5748481481481482,0.5534157407407407,0.021432407407407403,0.5556000000000001,0.2750226167357237,0.15229480316407953
0.5601342592592592,0.5534157407407407,0.00671851851851852,0.51615,0.2706446714072317,0.15247224239378274
0.5704444444444444,0.5534157407407407,0.0170287037037037,0.55555,0.2622457987095503,0.15466929209141975
0.5708851851851852,0.5534157407407407,0.017469444444444444,0.5359,0.26473290994934073,0.15323713677065942
0.5630861111111111,0.5534157407407407,0.00967037037037037,0.5305500000000001,0.271753456317025,0.1511357892010745
0.5689990740740741,0.5534157407407407,0.015583333333333336,0.54425,0.26622048675717674,0.15659959268754992
0.5620453703703704,0.5534157407407407,0.00862962962962963,0.5305500000000001,0.2527351420646543,0.14776841521259196
0.5610981481481481,0.5534157407407407,0.007682407407407406,0.5305500000000001,0.2711105816326137,0.16384758636234786
0.5729805555555555,0.5534157407407407,0.01956481481481481,0.55555,0.258453286676879,0.1531118828078825
0.5599685185185185,0.5534157407407407,0.006552777777777775,0.51615,0.2530373008770997,0.1473018405696361
0.5428712962962963,0.5534157407407407,-0.010544444444444447,0.5,0.2606028930384046,0.14571334895027738
0.5689000000000001,0.5534157407407407,0.015484259259259258,0.5556000000000001,0.2569774825584064,0.1474541729297596
0.5669277777777778,0.5534157407407407,0.01351203703703703,0.538,0.27109130642173956,0.16919301576225768
0.5832416666666668,0.5534157407407407,0.029825925925925922,0.56945,0.2708877444935862,0.1658069468406857
0.5542740740740741,0.5534157407407407,0.0008583333333333333,0.5305500000000001,0.25960793133714793,0.13677636302120483
0.5779231481481482,0.5534157407407407,0.024507407407407405,0.5359,0.26280827723009553,0.16333761418087311
0.5597129629629629,0.5534157407407407,0.006297222222222219,0.52655,0.2708327373234116,0.15652551997494463
0.5829574074074073,0.5534157407407407,0.029541666666666667,0.5556000000000001,0.2817098176253122,0.17211898521108432
0.5655101851851851,0.5534157407407407,0.012094444444444448,0.52105,0.2615860512942942,0.16505791384274304
0.5552416666666666,0.5534157407407407,0.0018259259259259223,0.5359,0.2729568375468023,0.14863346208218564
0.5474768518518518,0.5534157407407407,-0.005938888888888889,0.5122,0.26175968632390484,0.1526473462111148
0.5680990740740741,0.5534157407407407,0.014683333333333328,0.5556000000000001,0.27004091088302995,0.14906378143123647
0.5604703703703703,0.5534157407407407,0.007054629629629627,0.54705,0.2734647669080031,0.16756674852729903
0.5743648148148148,0.5534157407407407,0.020949074074074068,0.5789,0.2683378952741343,0.15585392123873493
0.5658055555555555,0.5534157407407407,0.012389814814814814,0.51895,0.26699632740423984,0.14835679519435307
0.5598453703703704,0.5534157407407407,0.006429629629629628,0.5359,0.26397195382894895,0.15409649256366054
0.5641999999999999,0.5534157407407407,0.010784259259259263,0.5556000000000001,0.26383239723691193,0.1514513148769295
0.5533564814814814,0.5534157407407407,-5.9259259259263014e-05,0.512,0.2650659562685315,0.14811262514231857
0.5582361111111112,0.5534157407407407,0.0048203703703703655,0.5401,0.2705960960333196,0.1508810986714709
0.5656648148148148,0.5534157407407407,0.012249074074074072,0.5528,0.2641486325136738,0.14974648077269645
0.56545,0.5534157407407407,0.012034259259259257,0.5556000000000001,0.26328169005412627,0.15896489188722523
0.5564138888888889,0.5534157407407407,0.002998148148148148,0.50505,0.26038911373742085,0.15047950584309341
0.5640037037037037,0.5534157407407407,0.010587962962962962,0.5556000000000001,0.27499394927104687,0.15361364858412066
0.5628675925925926,0.5534157407407407,0.009451851851851852,0.5305500000000001,0.2624644146164288,0.1584320435595184
0.5747981481481481,0.5534157407407407,0.021382407407407402,0.5730999999999999,0.2749257585364073,0.16354729164219142
0.5564509259259259,0.5534157407407407,0.003035185185185184,0.5305500000000001,0.27010091900571676,0.15400873340621285
0.5617435185185184,0.5534157407407407,0.008327777777777776,0.5359,0.2652214885618829,0.14321985375953794
0.5608527777777778,0.5534157407407407,0.007437037037037036,0.53335,0.2626739048184758,0.1575725761237627
0.5850898148148148,0.5534157407407407,0.03167407407407407,0.5705,0.26522461436208516,0.16087018239327885
0.5592490740740741,0.5534157407407407,0.005833333333333334,0.5333,0.26227682190301504,0.14575747812687534
0.5725064814814815,0.5534157407407407,0.019090740740740738,0.5401,0.26244802752899377,0.15560691761827664
0.5610129629629629,0.5534157407407407,0.0075972222222222205,0.5359,0.2666629088065959,0.15295930217888992
0.5620611111111111,0.5534157407407407,0.008645370370370371,0.5359499999999999,0.26397815890725185,0.15885908078690264
0.5688083333333332,0.5534157407407407,0.015392592592592591,0.5359499999999999,0.27825282429648757,0.15153626301990583
0.5718888888888889,0.5534157407407407,0.01847314814814814,0.5566500000000001,0.2613677247460765,0.1452755947539642
0.5570240740740741,0.5534157407407407,0.0036083333333333336,0.5305500000000001,0.265497674407813,0.14903700796443362
0.5607324074074074,0.5534157407407407,0.007316666666666669,0.5305500000000001,0.27284029282447037,0.14936345966839462
0.5635046296296297,0.5534157407407407,0.010088888888888883,0.5401,0.2543533987854169,0.14552921043674594
0.5602712962962964,0.5534157407407407,0.006855555555555555,0.5385,0.2607661938595303,0.14557459040202209
0.5659157407407407,0.5534157407407407,0.0125,0.5556000000000001,0.2757487642127644,0.1751329977927856
0.5768342592592594,0.5534157407407407,0.02341851851851852,0.54705,0.264891782933713,0.15832518715449012
0.5448749999999999,0.5534157407407407,-0.008540740740740741,0.50505,0.26310436581912533,0.1555688963200868
0.5492583333333334,0.5534157407407407,-0.004157407407407407,0.5359,0.26961097662178607,0.15483339566097243
0.5730333333333333,0.5534157407407407,0.019617592592592593,0.5359,0.26901463219767174,0.16446626153389415
0.5571194444444445,0.5534157407407407,0.0037037037037036978,0.53765,0.25691322599886995,0.14673600296312295
0.5462046296296296,0.5534157407407407,-0.007211111111111112,0.51895,0.27318414124010787,0.1601434919259304
0.5751722222222223,0.5534157407407407,0.021756481481481484,0.55555,0.2631695036139232,0.16626704804623496
0.5538888888888889,0.5534157407407407,0.00047314814814814745,0.51895,0.27459194852206864,0.14677120194655918
0.5553092592592592,0.5534157407407407,0.0018935185185185166,0.5282,0.2613734959773967,0.1387509638078157
0.5621398148148148,0.5534157407407407,0.008724074074074072,0.55555,0.2617781635366829,0.1511263931440902
0.5640379629629629,0.5534157407407407,0.010622222222222215,0.5556000000000001,0.2656855986507194,0.16197691501224715
0.5671203703703703,0.5534157407407407,0.013704629629629627,0.5556,0.2612533932201081,0.1554045347395582
0.5644083333333333,0.5534157407407407,0.01099259259259259,0.53335,0.2569916428784131,0.14223701471780287
0.5646787037037037,0.5534157407407407,0.011262962962962962,0.55625,0.2700171524669151,0.14971559367437193
0.572912962962963,0.5534157407407407,0.019497222222222225,0.5555,0.2680063571894192,0.16012478805363392
0.5598546296296296,0.5534157407407407,0.006438888888888889,0.5289,0.26950757705585154,0.1534314263300377
0.5581703703703703,0.5534157407407407,0.00475462962962963,0.5359499999999999,0.26524883089553913,0.15342650186227058
0.5725379629629629,0.5534157407407407,0.01912222222222222,0.55555,0.26043882511917565,0.14731200681555093
0.5728703703703704,0.5534157407407407,0.019454629629629627,0.5359,0.2672229473676644,0.150931479399406
0.5671851851851851,0.5534157407407407,0.013769444444444444,0.5792,0.2595107250461608,0.15087133309906936
0.585212037037037,0.5534157407407407,0.031796296296296295,0.5566500000000001,0.2725996855195259,0.1794167398215965
0.5622175925925926,0.5534157407407407,0.008801851851851847,0.5398,0.261983839420516,0.15778394075176164
0.5617648148148148,0.5534157407407407,0.008349074074074073,0.5460499999999999,0.27154397255473467,0.14964514255639383
0.5635888888888888,0.5534157407407407,0.010173148148148152,0.5350999999999999,0.2555316515074373,0.14661594155810106
0.5566898148148147,0.5534157407407407,0.0032740740740740764,0.5289,0.2543931474051421,0.1391188219159585
0.5633518518518519,0.5534157407407407,0.009936111111111113,0.5333000000000001,0.26970308925127046,0.1656618509818012
0.580324074074074,0.5534157407407407,0.026908333333333333,0.5359,0.26270829203651364,0.15623237433297754
0.5666546296296295,0.5534157407407407,0.013238888888888887,0.5566500000000001,0.25099688734126113,0.15121127685864297
0.5836064814814815,0.5534157407407407,0.030190740740740733,0.5747,0.26238542431350337,0.15493254880695664
0.5640185185185186,0.5534157407407407,0.010602777777777775,0.5359,0.2589265244705923,0.13826260565696336
0.5632675925925926,0.5534157407407407,0.009851851851851848,0.54705,0.2733640613933001,0.15919515119739952
0.5643101851851852,0.5534157407407407,0.010894444444444441,0.5359,0.2749262708096005,0.15839191652727674
0.5761037037037037,0.5534157407407407,0.022687962962962962,0.58155,0.2715476350789959,0.1502079553610781
0.5583388888888888,0.5534157407407407,0.004923148148148145,0.5359,0.2721251718010039,0.16372043621630242
0.5656305555555555,0.5534157407407407,0.012214814814814814,0.5528,0.2699742945390135,0.14848138296393013
0.5469583333333333,0.5534157407407407,-0.00645740740740741,0.5,0.2693205164559732,0.15083043224234263
0.5650249999999999,0.5534157407407407,0.01160925925925926,0.54865,0.27974645233399825,0.17182680996790123
0.5713916666666666,0.5534157407407407,0.017975925925925923,0.5385,0.267718393380443,0.15064327354256687
0.5573379629629629,0.5534157407407407,0.003922222222222221,0.5556000000000001,0.2710361112325687,0.1529859949202689
0.5536342592592592,0.5534157407407407,0.0002185185185185181,0.5105999999999999,0.2615348668387131,0.1494301581917919
0.5651472222222222,0.5534157407407407,0.011731481481481476,0.5433,0.2687892230741589,0.15398592037115294
0.5512777777777779,0.5534157407407407,-0.0021379629629629665,0.52545,0.269186520240386,0.15202932803484853
0.5629398148148149,0.5534157407407407,0.009524074074074074,0.5653000000000001,0.27292750259179344,0.15854906246778952
0.567249074074074,0.5534157407407407,0.013833333333333331,0.5305500000000001,0.2661146529295363,0.15444391172577468
0.560162037037037,0.5534157407407407,0.006746296296296295,0.5359,0.26117222187653083,0.14089037922483205
0.5548453703703703,0.5534157407407407,0.001429629629629628,0.525,0.2613759495204408,0.14342735714441524
0.5580083333333333,0.5534157407407407,0.0045925925925925926,0.5433,0.26723793665892503,0.14543278095530324
0.5702490740740741,0.5534157407407407,0.016833333333333336,0.5359,0.2608603309093303,0.15222372676640858
0.5662166666666666,0.5534157407407407,0.012800925925925919,0.5556,0.25810118985701613,0.15258455507597346
0.5671037037037037,0.5534157407407407,0.013687962962962963,0.5469999999999999,0.27351251741449795,0.14563361063073457
0.5550027777777777,0.5534157407407407,0.001587037037037038,0.5469999999999999,0.2577330544873696,0.14161032691934658
0.5685777777777777,0.5534157407407407,0.015162037037037035,0.557,0.2741336246695302,0.1674618292217035
0.5653648148148148,0.5534157407407407,0.011949074074074075,0.5433,0.25733237074026755,0.1452153775844181
0.5599555555555555,0.5534157407407407,0.006539814814814811,0.5359,0.2526488166374159,0.13984181045512553
0.5668046296296296,0.5534157407407407,0.013388888888888886,0.54705,0.27475582137642757,0.16385016538844052
0.5435435185185186,0.5534157407407407,-0.00987222222222222,0.5305500000000001,0.2708530060608101,0.14778811166719658
0.5590259259259258,0.5534157407407407,0.005610185185185186,0.5325500000000001,0.27107217315667487,0.15632141459712942
0.5751833333333333,0.5534157407407407,0.021767592592592585,0.5635000000000001,0.2627864292218637,0.17089897099087228
0.5435185185185185,0.5534157407407407,-0.009897222222222224,0.5,0.26267739645262683,0.14633648554464343
0.5907101851851851,0.5534157407407407,0.037294444444444436,0.5954499999999999,0.2756352160468597,0.16774128768736568
0.5724472222222222,0.5534157407407407,0.019031481481481483,0.5359,0.26300469540541654,0.153141295485024
0.5641361111111111,0.5534157407407407,0.010720370370370371,0.5359499999999999,0.2697430630909158,0.15455934755820674
0.5462638888888889,0.5534157407407407,-0.007151851851851849,0.50505,0.2610092877848772,0.14916007426100303
0.5584768518518518,0.5534157407407407,0.005061111111111111,0.5359,0.2744546039804603,0.1553171779399815
0.5645083333333333,0.5534157407407407,0.011092592592592588,0.5359,0.2600245032037464,0.14944914598062156
0.5630009259259259,0.5534157407407407,0.009585185185185183,0.54705,0.26983597527115716,0.162462034567053
0.5747629629629629,0.5534157407407407,0.021347222222222215,0.56355,0.2709857404230602,0.16230291770333513
0.5719472222222222,0.5534157407407407,0.01853148148148148,0.5527500000000001,0.25797123923527926,0.15735026565741028
0.5724472222222222,0.5534157407407407,0.01903148148148148,0.54705,0.25984242221918885,0.1437225804150106
0.56095,0.5534157407407407,0.007534259259259263,0.5305500000000001,0.27001057905892933,0.15592039795221474
0.5638666666666666,0.5534157407407407,0.010450925925925924,0.53765,0.2584262772004108,0.15134947705473623
0.5716138888888889,0.5534157407407407,0.018198148148148147,0.5359,0.25831646513615064,0.1505909629671705
0.5639870370370371,0.5534157407407407,0.010571296296296289,0.5385,0.27013556101653524,0.17505152888943362
0.560687962962963,0.5534157407407407,0.007272222222222217,0.53335,0.26047346886889794,0.15136188104760034
0.5575601851851852,0.5534157407407407,0.004144444444444443,0.5305500000000001,0.2733042801008808,0.15143014387340537
0.5867129629629629,0.5534157407407407,0.033297222222222214,0.5743,0.27028667373478743,0.17645610794074265
0.5692953703703704,0.5534157407407407,0.01587962962962963,0.5460499999999999,0.2655440282004957,0.15859963627921383
0.5723175925925926,0.5534157407407407,0.01890185185185185,0.55185,0.26857268210944063,0.16323990772226657
0.5533759259259259,0.5534157407407407,-3.981481481481249e-05,0.53765,0.26557896721359064,0.14051192382290545
0.5475601851851851,0.5534157407407407,-0.005855555555555555,0.5305500000000001,0.2609725530524127,0.152405748618082
0.5641981481481482,0.5534157407407407,0.01078240740740741,0.5305500000000001,0.263297995059108,0.15630035895983305
0.5687027777777778,0.5534157407407407,0.015287037037037033,0.54865,0.2632498725788345,0.16388997796424315
0.5589898148148147,0.5534157407407407,0.005574074074074071,0.54705,0.2629090038165598,0.15023107209395511
0.5689916666666667,0.5534157407407407,0.015575925925925927,0.57365,0.2734561408305616,0.14551009398803122
0.5701638888888888,0.5534157407407407,0.01674814814814815,0.51895,0.2674718926479899,0.16896344928060705
0.5634833333333332,0.5534157407407407,0.010067592592592588,0.5305500000000001,0.26798565818090747,0.15598583019081716
0.5583175925925925,0.5534157407407407,0.004901851851851848,0.5176999999999999,0.2710559996038697,0.1525831870439899
0.5573675925925925,0.5534157407407407,0.003951851851851851,0.5305500000000001,0.2637670222451184,0.1650552048580844
0.5675953703703703,0.5534157407407407,0.014179629629629624,0.5359,0.27399733827217254,0.16374197719335334
0.5555138888888889,0.5534157407407407,0.0020981481481481467,0.5385,0.2586565775935319,0.13863014397658432
0.5796037037037037,0.5534157407407407,0.026187962962962958,0.5724500000000001,0.2642412784883967,0.1610345494465019
0.5620407407407407,0.5534157407407407,0.008624999999999997,0.5305500000000001,0.26280968382741315,0.14441136474098962
0.5476537037037037,0.5534157407407407,-0.005762037037037043,0.5130999999999999,0.2669159220155416,0.14348631359890818
0.5720564814814814,0.5534157407407407,0.018640740740740736,0.54705,0.2660999760377994,0.14392276617597796
0.5681351851851851,0.5534157407407407,0.014719444444444445,0.5385,0.26523940739719276,0.15596455411966062
0.5750268518518519,0.5534157407407407,0.021611111111111112,0.5305500000000001,0.25857752849813176,0.1520361881007671
0.5645194444444445,0.5534157407407407,0.011103703703703702,0.5305500000000001,0.27032741396291166,0.1561406357006257
0.5665981481481482,0.5534157407407407,0.013182407407407401,0.54705,0.2703162073556734,0.15948082697800847
0.5518657407407406,0.5534157407407407,-0.001550000000000002,0.5298,0.2725953826591891,0.14906595259917357
0.5615787037037037,0.5534157407407407,0.008162962962962966,0.5122,0.26554585046862933,0.15291400465962998
0.5582324074074074,0.5534157407407407,0.004816666666666665,0.5305500000000001,0.26054683968322584,0.14028805779138329
0.5604583333333333,0.5534157407407407,0.007042592592592594,0.51895,0.26142136328587035,0.1417598490561788
0.5504046296296295,0.5534157407407407,-0.0030111111111111094,0.50505,0.26491104745268435,0.15055374134928667
0.5718481481481481,0.5534157407407407,0.0184324074074074,0.5556000000000001,0.2579004960917855,0.15014571603195462
0.5487879629629631,0.5534157407407407,-0.004627777777777779,0.51895,0.2686842700207055,0.15470045510588792
0.582426851851852,0.5534157407407407,0.029011111111111106,0.5690999999999999,0.2614714460944193,0.15575965089634744
0.5518944444444445,0.5534157407407407,-0.0015212962962962932,0.5305500000000001,0.2600395813988344,0.14890247517191446
0.573712037037037,0.5534157407407407,0.0202962962962963,0.5643,0.26499510759638056,0.15713982399512796
0.567238888888889,0.5534157407407407,0.013823148148148145,0.5326,0.26629541035534954,0.15976282749106707
0.5488972222222223,0.5534157407407407,-0.004518518518518523,0.5,0.2674204419934089,0.15170644867555008
0.5639453703703704,0.5534157407407407,0.01052962962962963,0.5398,0.26803740441453705,0.14988555338617607
0.5451666666666666,0.5534157407407407,-0.008249074074074072,0.5166,0.26185093747768773,0.148502506662736
0.5673092592592592,0.5534157407407407,0.01389351851851852,0.5359499999999999,0.2590204699221637,0.17352447174403496
0.5593703703703704,0.5534157407407407,0.005954629629629631,0.5354,0.28205054172229993,0.1625606327625499
0.555724074074074,0.5534157407407407,0.002308333333333334,0.54905,0.26812903570641927,0.1486239192363022
0.567200925925926,0.5534157407407407,0.013785185185185185,0.5359,0.2665709761512634,0.15580581480805772
0.560837962962963,0.5534157407407407,0.007422222222222218,0.51895,0.2737180105382325,0.1519260003916893
0.5655759259259259,0.5534157407407407,0.012160185185185189,0.52105,0.26571900338669213,0.1629442419051954
0.5596972222222222,0.5534157407407407,0.0062814814814814825,0.5359,0.2675473372242064,0.14827409019138768
0.5507842592592591,0.5534157407407407,-0.0026314814814814825,0.5,0.25648954986347067,0.151379070299984
0.5579601851851851,0.5534157407407407,0.004544444444444441,0.5176999999999999,0.2661449032415626,0.16340813037193436
0.5691037037037037,0.5534157407407407,0.01568796296296296,0.5556000000000001,0.27273115272809845,0.15381114267427107
0.5516972222222223,0.5534157407407407,-0.0017185185185185235,0.5305500000000001,0.2623918003827477,0.15375873390474543
0.5571259259259259,0.5534157407407407,0.0037101851851851827,0.5215,0.266290829828097,0.160233679787625
0.570224074074074,0.5534157407407407,0.016808333333333335,0.54705,0.27355021438276056,0.16401685525704732
0.5675481481481481,0.5534157407407407,0.014132407407407408,0.54705,0.26144160817000783,0.162557831451188
0.5502092592592592,0.5534157407407407,-0.003206481481481485,0.5305500000000001,0.26857818386466964,0.15177060116557003
0.562625,0.5534157407407407,0.009209259259259257,0.5556000000000001,0.2747070433198478,0.15286583729705694
0.5715685185185185,0.5534157407407407,0.018152777777777775,0.5398,0.2494914999200657,0.16385666431613322
0.5671462962962962,0.5534157407407407,0.013730555555555555,0.5359,0.2634208584712744,0.14918549230306263
0.5521657407407407,0.5534157407407407,-0.0012500000000000052,0.5124499999999999,0.26805542674228444,0.1598128359155312
0.5606203703703704,0.5534157407407407,0.007204629629629634,0.5359,0.2653544188788895,0.16734521283484644
0.564587037037037,0.5534157407407407,0.011171296296296297,0.5305500000000001,0.2697719854422556,0.1564194385528295
0.5663962962962962,0.5534157407407407,0.01298055555555555,0.5462,0.26642419023998715,0.17162891095711114
0.5586333333333333,0.5534157407407407,0.005217592592592591,0.5215,0.26737235857665076,0.15148032155514224
0.5596101851851851,0.5534157407407407,0.006194444444444442,0.5359,0.2670009755100716,0.1482115379073011
0.5717648148148148,0.5534157407407407,0.018349074074074073,0.5410999999999999,0.26931280194689733,0.14944327870645946
0.5533990740740741,0.5534157407407407,-1.6666666666668944e-05,0.5385,0.26363847183389294,0.141505160237469
0.5669361111111111,0.5534157407407407,0.013520370370370365,0.54705,0.26453811324022447,0.15458488202083104
0.5782416666666665,0.5534157407407407,0.024825925925925925,0.5359,0.26002502831548213,0.15331145769277102
0.5753092592592591,0.5534157407407407,0.021893518518518524,0.5556,0.27353129074434723,0.1662929535674796
0.5610675925925925,0.5534157407407407,0.007651851851851852,0.5359,0.27443652342307273,0.15409125253786513
0.555112962962963,0.5534157407407407,0.0016972222222222213,0.51895,0.2649681977364445,0.1570611045197362
0.5679648148148149,0.5534157407407407,0.014549074074074074,0.54705,0.2599050208671006,0.14900184185988882
0.5667833333333333,0.5534157407407407,0.01336759259259259,0.5385,0.27293844449981997,0.15938034848123747
0.559537037037037,0.5534157407407407,0.006121296296296297,0.55555,0.27658658666654296,0.15115653955013392
0.5496814814814814,0.5534157407407407,-0.003734259259259259,0.5122,0.27020627985402385,0.14560259071462517
0.5585388888888888,0.5534157407407407,0.0051231481481481475,0.5359,0.2597492071653982,0.1529896231326106
0.5549972222222223,0.5534157407407407,0.001581481481481479,0.5305500000000001,0.2618008194365182,0.1446621776248646
0.5788462962962962,0.5534157407407407,0.025430555555555557,0.58015,0.2670937717045282,0.14621541492710438
0.5678287037037036,0.5534157407407407,0.014412962962962962,0.538,0.26711267742176786,0.15297811467235728
0.5510444444444444,0.5534157407407407,-0.002371296296296304,0.5195999999999998,0.2740648331555613,0.1558904989826842
0.5663046296296296,0.5534157407407407,0.012888888888888887,0.5433,0.26365391304931673,0.15250418491780965
0.5817601851851852,0.5534157407407407,0.02834444444444444,0.5705,0.262225116934605,0.15050765269662938
0.5805259259259259,0.5534157407407407,0.027110185185185185,0.58755,0.267633254911733,0.16468313780287555
0.5766685185185185,0.5534157407407407,0.02325277777777777,0.5546,0.2681637763797912,0.17141797224085084
0.5609092592592593,0.5534157407407407,0.007493518518518516,0.5305500000000001,0.2597168895493768,0.1491881865441321
0.5719537037037037,0.5534157407407407,0.018537962962962964,0.55555,0.2629189951744407,0.15129787646840615
0.556962037037037,0.5534157407407407,0.0035462962962962935,0.52085,0.2759038362602112,0.16149120888426727
0.5569629629629629,0.5534157407407407,0.003547222222222222,0.5359,0.26641124684820194,0.14815989875701344
0.5734018518518519,0.5534157407407407,0.019986111111111107,0.56115,0.272657184703375,0.15531172059107293
0.5660888888888889,0.5534157407407407,0.01267314814814815,0.54705,0.2692923670303523,0.1564006349668502
0.5618009259259259,0.5534157407407407,0.008385185185185186,0.5359,0.2717055148898611,0.14376468104784226
0.5645111111111111,0.5534157407407407,0.011095370370370372,0.5556000000000001,0.2704439604857906,0.16578277949885573
0.5629611111111111,0.5534157407407407,0.009545370370370369,0.54705,0.26522372246747006,0.15596022461066542
0.5622666666666667,0.5534157407407407,0.008850925925925925,0.54705,0.2704016189190048,0.15102096747126564
0.5707740740740741,0.5534157407407407,0.017358333333333333,0.5556000000000001,0.25861637680085525,0.15074720754996473
0.5612249999999999,0.5534157407407407,0.007809259259259254,0.51895,0.2671819066447385,0.15018033616758486
0.5571157407407408,0.5534157407407407,0.0037,0.5182500000000001,0.2602832936004221,0.15104235650288275
0.5445601851851851,0.5534157407407407,-0.008855555555555556,0.50505,0.26545710741398676,0.1477664742200571
0.5535398148148148,0.5534157407407407,0.00012407407407407378,0.51895,0.25538235030746254,0.1465191894359453
0.5641388888888889,0.5534157407407407,0.010723148148148147,0.5359,0.26830250357905955,0.15390722026535864
0.5702166666666666,0.5534157407407407,0.01680092592592592,0.5401,0.268641427449409,0.15798522851533048
0.5701027777777777,0.5534157407407407,0.01668703703703704,0.54705,0.26687655148125994,0.1764750640787703
0.5457972222222223,0.5534157407407407,-0.00761851851851852,0.52545,0.2597163994110749,0.1502723826910782
0.5707074074074073,0.5534157407407407,0.017291666666666664,0.5359,0.2663694303079117,0.15719332589396878
0.571475,0.5534157407407407,0.01805925925925925,0.5608500000000001,0.2739345129890391,0.17451505627519906
0.5632898148148148,0.5534157407407407,0.00987407407407407,0.5359,0.27140467249189476,0.15260728009628827
0.5652666666666667,0.5534157407407407,0.011850925925925926,0.5359,0.2644618128715179,0.148240109279286
0.5527046296296296,0.5534157407407407,-0.000711111111111114,0.5305500000000001,0.25893153007713415,0.14463328770643563
0.5704407407407407,0.5534157407407407,0.017025,0.54425,0.2633029199809114,0.16585201889906917
0.5546509259259259,0.5534157407407407,0.0012351851851851807,0.5305500000000001,0.2672108805270322,0.14615535539045832
0.5660703703703703,0.5534157407407407,0.012654629629629629,0.5359,0.25546658001860756,0.1613778374714581
0.5703814814814815,0.5534157407407407,0.016965740740740733,0.5556000000000001,0.28016686354663783,0.16203770194839592
0.5549277777777777,0.5534157407407407,0.001512037037037037,0.53505,0.2643846492756069,0.14825191538224147
0.5608648148148148,0.5534157407407407,0.007449074074074075,0.54425,0.26335261792367876,0.15212205410435742
0.5551944444444444,0.5534157407407407,0.001778703703703705,0.51895,0.26292045768949035,0.16230763915831267
0.5688962962962962,0.5534157407407407,0.01548055555555556,0.53335,0.2629929560642745,0.16227189739385134
0.5797333333333333,0.5534157407407407,0.026317592592592594,0.5528,0.2668210440214757,0.15981593374336106
0.5802472222222222,0.5534157407407407,0.026831481481481484,0.5556000000000001,0.2591524937926332,0.150184182653434
0.5533027777777778,0.5534157407407407,-0.00011296296296296389,0.50505,0.26746244786932094,0.15009233176511785
0.5540814814814815,0.5534157407407407,0.0006657407407407425,0.5359,0.2639725927957624,0.15187778052501028
0.573,0.5534157407407407,0.01958425925925926,0.5944499999999999,0.26556507659431056,0.1700587474973891
0.5622148148148148,0.5534157407407407,0.00879907407407407,0.5298,0.26385494698697254,0.1466784361928994
0.5835935185185185,0.5534157407407407,0.030177777777777772,0.5944499999999999,0.26386153841157844,0.16154525151363738
0.5798518518518518,0.5534157407407407,0.02643611111111111,0.54705,0.2652854394592021,0.165513936199717
0.5494111111111111,0.5534157407407407,-0.00400462962962963,0.5,0.2765423214922519,0.1464631601054881
0.5644222222222223,0.5534157407407407,0.011006481481481476,0.5518000000000001,0.26468157957624894,0.14904616187212852
0.5619907407407407,0.5534157407407407,0.008575,0.5359,0.26674642112780617,0.14909119527774195
0.5577675925925926,0.5534157407407407,0.004351851851851849,0.551,0.26971616158185496,0.155967761155641
0.5609907407407407,0.5534157407407407,0.007575,0.5556000000000001,0.2668575217654744,0.14571233607068954
0.5622194444444444,0.5534157407407407,0.008803703703703704,0.5528,0.26641598856707993,0.14379605230690995
0.5501620370370369,0.5534157407407407,-0.003253703703703707,0.5122,0.2651261885123083,0.15216236251318402
0.5695851851851852,0.5534157407407407,0.016169444444444445,0.54865,0.2652195626532554,0.15720897245465737
0.5722601851851851,0.5534157407407407,0.018844444444444445,0.54425,0.2693586081821677,0.15600845372094027
0.5753777777777778,0.5534157407407407,0.02196203703703703,0.5556000000000001,0.2712129736418431,0.15811885315456375
0.5535268518518518,0.5534157407407407,0.00011111111111110967,0.525,0.27116040623172394,0.14634347724901622
0.5757305555555555,0.5534157407407407,0.022314814814814815,0.56945,0.2727083980482516,0.16724400038961199
0.5623379629629629,0.5534157407407407,0.008922222222222224,0.53545,0.26601373329652317,0.15532974231405916
0.575961111111111,0.5534157407407407,0.022545370370370372,0.5305500000000001,0.26549378993153844,0.15362649534446898
0.5714657407407407,0.5534157407407407,0.018049999999999993,0.5483499999999999,0.26795991022582316,0.15179186038290943
0.5626611111111111,0.5534157407407407,0.009245370370370367,0.54425,0.2732706411844005,0.15784559673387394
0.5589435185185185,0.5534157407407407,0.005527777777777777,0.5359,0.26536095863712267,0.14364200751864872
0.5631916666666666,0.5534157407407407,0.009775925925925926,0.53095,0.2645680440452069,0.15065303510090977
0.5671703703703703,0.5534157407407407,0.01375462962962963,0.5556000000000001,0.26867290235465624,0.15096971558923725
0.5656092592592593,0.5534157407407407,0.012193518518518517,0.5460499999999999,0.26093172184475144,0.1510443651314792
0.5633129629629631,0.5534157407407407,0.00989722222222222,0.5359,0.2741471615492878,0.15261716960912872
0.5686787037037037,0.5534157407407407,0.015262962962962959,0.58635,0.2688303255489464,0.15346336808636069
0.5704240740740741,0.5534157407407407,0.017008333333333334,0.54705,0.27075160698701406,0.1671403194280323
0.5691574074074074,0.5534157407407407,0.015741666666666668,0.58155,0.26461935497754063,0.14715083692732167
0.5622009259259259,0.5534157407407407,0.008785185185185182,0.5385,0.27468041327766163,0.15659642385886705
0.5603935185185185,0.5534157407407407,0.006977777777777773,0.5305500000000001,0.2757318886954846,0.1656738149482336
0.5826796296296296,0.5534157407407407,0.029263888888888884,0.5483499999999999,0.2734976357803329,0.16177041274846882
0.5594796296296296,0.5534157407407407,0.006063888888888884,0.51895,0.255600479267412,0.1502574572197858
0.5693296296296296,0.5534157407407407,0.015913888888888887,0.5608500000000001,0.2670479785585317,0.1525050625532194
0.5698861111111112,0.5534157407407407,0.01647037037037037,0.56115,0.2683210667316767,0.15307650293037875
0.5602046296296296,0.5534157407407407,0.00678888888888889,0.5334,0.2670521568239948,0.15325074214778653
0.5677101851851852,0.5534157407407407,0.014294444444444443,0.5478000000000001,0.26507417827610147,0.1556653778956304
0.5555472222222222,0.5534157407407407,0.002131481481481478,0.5122,0.2642989041594297,0.14465622454190927
0.5727185185185184,0.5534157407407407,0.019302777777777776,0.5359,0.262657895600245,0.1472773272221735
0.5500166666666667,0.5534157407407407,-0.0033990740740740743,0.5305500000000001,0.2641321976784869,0.1515948353714076
0.5674037037037037,0.5534157407407407,0.013987962962962966,0.5556,0.27345278084276337,0.1486336697982017
0.56205,0.5534157407407407,0.00863425925925926,0.5359,0.2592548760344992,0.14988065418050797
0.5506287037037036,0.5534157407407407,-0.0027870370370370406,0.51895,0.2718848491999364,0.14898694046298816
0.5612879629629629,0.5534157407407407,0.007872222222222223,0.5305500000000001,0.2686774780976872,0.15790487425865532
0.5672777777777778,0.5534157407407407,0.013862037037037034,0.5460499999999999,0.2642247755698207,0.14300837353275717
0.5446268518518518,0.5534157407407407,-0.008788888888888888,0.51615,0.26552754951720803,0.15417101824287086
0.5498009259259259,0.5534157407407407,-0.003614814814814817,0.51895,0.26737695099684317,0.1434243301189127
0.5800527777777778,0.5534157407407407,0.02663703703703704,0.54555,0.26392391761884193,0.15755010275185513
0.5710731481481481,0.5534157407407407,0.017657407407407403,0.5305500000000001,0.26656074498614124,0.15221667856820797
0.5588916666666667,0.5534157407407407,0.005475925925925925,0.5359,0.2701525215191921,0.14593994915997777
0.5435453703703703,0.5534157407407407,-0.00987037037037037,0.5,0.274840040269564,0.1576847074523954
0.5561101851851851,0.5534157407407407,0.002694444444444447,0.5305500000000001,0.26867684127121827,0.15596913236028845
0.557073148148148,0.5534157407407407,0.0036574074074074057,0.53505,0.26451588423109357,0.14945973683662006
0.5630805555555555,0.5534157407407407,0.009664814814814812,0.5325500000000001,0.2619020771769384,0.1500898200329905
0.5691074074074074,0.5534157407407407,0.015691666666666666,0.5326,0.2632920877960813,0.15335339440249227
0.5660314814814814,0.5534157407407407,0.012615740740740736,0.525,0.2642854721231471,0.15717251083166042
0.5621407407407407,0.5534157407407407,0.008724999999999998,0.5359,0.26615646688881317,0.14683076285493019
0.5550481481481482,0.5534157407407407,0.0016324074074074075,0.5298,0.27125282288258723,0.14473477892222117
0.5651842592592592,0.5534157407407407,0.011768518518518518,0.5608500000000001,0.2712010793688846,0.15820221157530448
0.5571564814814814,0.5534157407407407,0.003740740740740738,0.53095,0.25749090112702094,0.15500102443860256
0.5552592592592593,0.5534157407407407,0.001843518518518519,0.53335,0.27259507474141564,0.14777853363843732
0.5710462962962962,0.5534157407407407,0.017630555555555552,0.5556,0.2614749867152557,0.16278012947826126
0.578899074074074,0.5534157407407407,0.025483333333333334,0.5486,0.26045511873956195,0.15729626876764846
0.5691981481481482,0.5534157407407407,0.015782407407407408,0.5556000000000001,0.267093277829973,0.15106616290704755
0.5686583333333334,0.5534157407407407,0.015242592592592587,0.5556000000000001,0.26179072762436306,0.151225569095824
0.559661111111111,0.5534157407407407,0.006245370370370367,0.5398,0.2625230121941011,0.13799878259266568
0.567887037037037,0.5534157407407407,0.014471296296296291,0.54705,0.2589279252699422,0.1602798872363888
0.5595861111111111,0.5534157407407407,0.006170370370370371,0.5556000000000001,0.2662347718284176,0.15530306714705316
0.557175,0.5534157407407407,0.0037592592592592565,0.54865,0.26674160871104646,0.15734299579161387
0.558250925925926,0.5534157407407407,0.004835185185185185,0.5359,0.2693781830682532,0.14847383942440273
0.5820185185185185,0.5534157407407407,0.028602777777777776,0.5556000000000001,0.27271040103272476,0.1574559083563522
0.5755444444444444,0.5534157407407407,0.022128703703703703,0.557,0.25985660687593004,0.15427514324285352
0.5774018518518519,0.5534157407407407,0.023986111111111107,0.5460499999999999,0.26900598297257866,0.17700614618313218
0.5707212962962962,0.5534157407407407,0.017305555555555557,0.5556000000000001,0.250889542307816,0.1496765883174208
0.5594157407407406,0.5534157407407407,0.005999999999999998,0.55555,0.2740724340310566,0.15233929850553624
0.5549842592592592,0.5534157407407407,0.0015685185185185134,0.51895,0.27275582492457845,0.15344237777980138
0.5607407407407407,0.5534157407407407,0.007325000000000002,0.5105999999999999,0.27061007781036217,0.1539453198986302
0.5619703703703703,0.5534157407407407,0.008554629629629626,0.5528,0.2644441627048073,0.1567776044850981
0.5701148148148147,0.5534157407407407,0.01669907407407407,0.54705,0.2657616818771491,0.1518562973533321
0.5686092592592592,0.5534157407407407,0.015193518518518521,0.54865,0.2624389045188492,0.15701382537683406
0.5818796296296296,0.5534157407407407,0.02846388888888889,0.54705,0.26112109510750353,0.1587328752752448
0.5606620370370371,0.5534157407407407,0.007246296296296295,0.53095,0.25633944118315477,0.1450919150674154
0.5602935185185184,0.5534157407407407,0.006877777777777777,0.5556000000000001,0.2590618066740521,0.14387955524481402
0.5707833333333333,0.5534157407407407,0.01736759259259259,0.5556000000000001,0.27409667661400255,0.1514293356859884
0.5784250000000001,0.5534157407407407,0.025009259259259255,0.5385,0.2648962841033745,0.17622690955635187
0.5601990740740741,0.5534157407407407,0.006783333333333332,0.5359,0.2655581191980992,0.15382571610293072
0.5564407407407407,0.5534157407407407,0.003025000000000004,0.5359,0.28051169600518955,0.16305903244146785
0.5759666666666666,0.5534157407407407,0.022550925925925922,0.54425,0.26389738235006227,0.1569934170269214
0.5665166666666667,0.5534157407407407,0.013100925925925924,0.56115,0.2738319808538034,0.16837053680108657
0.5597,0.5534157407407407,0.006284259259259255,0.5305500000000001,0.2650848585698373,0.14835048180187363
0.5483564814814814,0.5534157407407407,-0.005059259259259264,0.52085,0.2586153728591808,0.1430041983809789
0.5721861111111111,0.5534157407407407,0.018770370370370368,0.5546,0.2693884193121552,0.1648991587965935
0.5752796296296295,0.5534157407407407,0.02186388888888889,0.55,0.2686442263083901,0.16154886327627532
0.5437712962962963,0.5534157407407407,-0.009644444444444443,0.5,0.2704968357307715,0.14734477993622586
0.5593277777777778,0.5534157407407407,0.005912037037037037,0.52545,0.25791746627186707,0.14855687461017258
0.5702185185185185,0.5534157407407407,0.01680277777777778,0.5305500000000001,0.26023749367030763,0.15785217410829827
0.5588148148148149,0.5534157407407407,0.005399074074074073,0.54585,0.2633714220387139,0.15081340299356397
0.5528277777777777,0.5534157407407407,-0.0005879629629629604,0.5122,0.2567696712639499,0.14273275971155716
0.5727814814814814,0.5534157407407407,0.01936574074074074,0.5791999999999999,0.2647485420072809,0.15152962707257808
0.569049074074074,0.5534157407407407,0.015633333333333336,0.54705,0.258654593226692,0.15203784821457986
0.570475,0.5534157407407407,0.01705925925925926,0.5556000000000001,0.27119223313561935,0.15342237955715224
0.5476481481481481,0.5534157407407407,-0.005767592592592595,0.51895,0.2676597681607486,0.17057291576962103
0.5701648148148147,0.5534157407407407,0.01674907407407407,0.5460499999999999,0.2678364022619048,0.1579200865547268
0.548286111111111,0.5534157407407407,-0.005129629629629629,0.5305500000000001,0.26387543098273475,0.14466308086152294
0.5543694444444444,0.5534157407407407,0.0009537037037037019,0.52085,0.26566127701334524,0.15061798581081137
0.566587037037037,0.5534157407407407,0.013171296296296296,0.5528,0.26123235909409803,0.17598510028845496
0.5735842592592593,0.5534157407407407,0.020168518518518523,0.5556,0.26313197327080967,0.1532879366519699
0.5599731481481481,0.5534157407407407,0.006557407407407408,0.5359,0.2550694747236347,0.15265626050002393
0.5638861111111111,0.5534157407407407,0.010470370370370373,0.5433,0.26732261808860197,0.1514487787069416
0.5735268518518518,0.5534157407407407,0.020111111111111107,0.5528,0.26911409650144846,0.15053755785181167
0.5549296296296296,0.5534157407407407,0.0015138888888888908,0.5305500000000001,0.27186481393848205,0.15497656648808597
0.5612694444444445,0.5534157407407407,0.007853703703703703,0.5187,0.2574154725462915,0.1462986820811375
0.5541546296296297,0.5534157407407407,0.0007388888888888888,0.5305500000000001,0.2686566165980611,0.14529920199260718
0.5642462962962963,0.5534157407407407,0.01083055555555555,0.5305500000000001,0.25997801036627083,0.15403825138389524
0.552887962962963,0.5534157407407407,-0.0005277777777777803,0.5556000000000001,0.2708896584405121,0.14709040759420897
0.5740824074074075,0.5534157407407407,0.02066666666666667,0.54705,0.26023299654606924,0.15404134534197744
0.5574203703703704,0.5534157407407407,0.00400462962962963,0.54705,0.2641119154453948,0.15113368185632986
0.5688055555555556,0.5534157407407407,0.015389814814814813,0.5556000000000001,0.2656561015070288,0.14946576261591787
0.561723148148148,0.5534157407407407,0.00830740740740741,0.54705,0.26022880249132935,0.16275938992893182
0.5706777777777777,0.5534157407407407,0.017262037037037038,0.5556000000000001,0.26789243005541774,0.16068113528642122
0.5528009259259259,0.5534157407407407,-0.000614814814814815,0.5359,0.26302700635847454,0.14935015358747006
0.5681388888888889,0.5534157407407407,0.014723148148148145,0.5359,0.2807192407341899,0.18253973251086114
0.5548981481481481,0.5534157407407407,0.0014824074074074082,0.5359,0.27070857730835624,0.15090756893047266
0.5594361111111111,0.5534157407407407,0.006020370370370371,0.5305500000000001,0.2702024005850641,0.16204461815425633
0.5631361111111111,0.5534157407407407,0.009720370370370369,0.5359499999999999,0.27645491679521494,0.1557694898678599
0.5562175925925926,0.5534157407407407,0.0028018518518518488,0.5305500000000001,0.2685477039815764,0.15982478956978038
0.5558981481481481,0.5534157407407407,0.002482407407407405,0.525,0.2582396923172876,0.14184420690815172
0.5579472222222223,0.5534157407407407,0.00453148148148148,0.5556000000000001,0.2654164364890897,0.14451134977781893
0.5859222222222221,0.5534157407407407,0.03250648148148148,0.5556000000000001,0.26298499631462696,0.16611161503394808
0.5830148148148148,0.5534157407407407,0.029599074074074073,0.57365,0.2636807319024295,0.1666360102309123
0.5570768518518519,0.5534157407407407,0.003661111111111113,0.53335,0.2614886197221633,0.14719602089383463
0.5717537037037036,0.5534157407407407,0.018337962962962966,0.557,0.27766849979885533,0.16410285566355387
0.573087037037037,0.5534157407407407,0.01967129629629629,0.5572999999999999,0.2623262871918986,0.1572171669367322
0.5508851851851851,0.5534157407407407,-0.0025305555555555563,0.53095,0.26748338434371094,0.1467548960850101
0.5764185185185184,0.5534157407407407,0.023002777777777778,0.5556,0.25878475635390347,0.14895493984544916
0.5638175925925926,0.5534157407407407,0.01040185185185185,0.5305500000000001,0.26403356018234014,0.15503483177002242
0.5877527777777778,0.5534157407407407,0.034337037037037034,0.5556000000000001,0.2689161959784155,0.15490126827919545
0.5677148148148148,0.5534157407407407,0.014299074074074072,0.5556000000000001,0.2691550440218338,0.15823638267754028
0.5675583333333333,0.5534157407407407,0.014142592592592589,0.5359,0.2724389291507776,0.1598717676581773
0.5678879629629628,0.5534157407407407,0.014472222222222223,0.55185,0.2686665026884441,0.15629887068751694
0.5581185185185186,0.5534157407407407,0.0047027777777777745,0.5305500000000001,0.26827947248120576,0.16066068467328426
0.5665620370370369,0.5534157407407407,0.013146296296296291,0.5305500000000001,0.27329334782593073,0.167826046693507
0.5724962962962962,0.5534157407407407,0.019080555555555552,0.58755,0.2696976770302261,0.15396965986984623
0.5642888888888888,0.5534157407407407,0.01087314814814815,0.5528,0.2723182646437197,0.15297498519257793
0.575637962962963,0.5534157407407407,0.022222222222222223,0.5556000000000001,0.25624941147599345,0.15948058114779956
0.5560027777777778,0.5534157407407407,0.002587037037037038,0.5385,0.2686998278169291,0.14200983518170518
0.5695805555555554,0.5534157407407407,0.016164814814814816,0.5385,0.26469037720817196,0.14857705783504618
0.5608564814814815,0.5534157407407407,0.007440740740740742,0.54705,0.27285903665231875,0.14372902726293962
0.5461898148148148,0.5534157407407407,-0.007225925925925926,0.51895,0.2676536180235322,0.1508414178541694
0.570499074074074,0.5534157407407407,0.017083333333333332,0.5527500000000001,0.26738432296482706,0.1590261857588534
0.5634555555555555,0.5534157407407407,0.010039814814814814,0.5282,0.26239904345525067,0.15453283469248932
0.558737962962963,0.5534157407407407,0.005322222222222224,0.5359,0.26898885107618925,0.1442938061463895
0.5659981481481482,0.5534157407407407,0.01258240740740741,0.52545,0.2569070419837449,0.1573139612300464
0.5583444444444444,0.5534157407407407,0.004928703703703702,0.54425,0.27406920209855906,0.15657469690359757
0.5764842592592593,0.5534157407407407,0.02306851851851852,0.5359,0.26098931662957636,0.1723844966944198
0.5775361111111111,0.5534157407407407,0.024120370370370372,0.5398,0.2753186264439408,0.1624825447184383
0.56695,0.5534157407407407,0.01353425925925926,0.5359,0.27329939746403686,0.15402137924305234
0.5669916666666667,0.5534157407407407,0.013575925925925927,0.55455,0.263873525753263,0.1418772872896411
0.5717907407407408,0.5534157407407407,0.018375,0.5528,0.2670341220581583,0.14989681193731896
0.5668324074074074,0.5534157407407407,0.013416666666666665,0.5460499999999999,0.2631916546374253,0.15940403992347632
0.5737231481481481,0.5534157407407407,0.02030740740740741,0.5508500000000001,0.2637662904944669,0.1547362106873777
0.5567425925925926,0.5534157407407407,0.0033268518518518495,0.5126499999999999,0.26339322588089586,0.1444263571399816
0.5676972222222222,0.5534157407407407,0.014281481481481484,0.5305500000000001,0.2707501046187985,0.1608350197534514
0.5562231481481482,0.5534157407407407,0.0028074074074074078,0.52655,0.26555850847180973,0.14689833963530075
0.5548324074074074,0.5534157407407407,0.0014166666666666648,0.53095,0.2667133130720159,0.1421937972673506
0.5626305555555554,0.5534157407407407,0.009214814814814811,0.5401,0.26795695199612374,0.15716819956988803
0.5645333333333333,0.5534157407407407,0.011117592592592587,0.55555,0.2636009147233572,0.1442181063908851
0.5536398148148148,0.5534157407407407,0.00022407407407407304,0.52655,0.2681397069041752,0.15423042105728843
0.5575111111111111,0.5534157407407407,0.004095370370370372,0.5359,0.26858343639416027,0.15728293416717332
0.5564407407407407,0.5534157407407407,0.0030250000000000003,0.5305500000000001,0.2704724744704628,0.1504563886419502
0.5582,0.5534157407407407,0.004784259259259259,0.5305500000000001,0.2616901328049581,0.1557816937417669
0.5642018518518518,0.5534157407407407,0.01078611111111111,0.5359,0.26393515487302366,0.14481633127964522
0.5694546296296297,0.5534157407407407,0.016038888888888887,0.5433,0.26114356540812406,0.15708907933829144
0.5531462962962963,0.5534157407407407,-0.00026944444444445176,0.5289,0.2670299151661308,0.1481203554945707
0.5603212962962962,0.5534157407407407,0.006905555555555553,0.5176999999999999,0.26414953852147394,0.14794820186854946
0.5547333333333333,0.5534157407407407,0.0013175925925925913,0.51895,0.25984444376062965,0.1514040153226871
0.5730018518518518,0.5534157407407407,0.019586111111111106,0.5556000000000001,0.2626961454919955,0.15036681159615978
0.5650712962962963,0.5534157407407407,0.011655555555555551,0.54425,0.268940889885695,0.16213774536954756
0.5557907407407408,0.5534157407407407,0.0023749999999999995,0.5305500000000001,0.270778295192044,0.15383837016659405
0.5687731481481483,0.5534157407407407,0.015357407407407406,0.5359,0.26486353940450996,0.14943720226654747
0.5645842592592593,0.5534157407407407,0.011168518518518513,0.5305500000000001,0.2603555531364347,0.16222644877422687
0.5741962962962963,0.5534157407407407,0.020780555555555552,0.5556000000000001,0.26696014296160325,0.1559945676374621
0.5836518518518519,0.5534157407407407,0.030236111111111106,0.5608500000000001,0.2654909166411697,0.1574045786947794
0.5608046296296296,0.5534157407407407,0.007388888888888884,0.5359,0.26278787984123303,0.13867600331016536
0.5681944444444443,0.5534157407407407,0.014778703703703702,0.5546,0.27507611073631844,0.1615192648160433
0.5689361111111111,0.5534157407407407,0.015520370370370372,0.5608500000000001,0.2722744174604489,0.15054007369062045
0.5629888888888889,0.5534157407407407,0.009573148148148145,0.53335,0.2734576456922332,0.16608892540262402
0.5627925925925926,0.5534157407407407,0.009376851851851853,0.5528,0.2631340572676791,0.16023938494387951
0.5627240740740741,0.5534157407407407,0.00930833333333333,0.51945,0.2617609142661532,0.1479666533062575
0.5622462962962962,0.5534157407407407,0.008830555555555553,0.5359,0.2716675773863653,0.1566511944454424
0.5820574074074074,0.5534157407407407,0.028641666666666662,0.54425,0.2703859561288646,0.16190604182211568
0.5601462962962963,0.5534157407407407,0.006730555555555556,0.5359,0.2617338044247967,0.15832412776157706
0.5594666666666666,0.5534157407407407,0.006050925925925931,0.53165,0.2678262520896919,0.15733602263253713
0.5764722222222222,0.5534157407407407,0.023056481481481487,0.5625,0.2627296755198276,0.15702153568182345
0.573725,0.5534157407407407,0.020309259259259256,0.54705,0.2626257929567624,0.15545402153260987
0.5500944444444444,0.5534157407407407,-0.0033212962962963005,0.50505,0.26595264698088095,0.14664619005022883
0.5743564814814816,0.5534157407407407,0.020940740740740742,0.5528,0.26849975626893274,0.15790700151803955
0.5544953703703703,0.5534157407407407,0.001079629629629626,0.51895,0.26915611332988926,0.1498292989822298
0.5582944444444444,0.5534157407407407,0.004878703703703702,0.5359,0.2680311419461543,0.146659036225918
0.5694046296296296,0.5534157407407407,0.015988888888888893,0.5732,0.2662393313677588,0.15136211783835118
0.552212962962963,0.5534157407407407,-0.001202777777777783,0.5282,0.26310769164067516,0.15112479862208905
0.5707527777777778,0.5534157407407407,0.017337037037037033,0.55185,0.27067683267915854,0.15394684517326868
0.5572555555555555,0.5534157407407407,0.0038398148148148146,0.5359,0.26747666762889194,0.1453831367021243
0.5735546296296297,0.5534157407407407,0.020138888888888887,0.54425,0.2783961026637518,0.15692371254094262
0.55525,0.5534157407407407,0.0018342592592592566,0.50505,0.2590662977608512,0.1676451783520177
0.5617203703703703,0.5534157407407407,0.008304629629629625,0.53765,0.2600533862369792,0.14949209861547758
0.5592703703703703,0.5534157407407407,0.005854629629629626,0.5126499999999999,0.26842677981756224,0.16377023589554393
0.5523037037037036,0.5534157407407407,-0.00111203703703704,0.5298,0.26369255459841934,0.15978792996980715
0.5509166666666666,0.5534157407407407,-0.0024990740740740763,0.50505,0.2592713515572396,0.13824358733187947
0.5527685185185184,0.5534157407407407,-0.0006472222222222219,0.5,0.26482716446210164,0.15179929595981032
0.5750824074074075,0.5534157407407407,0.021666666666666664,0.5556000000000001,0.2648053317180373,0.15400259070523858
0.5728324074074074,0.5534157407407407,0.019416666666666662,0.54425,0.26391201975959616,0.15373897012332116
0.556987962962963,0.5534157407407407,0.0035722222222222214,0.53505,0.2698967780251092,0.15769732266694952
0.5726657407407407,0.5534157407407407,0.019250000000000003,0.5556000000000001,0.2772279625287777,0.1639207858042768
0.5709509259259259,0.5534157407407407,0.01753518518518518,0.5460499999999999,0.2653388697374118,0.1569605583618821
0.5766703703703703,0.5534157407407407,0.02325462962962963,0.55185,0.2713092925021043,0.1572814860885307
0.548711111111111,0.5534157407407407,-0.004704629629629631,0.52085,0.25022558246186594,0.1478383655037312
0.5622111111111111,0.5534157407407407,0.008795370370370368,0.51895,0.2696292478149553,0.1524932236179505
0.5619444444444445,0.5534157407407407,0.0085287037037037,0.5359,0.2595758997400504,0.14337291617886208
0.5516194444444444,0.5534157407407407,-0.001796296296296297,0.5305500000000001,0.26610875875765333,0.14580605728602145
0.5724694444444444,0.5534157407407407,0.01905370370370371,0.5359,0.2628332094190539,0.1600401681038705
0.5481194444444445,0.5534157407407407,-0.0052962962962962955,0.5385,0.2588422398535424,0.14326234671453061
0.585362037037037,0.5534157407407407,0.03194629629629629,0.5625,0.2664938871903639,0.16090745783261376
0.5654074074074074,0.5534157407407407,0.011991666666666664,0.5518000000000001,0.260937162451721,0.13744293845729472
0.5612462962962963,0.5534157407407407,0.007830555555555552,0.50505,0.2663964340594902,0.15243270275999346
0.5573870370370371,0.5534157407407407,0.0039712962962962966,0.525,0.26789415719003534,0.15357005223707618
0.566012962962963,0.5534157407407407,0.012597222222222227,0.5359,0.2607771204675807,0.16230209254519268
0.5693527777777777,0.5534157407407407,0.015937037037037038,0.5556,0.26834401670360203,0.1551386938077424
0.5530685185185185,0.5534157407407407,-0.000347222222222222,0.53095,0.27079458733948897,0.14593172226183482
0.5611046296296296,0.5534157407407407,0.007688888888888886,0.5469999999999999,0.2672017269322234,0.1408128527569754
0.5750722222222222,0.5534157407407407,0.021656481481481485,0.53335,0.26697714552097823,0.1710811750668982
0.5637324074074074,0.5534157407407407,0.010316666666666672,0.5359,0.273890381179335,0.1655279446718581
0.5584240740740741,0.5534157407407407,0.005008333333333329,0.5359499999999999,0.25813268698078456,0.15745768879823635
0.5661796296296296,0.5534157407407407,0.012763888888888884,0.5359,0.26138887124565285,0.14400859946955874
0.571012962962963,0.5534157407407407,0.017597222222222222,0.5556000000000001,0.26780556452609194,0.1491764347469151
0.5500398148148148,0.5534157407407407,-0.003375925925925931,0.5,0.2645435409067464,0.14327207948800386
0.5501416666666666,0.5534157407407407,-0.0032740740740740755,0.5122,0.27175745787597977,0.14845664043053006
0.5703416666666666,0.5534157407407407,0.016925925925925924,0.5359,0.263816507360845,0.1571174591096692
0.5895759259259259,0.5534157407407407,0.036160185185185184,0.55905,0.25869499410651564,0.15814814475574798
0.5648694444444444,0.5534157407407407,0.011453703703703704,0.5325500000000001,0.2651259483658375,0.15986756167488766
0.5622861111111112,0.5534157407407407,0.008870370370370367,0.5359,0.27146679680563657,0.1490249143438393
0.5659268518518519,0.5534157407407407,0.01251111111111111,0.53095,0.2613167500404036,0.15021455703898154
0.5437740740740741,0.5534157407407407,-0.009641666666666668,0.50505,0.27471368183094913,0.14694330722215004
0.5715203703703703,0.5534157407407407,0.018104629629629627,0.5556000000000001,0.2616093812656891,0.13756626636613214
0.558587037037037,0.5534157407407407,0.005171296296296293,0.5305500000000001,0.2634112012650306,0.15458442151136978
0.5746101851851853,0.5534157407407407,0.021194444444444446,0.55555,0.27324733650053806,0.15441385998595866
0.5649648148148149,0.5534157407407407,0.011549074074074071,0.55555,0.2696879384974297,0.1556406389854769
0.5489805555555556,0.5534157407407407,-0.004435185185185188,0.53335,0.2653636983879264,0.14677661220582652
0.5624675925925926,0.5534157407407407,0.009051851851851849,0.52545,0.2610350976611625,0.15554974651666392
0.5698925925925925,0.5534157407407407,0.016476851851851854,0.5546,0.2630030807906348,0.1548669049351802
0.5551731481481481,0.5534157407407407,0.0017574074074074091,0.5194,0.2638684175789214,0.1610216112526884
0.5526824074074074,0.5534157407407407,-0.0007333333333333358,0.50505,0.27064984683932525,0.14567557669307446
0.549849074074074,0.5534157407407407,-0.0035666666666666685,0.5215,0.26734761140926144,0.15056981986508985
0.5614490740740741,0.5534157407407407,0.008033333333333335,0.5359,0.25666101557311444,0.1516954142075125
0.5490648148148147,0.5534157407407407,-0.004350925925925926,0.52105,0.26907520343869085,0.15880867257525944
0.5637592592592592,0.5534157407407407,0.010343518518518516,0.5462,0.2657494526724521,0.14272826758849397
0.5561055555555555,0.5534157407407407,0.0026898148148148124,0.5305500000000001,0.2742065691876651,0.14673209227922251
0.5665259259259259,0.5534157407407407,0.013110185185185178,0.54425,0.26753876943975846,0.15042041951002816
0.5668564814814814,0.5534157407407407,0.013440740740740737,0.5433,0.2651580584083882,0.14440838640119755
0.5783537037037038,0.5534157407407407,0.02493796296296297,0.5556000000000001,0.2711057542475895,0.15581806112101584
0.5679037037037037,0.5534157407407407,0.014487962962962961,0.5527500000000001,0.26793310851845087,0.15407996086362735
0.5607712962962963,0.5534157407407407,0.007355555555555556,0.5359,0.2633412476612793,0.15493102555372093
0.5685175925925926,0.5534157407407407,0.01510185185185185,0.54425,0.2665367035897783,0.16607788567021237
0.5824657407407408,0.5534157407407407,0.029049999999999996,0.56945,0.26579143962152296,0.1679541963038577
0.56485,0.5534157407407407,0.01143425925925926,0.54705,0.2607252593078037,0.1503782577506438
0.5731777777777778,0.5534157407407407,0.019762037037037033,0.54705,0.26942521107233214,0.15309456287163967
0.5704148148148148,0.5534157407407407,0.01699907407407407,0.5305500000000001,0.27280901361449034,0.16945132375000785
0.5641777777777778,0.5534157407407407,0.010762037037037034,0.5359499999999999,0.26914348719190534,0.1553950189350688
0.5481361111111112,0.5534157407407407,-0.005279629629629633,0.51895,0.2706610738693314,0.14553089324807006
0.5722314814814815,0.5534157407407407,0.01881574074074074,0.56115,0.2668447928771239,0.1562880285906588
0.57325,0.5534157407407407,0.01983425925925926,0.56115,0.2671101241271378,0.15074128989392865
0.5737444444444444,0.5534157407407407,0.020328703703703703,0.5556000000000001,0.26558228403832884,0.1538725531936781
0.5719138888888889,0.5534157407407407,0.01849814814814815,0.54705,0.27866192140443224,0.1642298036525452
0.5734472222222222,0.5534157407407407,0.02003148148148148,0.557,0.2694942554685157,0.15910008173787862
0.5615703703703703,0.5534157407407407,0.008154629629629628,0.55185,0.26651288101965026,0.14149013068468752
0.5688703703703704,0.5534157407407407,0.015454629629629627,0.54705,0.26920161685203414,0.16357229810496085
0.5646324074074074,0.5534157407407407,0.011216666666666668,0.54705,0.2678811829753651,0.14752006516460134
0.5519425925925926,0.5534157407407407,-0.0014731481481481535,0.5176999999999999,0.265070857817761,0.16211317992074312
0.565174074074074,0.5534157407407407,0.01175833333333333,0.5433,0.26037139231948464,0.14268088969811876
0.5714555555555555,0.5534157407407407,0.01803981481481481,0.5460499999999999,0.2541480289576391,0.15247685281037263
0.5781074074074074,0.5534157407407407,0.024691666666666664,0.5944499999999999,0.2730053683713395,0.1659940591916346
0.5446175925925926,0.5534157407407407,-0.008798148148148149,0.52105,0.2626879552570709,0.14015697206692396
0.5575361111111111,0.5534157407407407,0.004120370370370373,0.5298,0.265660098150289,0.14798419450792918
0.5721037037037037,0.5534157407407407,0.018687962962962962,0.5556000000000001,0.2694233311872295,0.1661833188416703
0.5610379629629629,0.5534157407407407,0.00762222222222222,0.54705,0.267783844241831,0.1452386198564945
0.578925925925926,0.5534157407407407,0.025510185185185188,0.5556000000000001,0.2691807857116308,0.16256886215392372
0.5600879629629629,0.5534157407407407,0.006672222222222218,0.5556,0.2704802380943015,0.14559389290451144
0.5577583333333332,0.5534157407407407,0.004342592592592593,0.5359,0.2605490314324232,0.1465332753532078
0.5776101851851853,0.5534157407407407,0.024194444444444435,0.54735,0.2646209078069296,0.15831613518664528
0.5623268518518518,0.5534157407407407,0.008911111111111113,0.5359,0.2705398609725437,0.1475286598694167
0.5619268518518519,0.5534157407407407,0.00851111111111111,0.5359,0.2699127763599437,0.16057893876945378
0.5772601851851852,0.5534157407407407,0.023844444444444446,0.5714,0.2575642193542305,0.15265732827279996
0.5754870370370371,0.5534157407407407,0.022071296296296294,0.5556000000000001,0.27233633037062266,0.16204996578644507
0.5597518518518518,0.5534157407407407,0.006336111111111111,0.53505,0.2615294999466274,0.15370307669856306
0.5655435185185185,0.5534157407407407,0.012127777777777774,0.54705,0.26375338320836655,0.1515169308779686
0.5574351851851852,0.5534157407407407,0.004019444444444444,0.5359,0.2622206074562633,0.1465758452250124
0.5825962962962963,0.5534157407407407,0.029180555555555557,0.5359,0.263526717128188,0.1587036204725347
0.5636435185185186,0.5534157407407407,0.010227777777777778,0.55185,0.26626257094561706,0.1493170995918739
0.5656592592592593,0.5534157407407407,0.012243518518518522,0.5359,0.27226081401487856,0.16068735434205222
0.563875,0.5534157407407407,0.01045925925925926,0.5556,0.2723088155961938,0.1516710964628723
0.5757166666666668,0.5534157407407407,0.022300925925925922,0.5486,0.26478965854245146,0.15697255578655359
0.5699740740740741,0.5534157407407407,0.016558333333333335,0.5546,0.25593257010990195,0.14746912436231158
0.5597777777777777,0.5534157407407407,0.006362037037037038,0.54705,0.2700882300747704,0.15100862432361528
0.5821240740740741,0.5534157407407407,0.028708333333333332,0.5556000000000001,0.26268437045329335,0.17183906790078132
0.5678694444444444,0.5534157407407407,0.0144537037037037,0.5359,0.2770375370019371,0.17111723664711034
0.5614916666666666,0.5534157407407407,0.008075925925925924,0.5359,0.2722195080888071,0.15538092286610808
0.5664564814814814,0.5534157407407407,0.013040740740740738,0.5359,0.26641558964556844,0.14707874744791663
0.5587509259259259,0.5534157407407407,0.005335185185185183,0.5462,0.2779802263845702,0.163435635571719
0.557562037037037,0.5534157407407407,0.004146296296296297,0.5333,0.25743812602693544,0.1540166415489081
0.5788648148148149,0.5534157407407407,0.02544907407407408,0.5508500000000001,0.271918143714747,0.17000407608932533
0.5539712962962963,0.5534157407407407,0.0005555555555555561,0.5333,0.27014160981846774,0.15662732919009115
0.5585435185185186,0.5534157407407407,0.0051277777777777745,0.5305500000000001,0.27727661793738406,0.15792723027491268
0.5552472222222222,0.5534157407407407,0.0018314814814814786,0.5305500000000001,0.2666348987746133,0.15366187522235342
0.5714083333333334,0.5534157407407407,0.01799259259259259,0.5469999999999999,0.2734097486878807,0.1625032403436547
0.5559074074074074,0.5534157407407407,0.002491666666666661,0.51615,0.2587221606148489,0.14496149931980812
0.5621398148148148,0.5534157407407407,0.00872407407407407,0.54705,0.271608819155336,0.16229839650618993
0.5688805555555556,0.5534157407407407,0.01546481481481481,0.5528,0.2684465130450452,0.15756501955049126
0.5589972222222223,0.5534157407407407,0.005581481481481478,0.5359,0.26581272321690613,0.15080086711626808
0.5596240740740741,0.5534157407407407,0.006208333333333332,0.5359,0.2625486136988909,0.1381314720647194
0.5667166666666666,0.5534157407407407,0.013300925925925926,0.53505,0.25296671256027226,0.14523729117137307
0.550775,0.5534157407407407,-0.002640740740740741,0.5305500000000001,0.2734604713101308,0.15066063680855168
0.5640509259259259,0.5534157407407407,0.01063518518518519,0.55905,0.2691093494506489,0.14504700450815183
0.5713666666666667,0.5534157407407407,0.017950925925925926,0.5462,0.26955338382029626,0.15633641864110603
0.5641009259259259,0.5534157407407407,0.010685185185185183,0.5469999999999999,0.2689957069786922,0.1505664437518451
0.566675,0.5534157407407407,0.013259259259259259,0.5385,0.26542373462422153,0.15596056477177864
0.5577407407407408,0.5534157407407407,0.004325000000000001,0.5359,0.26161022088304237,0.15729502913820506
0.5670064814814815,0.5534157407407407,0.01359074074074074,0.54425,0.2583998434915863,0.14326196939900585
0.5664425925925926,0.5534157407407407,0.013026851851851854,0.5433,0.2720497708050584,0.1483858676587419
0.568111111111111,0.5534157407407407,0.014695370370370366,0.5527500000000001,0.2637043428465619,0.148450605639771
0.559487962962963,0.5534157407407407,0.006072222222222223,0.5305500000000001,0.2664149331076011,0.14618782811965803
0.5645972222222222,0.5534157407407407,0.01118148148148148,0.5359,0.274734943957743,0.16245913829783873
0.5732185185185186,0.5534157407407407,0.019802777777777773,0.54705,0.26000331635129686,0.14843611889995306
0.5587638888888888,0.5534157407407407,0.005348148148148147,0.5298,0.26020656476605664,0.1531562695214755
0.5622046296296296,0.5534157407407407,0.008788888888888888,0.55555,0.26658923437548687,0.14595837732988326
0.5555851851851851,0.5534157407407407,0.002169444444444445,0.50505,0.26312218327209114,0.15226924472593964
0.5669425925925926,0.5534157407407407,0.013526851851851849,0.5556000000000001,0.27057284271642185,0.1543179280482321
0.554188888888889,0.5534157407407407,0.0007731481481481463,0.5198,0.26365510192785135,0.14804964222165198
0.5677064814814815,0.5534157407407407,0.014290740740740741,0.5282,0.2699915922100906,0.16171660717118758
0.5835361111111111,0.5534157407407407,0.030120370370370367,0.5556000000000001,0.2648779163179888,0.16359082461717395
0.567762962962963,0.5534157407407407,0.014347222222222223,0.5359499999999999,0.27379270710869047,0.16241399648396712
0.5523490740740741,0.5534157407407407,-0.0010666666666666685,0.5122,0.262612109213716,0.1543627273300943
0.563037037037037,0.5534157407407407,0.009621296296296291,0.5359,0.27431309473399307,0.15358449593854334
0.5761268518518519,0.5534157407407407,0.02271111111111111,0.5359,0.2563579862666791,0.14438238257749417
0.5566064814814815,0.5534157407407407,0.003190740740740745,0.50505,0.27665477670124633,0.15654213164156616
0.5549203703703703,0.5534157407407407,0.0015046296296296253,0.5305500000000001,0.2636182586812642,0.14886565503632546
0.564748148148148,0.5534157407407407,0.011332407407407399,0.54705,0.27321011683402907,0.16012596024864956
0.5659101851851852,0.5534157407407407,0.012494444444444442,0.5546,0.2766398083070336,0.1530048681855369
0.5455925925925925,0.5534157407407407,-0.007823148148148152,0.50505,0.2737362704118876,0.15544595755708046
0.576049074074074,0.5534157407407407,0.022633333333333335,0.5527500000000001,0.26007617845021,0.1521951311439536
0.5571546296296296,0.5534157407407407,0.003738888888888886,0.51895,0.2651620902212753,0.14812106808273037
0.5677509259259259,0.5534157407407407,0.014335185185185182,0.54705,0.2610721737483271,0.1466735852823935
0.5721888888888889,0.5534157407407407,0.018773148148148146,0.54705,0.26616436188742626,0.16024080512584715
0.5661787037037037,0.5534157407407407,0.01276296296296296,0.5359,0.259169317892033,0.15030350329057263
0.5732499999999999,0.5534157407407407,0.019834259259259256,0.54705,0.26655809610314,0.15800655621203896
0.5694277777777779,0.5534157407407407,0.016012037037037036,0.5359,0.2696822664334094,0.1479968026413861
0.5607657407407407,0.5534157407407407,0.007349999999999999,0.5460499999999999,0.2707025553780962,0.15231437147232477
0.5615444444444444,0.5534157407407407,0.008128703703703699,0.538,0.2602046338253307,0.14671698870912667
0.569412962962963,0.5534157407407407,0.01599722222222222,0.5556000000000001,0.2658583471794154,0.14714823758369497
0.5533268518518517,0.5534157407407407,-8.888888888888732e-05,0.5333000000000001,0.26160481847232947,0.13921951692949158
0.557887962962963,0.5534157407407407,0.00447222222222222,0.5305500000000001,0.2653390737516115,0.14678636063947473
0.556138888888889,0.5534157407407407,0.0027231481481481495,0.52545,0.2724641442013782,0.15960326607957484
0.5612203703703703,0.5534157407407407,0.00780462962962963,0.5508500000000001,0.2601582580033511,0.14775431766815197
0.5758259259259259,0.5534157407407407,0.022410185185185182,0.5325500000000001,0.2791712994950439,0.17012083497744573
0.5615824074074074,0.5534157407407407,0.008166666666666664,0.5305500000000001,0.2637753723735135,0.14483289436353755
0.5586361111111111,0.5534157407407407,0.005220370370370367,0.55185,0.28069504570583464,0.15664045845831073
0.5797685185185185,0.5534157407407407,0.026352777777777777,0.5556000000000001,0.2623892765674653,0.1635452873679007
0.5729175925925926,0.5534157407407407,0.019501851851851854,0.557,0.2518048186531663,0.16234995026694277
0.565999074074074,0.5534157407407407,0.012583333333333334,0.5305500000000001,0.26974508475002507,0.15653466278816844
0.5746185185185185,0.5534157407407407,0.021202777777777775,0.5359,0.26377158454378286,0.1577119961528913
0.5576962962962964,0.5534157407407407,0.004280555555555556,0.5401,0.26347423890314897,0.15764062077813143
0.5826064814814815,0.5534157407407407,0.029190740740740743,0.5566500000000001,0.26344794029811164,0.17001801418411439
0.5696111111111111,0.5534157407407407,0.01619537037037037,0.55555,0.2671576552760292,0.1639846399145326
0.5587629629629629,0.5534157407407407,0.005347222222222221,0.51895,0.2650016609338154,0.15289652933863682
0.5804324074074073,0.5534157407407407,0.027016666666666665,0.56115,0.26966368386916423,0.16663490759713748
0.5604814814814815,0.5534157407407407,0.00706574074074074,0.5305500000000001,0.26358480277130986,0.15498775602049542
0.5679583333333332,0.5534157407407407,0.014542592592592591,0.5194,0.2643246577530399,0.14749671702584624
0.5637064814814814,0.5534157407407407,0.010290740740740743,0.5469999999999999,0.2628517450277625,0.15157891164512607
0.5609240740740741,0.5534157407407407,0.0075083333333333295,0.5359,0.26134647102973363,0.15186617579457015
0.5649814814814815,0.5534157407407407,0.011565740740740738,0.5460499999999999,0.2659076950196852,0.15390532965942735
0.5602314814814814,0.5534157407407407,0.006815740740740743,0.5289,0.25910551837785983,0.14780041870240102
0.5622907407407407,0.5534157407407407,0.008875000000000003,0.52085,0.263367431596267,0.14936895805635494
0.5537435185185186,0.5534157407407407,0.00032777777777777254,0.5298499999999999,0.279138294292946,0.15755975744176884
0.5412092592592592,0.5534157407407407,-0.012206481481481483,0.51895,0.2657282701526593,0.1483554611559482
0.570938888888889,0.5534157407407407,0.01752314814814815,0.56115,0.2667713651748601,0.14720594741545778
0.5554018518518519,0.5534157407407407,0.001986111111111113,0.5460499999999999,0.26076008595343947,0.14197221029794785
0.5535509259259259,0.5534157407407407,0.0001351851851851847,0.5359,0.2666973672537268,0.13726499122446784
0.5605018518518519,0.5534157407407407,0.007086111111111108,0.5359,0.26623699160235637,0.14666293510723122
0.5738175925925926,0.5534157407407407,0.02040185185185185,0.5546,0.26663516073455995,0.16500251597146154
0.5650972222222221,0.5534157407407407,0.01168148148148148,0.5462,0.25721885603266703,0.1535658324221385
0.5678027777777778,0.5534157407407407,0.01438703703703704,0.5359,0.2659611936622858,0.16159187085861532
0.5539703703703704,0.5534157407407407,0.0005546296296296271,0.5359,0.26908023931282393,0.1556378845264274
0.5715046296296296,0.5534157407407407,0.018088888888888884,0.5556000000000001,0.26504298201388926,0.14765254259014074
0.5793314814814815,0.5534157407407407,0.02591574074074074,0.5556000000000001,0.2605711532682421,0.15212519755524354
0.5603972222222222,0.5534157407407407,0.006981481481481484,0.5359,0.2613389296688041,0.15010325178328265
0.5797583333333334,0.5534157407407407,0.026342592592592595,0.5556000000000001,0.28172042784046886,0.16410090479325004
0.5579777777777777,0.5534157407407407,0.0045620370370370355,0.5556000000000001,0.2660287105345219,0.1492473483022427
0.5472648148148147,0.5534157407407407,-0.006150925925925927,0.50505,0.26830244905888095,0.147918950082561
0.5670342592592593,0.5534157407407407,0.013618518518518516,0.54705,0.26248145075967577,0.15028473296469833
0.5697842592592592,0.5534157407407407,0.01636851851851852,0.54705,0.27392568545461854,0.16665381245342495
0.5652537037037038,0.5534157407407407,0.01183796296296296,0.5546,0.2668023089147265,0.15402616886385612
0.5627462962962962,0.5534157407407407,0.00933055555555555,0.51895,0.27225722596279817,0.1639080449168787
0.5697925925925925,0.5534157407407407,0.01637685185185185,0.5385,0.2629214212961607,0.1523917318178553
0.5558388888888889,0.5534157407407407,0.0024231481481481435,0.5359,0.26891798695357866,0.13992408062109998
0.5671425925925926,0.5534157407407407,0.013726851851851848,0.5556000000000001,0.26661643603369445,0.15836131383907393
0.5687555555555556,0.5534157407407407,0.015339814814814818,0.54705,0.279180260105185,0.1618417300829025
0.5623694444444444,0.5534157407407407,0.008953703703703705,0.5359,0.26267879837114216,0.15398188352349798
0.5614,0.5534157407407407,0.00798425925925926,0.5556000000000001,0.2655557132174525,0.1480470127162738
0.5844907407407407,0.5534157407407407,0.031074999999999995,0.5791999999999999,0.263338685139565,0.15617145390249362
0.5800138888888889,0.5534157407407407,0.02659814814814814,0.5608500000000001,0.26828094928492624,0.15645757418515435
0.5835203703703703,0.5534157407407407,0.030104629629629634,0.5556,0.273181334716054,0.16572118877280828
0.5631101851851852,0.5534157407407407,0.009694444444444441,0.5556000000000001,0.2559519175565988,0.14685214245814832
0.5848962962962962,0.5534157407407407,0.03148055555555555,0.57165,0.2636015741468484,0.1678761044366052
0.5750685185185186,0.5534157407407407,0.021652777777777774,0.56385,0.2711639441502695,0.1634920407095997
0.5515888888888889,0.5534157407407407,-0.0018268518518518562,0.5305500000000001,0.26591596252900246,0.14738971521359348
0.5599509259259259,0.5534157407407407,0.006535185185185185,0.55555,0.27381707841009695,0.15277251692632013
0.5606861111111111,0.5534157407407407,0.0072703703703703715,0.5333000000000001,0.2633220935384702,0.1596968250664682
0.5564648148148147,0.5534157407407407,0.0030490740740740743,0.52545,0.2646630202057918,0.15525047804665235
0.5631435185185185,0.5534157407407407,0.009727777777777783,0.54865,0.2675745675693679,0.15523630213824868
0.565749074074074,0.5534157407407407,0.012333333333333332,0.5547500000000001,0.26010160289954065,0.14307178382582222
0.5788972222222223,0.5534157407407407,0.02548148148148148,0.5556000000000001,0.26421570501629643,0.14544810883658765
0.5569064814814815,0.5534157407407407,0.0034907407407407426,0.5305500000000001,0.2704133209795798,0.1517488656670022
0.5784611111111111,0.5534157407407407,0.02504537037037037,0.5556000000000001,0.2592739351087789,0.15767227005634618
0.5686537037037037,0.5534157407407407,0.015237962962962962,0.53095,0.25993795500742883,0.14678814648061186
